0.1828,-0.000562023271802325
0.2561,-0.000516854023119684
0.3584,7.29298221163188e-05
0.3626,0.000730132651018289
0.3797,-0.00113074516789052
0.4068,0.000473946489035981
0.4294,-0.000665820898517022
0.4358,0.000491675535156444
0.5251,0.000551404906962039
0.5414,-0.00128865394125932
0.5715,-0.00117525286888165
0.6041,-0.000845079511741176
0.6234,0.00125489852540006
0.6625,-0.000839552057598669
0.6823,0.000495492757092375
0.6931,-0.00146900163824337
0.7117,-0.000542586752906415
0.7194,-0.00149494432068076
0.7241,-0.00132347368025931
0.7761,0.000969240791455661
0.7868,-0.0095407757361855
0.7956,-0.00145852455548223
0.7971,-0.0039867378254157
0.8107,4.37565962624342e-05
0.8365,-8.79157266243658e-05
0.8383,-0.00184667020318752
0.8913,0.00108025205062356
0.9028,-0.00166770373232694
0.9135,0.00141293106598794
0.9206,0.00108443525695723
0.9209,-0.00197607866205396
0.9391,-0.00191953499764197
0.9474,-0.00137204989303963
0.9483,-0.00207948147817039
0.9594,-0.00120612724650515
0.9641,0.00187922003876095
0.9665,-2.99130002755499e-05
0.9735,-7.18524519255359e-05
0.976,0.000267631499378584
0.9945,-0.00111431964091291
0.9963,0.000778771915186383
1.033,0.00195873629435184
1.053,-0.000989464740423607
1.0585,-0.00070317473455983
1.069,-0.00400696577814608
1.0701,0.000378292665605295
1.0778,0.000695048036231327
1.0872,0.0021728527462852
1.0902,-0.00222736024134229
1.1311,-0.00085024541134926
1.1363,0.00201469616474248
1.138,-0.00253913864146638
1.158,-0.00243003894181637
1.1662,0.00049957340343787
1.172,0.00205655726577803
1.1847,-0.000451582818400853
1.1885,-0.00246549545781538
1.2426,0.00230155457757553
1.245,0.00156522207756726
1.2692,-0.00324301694391593
1.2771,-0.00284980157295478
1.2812,-0.00269784626083558
1.2859,0.00127510560558552
1.307,0.00239918829420072
1.349,0.00191819556646133
1.3576,-0.00331145571143732
1.3626,-0.00155071121884065
1.3628,0.00280560952104669
1.3685,-0.00120149879460962
1.3727,-0.0018547802248321
1.3801,-0.00112606258022252
1.3853,0.00163060948208615
1.3966,-0.000528814587784643
1.4001,0.00280985653400068
1.4078,-0.0011396082896018
1.4091,0.00268291450681701
1.4134,0.00278824237586583
1.4243,-0.000996657634524389
1.4334,0.00272936367830345
1.4341,-0.000796105154918569
1.4374,-0.00346204241339776
1.4385,0.00269547319453567
1.4408,0.0018216639061599
1.4469,-0.000407569164825095
1.4601,-0.003477400592933
1.4822,0.00296571177625538
1.483,0.00159134554278251
1.4871,0.00295052874172863
1.498,0.000281067028212068
1.5063,-0.00300643585539495
1.5076,-0.00312004072445515
1.526,-0.00340745482361915
1.5311,0.00260769925663507
1.5501,-0.00365012727086822
1.5584,-0.00364517955421251
1.5587,-0.00311440408586527
1.5621,0.00278306237060622
1.5699,-0.00237044911856232
1.5783,-0.00341067506408721
1.5851,-0.000177741275400933
1.5884,-0.00177328919940711
1.5918,-0.00382365556467823
1.5968,-0.0018079327167988
1.6075,0.00282645331705433
1.6115,0.0033028687875496
1.6296,0.00185462469112241
1.6352,0.00325696342911663
1.6379,0.00161568132696432
1.6439,-0.00183826787810082
1.6452,0.00330669976863462
1.6473,0.00324859161714564
1.6534,-0.00383545381477868
1.661,-0.00280008335232318
1.67,-0.00370096549753685
1.6831,0.00229167655134965
1.6848,-0.00141109425423624
1.6857,-0.00258933319660293
1.7147,0.00184407441386236
1.7168,-0.0011315568930097
1.7266,-0.00387506671751803
1.7363,-0.00358778738408083
1.7382,-0.00225290796402122
1.7492,0.00160553630917759
1.7503,0.000985686367626526
1.7511,-0.00361275067703604
1.7552,-0.00271689685470999
1.7581,-0.00382451870321621
1.764,0.00362215470416616
1.7663,-0.00396831062219216
1.7834,-0.00374748887704235
1.7913,-0.00403266109149181
1.7942,0.00191682051067077
1.7948,0.00319323421751161
1.7961,0.00370995244634176
1.7962,-0.00374903759110068
1.8021,0.000373334026170014
1.8178,-0.00396684665819347
1.8202,-0.00133135153879582
1.8241,-0.00371961406912935
1.8361,1.20592191121816e-05
1.8372,-0.00400324818923425
1.8439,0.00378665834616987
1.866,-0.00333097186454734
1.8708,0.00357581994752221
1.8757,0.00292354813318951
1.8815,-0.00137885196645193
1.8889,0.00377718267056237
1.8961,-0.0025482698228767
1.9059,0.000504670573394428
1.9149,0.00384129669481448
1.9151,-0.0035144513678258
1.9239,-0.00430047496767805
1.9298,0.000949240146655983
1.9353,0.00265176791941912
1.9385,-0.00138883737570517
1.9402,0.00344825558656869
1.9475,-0.00429368583604961
1.9631,5.88863034773901e-05
1.9722,0.0032113643445526
1.9747,-0.00394364314991957
1.9804,-0.000433031878698698
1.987,0.00352080921567755
1.9921,-0.00412042995582906
1.9939,-0.00626545105843679
1.9954,-0.00439519362633312
1.9963,-0.00492530338164321
2.0024,0.00145018801079599
2.0116,0.00405395294896982
2.0145,-0.00417783281370321
2.0154,-0.000788007645861288
2.0189,-0.00435506612942449
2.0195,-0.00130490027888541
2.0229,-0.00417870008821231
2.0349,0.000185016200230148
2.0412,-0.00182189303351343
2.0483,0.0035780610375058
2.0588,-0.00462883855524332
2.0648,-0.00471266904498213
2.0696,-0.00257729794057493
2.0748,-0.00370502774907733
2.0756,-0.00403484459034242
2.0768,-0.00159140571204519
2.082,0.00406162811235644
2.0948,0.0019204519621483
2.0999,-0.00511385866475411
2.1039,-0.000721726989603599
2.107,0.00347793807447161
2.1176,0.00432286984968044
2.1246,0.0035687190671192
2.1282,-0.00467458082508765
2.1366,0.00383826967574219
2.1374,0.00312100604794985
2.1402,-0.000484490786464065
2.1465,-0.00278178502907833
2.1526,-0.00422541904800333
2.1555,0.000772506670581485
2.1556,-0.00464045743075747
2.1625,0.00114867249446915
2.1637,-0.00409540957606591
2.1648,0.00358831797864223
2.1651,-0.00418571725044847
2.1675,0.00281663054699521
2.1679,-0.00295352624141687
2.1704,-0.000260130051955798
2.1828,0.00289162187588587
2.1875,0.0031975321793225
2.1911,-0.00497833218253252
2.1924,-0.00375180974180989
2.2098,-0.00410604529066161
2.212,-0.00198122693940084
2.2162,0.00306159919217652
2.231,-0.00111969099727016
2.2318,0.00169271631686296
2.2325,0.0013182847333244
2.2435,0.00119018542126881
2.2449,-0.00116855380632908
2.2463,-0.0012559514280146
2.249,-0.00348135666679372
2.2521,-0.00368164874938026
2.2559,-0.00456134516765605
2.2663,0.0018700731255521
2.2665,0.000524331518563237
2.2699,0.00112872482346216
2.2754,-0.00237321768223309
2.2812,-0.000543613114529329
2.2962,-0.00302211602660574
2.3043,0.00207086235751186
2.3166,-0.000192326660874098
2.3204,0.00470524569150133
2.3219,0.00127111264327251
2.3256,0.00418487280739166
2.3482,-0.00521619682401298
2.351,-0.00230915069427828
2.3609,-0.00419163253637844
2.3632,-0.00432280564787346
2.365,-0.00532757749768997
2.365,-0.00395348298387344
2.3724,-0.00483429319841289
2.3801,-0.00412176648436757
2.3846,-0.00205389384816979
2.3883,0.00439276055413318
2.3946,0.00461688327533727
2.4001,-0.0010164141117972
2.4016,0.00187424272661296
2.4092,0.001471145706466
2.417,1.80268733309674e-05
2.4304,-0.000648872780993681
2.4317,-0.00423413144580653
2.4463,0.00207988205033871
2.4496,-0.00369057395425276
2.4536,7.37132675805441e-05
2.4543,-0.00367381181738047
2.4558,-0.00564159415512266
2.4601,0.00487689331265884
2.462,-0.00268128094245812
2.4656,-0.00503759190876796
2.4683,-0.00276662582826281
2.4717,0.000262513407689902
2.4729,-0.00473017712457491
2.4772,-0.000774208672723375
2.4774,-0.00395792495093428
2.4848,-0.00506536432541038
2.4859,-0.00509990690051287
2.5039,-0.0049786069794644
2.5059,-0.00534776172883022
2.5088,0.00454498290858441
2.5198,0.00410530015469224
2.5282,-0.00527404157871825
2.5316,-0.00529181694946868
2.5333,0.00325686994841146
2.5343,0.00513446354311142
2.5497,0.00457658379763881
2.5507,0.00518991597089569
2.5553,0.00501073600000224
2.5558,-0.00380483076794036
2.5614,0.00274950340857449
2.5684,-0.00300004664017317
2.569,0.00404887412281418
2.5813,0.00525093034350688
2.5918,-0.00523024824102825
2.5972,-0.000429893904027701
2.6008,0.00484526789325201
2.6043,0.00476269204182467
2.605,-0.00537567609064693
2.6103,-0.00595764253097997
2.612,-0.00503459558727215
2.6297,-0.00208207372446401
2.6339,0.00546502562357887
2.6391,-0.00146235277802065
2.6448,0.00449018655902123
2.6458,0.00457207049905684
2.6507,-0.00483764283964749
2.6519,-0.00419394650174354
2.6529,-0.00363073403364034
2.6573,-0.00544700810525978
2.6579,-0.00520969210699862
2.6602,-0.00591368931859337
2.6742,-0.00113937829388178
2.6783,0.00160581988352471
2.6787,0.00554777711372578
2.6799,0.00100621768056453
2.6823,-0.00402166497428302
2.683,-0.00358916525712605
2.7011,0.00553088584627748
2.7058,-0.00610046429812616
2.7165,-0.00121310041121836
2.7175,-0.00381372533731028
2.7217,0.00504176546798929
2.7234,0.00213515671068309
2.728,0.00566017511511685
2.7287,0.00132773717185364
2.7316,-0.000388555589708517
2.7338,0.00431180755990423
2.7386,-0.00390535795334346
2.7418,0.00525046521780803
2.7433,0.00217761246451875
2.7492,0.00441760317260353
2.7513,-0.00446477970126269
2.754,-0.00537918146939775
2.7548,-0.00432970426313872
2.7557,0.00520820394095889
2.7596,-0.00587398633907643
2.7597,-0.00191006281529615
2.7603,0.000422835282284595
2.7663,-0.00532717158744811
2.769,-0.00506723571018952
2.7699,0.00552153459023863
2.7706,0.00557529580576821
2.7744,-0.00557319354838892
2.7813,-0.00534720464825122
2.7828,-0.00542325352229556
2.7837,0.00167210290823094
2.7854,0.00556130629632667
2.7894,-0.00339880271770587
2.7907,-0.00640554269567017
2.7931,0.00484463879257158
2.7979,-0.00382379609207195
2.7994,-0.0035583687326306
2.8048,0.00428200179211169
2.8124,0.00569264359671795
2.8162,-0.00378487247855563
2.8188,0.00214037406421852
2.8258,0.00132567919246851
2.8267,-0.00645731169560149
2.8287,0.00148591063542725
2.8301,-0.00410858046016882
2.837,0.00585209403446063
2.8413,-0.00581378140994682
2.842,-0.0059639994184626
2.8558,0.00567845875951001
2.861,0.00597934551686397
2.8611,0.00587199616696354
2.8645,-0.00119791122793655
2.8707,-0.00662660177086583
2.8714,-0.00463920186978806
2.872,-0.00323695906283072
2.876,-0.00211180645998654
2.8799,0.00410205274310638
2.8871,0.0034502826590006
2.8974,-0.00666892735669711
2.9044,-0.00447526275330201
2.9066,-0.00100532632688166
2.9074,-0.00443833311304465
2.9082,-0.00592134187920079
2.9116,-0.00105010709584041
2.9161,-0.000985668832920172
2.9184,0.00566029311946936
2.9316,0.0011366548361833
2.9342,-0.00605528142625422
2.9346,-0.00315214012755627
2.9418,0.0059613935306233
2.9424,0.000206669859088571
2.9535,0.000105752094642142
2.9536,0.000329890669567234
2.9538,0.00504491345375424
2.9668,0.0050297143834972
2.9755,-0.00684794036207848
2.9836,-0.0061892334333109
2.9842,-0.00649506561415292
2.985,-0.0052368055650911
2.9877,0.00603651580375519
2.9906,0.004382045362473
2.9933,-0.000744906591573891
3.0009,0.00377559910192282
3.0032,0.006085310299345
3.0069,0.000544076529033433
3.0082,0.00622321878039056
3.0093,-0.00285984791021088
3.0206,-0.000822947528094087
3.0244,-0.00575276380074818
3.0271,-0.000596726934912528
3.0301,-0.00598711171304034
3.0382,-0.00612853405098113
3.0442,-0.00439596938017806
3.054,-0.00625079410524076
3.0584,0.00633101130078195
3.0603,0.00523850625474465
3.0618,-0.00453190226330058
3.0849,4.46539128264867e-05
3.0885,0.00629507022973153
3.0953,0.00598719977614026
3.1028,-0.00417526783722355
3.1041,-0.00513666351811404
3.1042,0.00555290194114066
3.1053,-0.000166338709790548
3.1089,0.00196058747019157
3.1092,0.00639953158576612
3.1209,-0.00657817791324256
3.1236,0.00476715024351693
3.1328,-0.0060045857631672
3.1344,0.00392732916896676
3.1395,0.00651128079446739
3.1439,0.00653078819352571
3.1521,-0.00671917271611022
3.1652,-0.00637977802734735
3.1669,-0.00254654298743739
3.1688,0.00211784021252726
3.1703,-0.00561439280810205
3.1709,-0.000609104182880404
3.1747,0.00291195690138712
3.1808,-0.000962692403169374
3.1855,-0.000454790149880591
3.1882,-0.00555943014441995
3.1917,-0.00660257182855828
3.1945,0.000353095180359642
3.1955,-0.00243729285406324
3.2019,4.85437515798104e-05
3.2028,-0.00639907182684718
3.2049,0.000631900868690138
3.2062,0.00636917100363155
3.2107,-0.00445098593458582
3.2178,-0.00266507737700739
3.2231,-0.00647567840831753
3.2272,-0.00104172665480196
3.2351,0.000489292971947553
3.2394,0.000440002162873654
3.2423,0.00103811627017292
3.2427,0.0045810462679059
3.2428,-0.00698347720707737
3.2531,-0.00770007268509509
3.258,0.00645957571760114
3.259,0.00658977911257796
3.2616,-0.00245081816179482
3.2629,-0.00554954670714425
3.2641,0.00656809269852099
3.2644,0.00322798283661951
3.2749,-0.00364245194336643
3.2753,-0.00758778956562756
3.2755,-0.0064104955286779
3.2816,-0.00170733765285691
3.282,0.000679012251024513
3.2939,0.00683534499347926
3.2972,-0.00534563632806773
3.2998,-0.00199338534813442
3.3013,-0.00772207636038091
3.3029,-0.00188652739991069
3.3034,-0.00713787136084276
3.3148,0.00533735644407329
3.3198,0.00419745901170288
3.3244,0.00622755189729673
3.3294,0.00659243242557084
3.3328,0.00526129529490538
3.3356,0.00409130147145609
3.362,-0.0076500129874586
3.3685,-0.00290904522718494
3.3693,-0.00724764292731006
3.3703,0.00272044371567226
3.3822,0.00637877031416023
3.3861,-0.00618728275049429
3.3895,0.00599132123901391
3.3944,-0.00687331032667515
3.3988,-0.00268963052881643
3.4006,0.00219412618516701
3.4038,-0.00141054697620158
3.4048,0.00179951855419391
3.4066,0.00190079826675671
3.4086,0.00511219995262557
3.4092,0.00598028082792057
3.4147,-0.00261653785008997
3.4149,-0.00696142854067627
3.4194,-0.00696533100924013
3.4196,-0.00224269266106214
3.4221,-0.00137221305804536
3.4342,0.00619521569296655
3.4346,-0.00820891906298549
3.4384,0.00556234189829796
3.4385,0.000379620492549027
3.4396,-0.00765320489347587
3.4405,0.00592409520808079
3.4454,0.00713471615471484
3.447,-0.00267223254300619
3.4485,-0.00217145266446606
3.4502,-0.00345578382746448
3.4587,0.00642939028775258
3.4628,0.0070653780480483
3.47,0.00484624830354186
3.471,0.00693028362689008
3.483,-0.00827849873317854
3.4831,0.00689961174073472
3.487,-0.00499521652026091
3.49,0.00349351145729493
3.4906,-0.00554090558610998
3.498,-0.00642173654122402
3.5001,-0.00832294066426176
3.5076,-0.000235928984698042
3.5077,-0.00842162070891561
3.5104,-0.00861031829902581
3.5105,0.00454362060230951
3.5164,-0.0018913039818651
3.5202,-0.00324498398106243
3.5231,-0.00284425244418385
3.5339,0.0072366005670701
3.5351,0.00709329751815568
3.5364,-0.00694674600144429
3.5381,0.00148092542933265
3.5423,-0.00359404593293355
3.5449,0.00443606586799561
3.5477,0.00187755413446
3.5527,-0.00116780138226824
3.5539,-0.00366222442366837
3.5676,-0.0065854088088515
3.5726,0.00739096671933837
3.5756,0.00610023404378968
3.5802,0.00515107932278402
3.5855,0.00209667462104379
3.59,0.00646924343602517
3.5942,-0.00728024388978632
3.5946,0.00398211287974881
3.5969,0.00730714495333373
3.6023,0.00685350298813958
3.6042,0.00537080392821165
3.6063,-0.00713401159012195
3.6081,-0.0086095584364001
3.6106,-0.0063128962415262
3.6189,0.00290787347271593
3.6239,0.00668748985767564
3.6243,-0.00713574828706198
3.6258,0.00218927546435221
3.6283,0.00543535266537276
3.6314,-0.0073814230217728
3.6327,-0.00331608267419004
3.6368,0.00204575072663271
3.6421,-0.00695433567766113
3.647,-0.00268204505345215
3.6492,-0.0055898138687871
3.6527,-0.00124626515237924
3.6532,0.00422596403203057
3.6556,-0.00793605557701715
3.6627,-0.00710234782832675
3.6689,-0.00543814644110441
3.677,0.00752690802986988
3.6778,-0.0071732244653484
3.681,0.00274982969745974
3.6873,-0.00379669307009456
3.6909,0.00392420105922442
3.6911,-0.0030307571341619
3.6928,-0.00482656329785325
3.6941,-0.00218835339340862
3.6957,0.00114203280240055
3.6973,0.00671211320126597
3.6996,0.00571412690598327
3.7084,0.0074487515358368
3.7119,-0.00746837171274439
3.7171,-0.00633355077031572
3.7193,-0.00609415715312833
3.7203,-0.00904663844428644
3.7224,-0.00560077301828921
3.7229,0.00709754835500265
3.7296,-0.00364759989527785
3.7306,0.000148894324401905
3.7329,0.00197501320108939
3.7372,0.00774411694404131
3.7375,-0.00652458749768581
3.7394,0.00776849742180818
3.7452,-0.00574272509635865
3.7458,-0.00284119749709344
3.7477,-0.000510957713539373
3.7566,0.00470579261648219
3.7738,0.00610287756075056
3.7835,0.000823599016864129
3.7861,0.00680366584194658
3.7914,0.00743965902658639
3.8021,0.000744316048947091
3.8179,-0.00437672571990966
3.8185,-0.00939857044143988
3.8255,0.00607427843747788
3.831,-0.00670711276843461
3.832,0.00409490068092522
3.8328,-0.0117242286244177
3.8355,0.00666066341206095
3.8367,0.00569217867247529
3.8377,0.00742476202070419
3.8427,-0.00596941154452191
3.8484,-0.00807697324111878
3.8509,0.00371385420444925
3.8517,0.00792352144404163
3.8519,-0.00777439649804101
3.8566,0.00743784555008631
3.8578,-0.00952392074414421
3.8588,0.0069951460685469
3.8674,0.00784553399377153
3.8675,0.00777180044041348
3.8743,0.00768065641039639
3.8772,0.00258916776882456
3.8775,0.00594826913774682
3.8789,0.00170231858296832
3.8959,-0.00295085456074995
3.8976,-0.00198961454517876
3.8986,-0.00618740331896817
3.8994,0.00632625485880345
3.8996,0.000587517025386841
3.9076,0.00671958403975381
3.9142,-0.00527906817627599
3.9244,-0.00585880456563581
3.9257,-0.00613261647437335
3.9267,0.00652974735329614
3.9274,-0.00605630155386061
3.9275,0.00106551189923909
3.9311,0.00813600185663343
3.9358,-0.00193371433217226
3.9437,-0.00754980142446682
3.9463,0.00751540559346386
3.9541,0.000825228500219488
3.9541,-0.00744578298141541
3.9549,-0.00977923037018025
3.9582,0.0045313899271453
3.959,-0.00518731924307536
3.9597,0.00566925690991837
3.9621,0.00571142861479368
3.9634,-0.00765629059527484
3.9639,0.00223666422934699
3.9691,-0.00737775484431991
3.9718,0.00492739951443699
3.9732,-0.00336669757649544
3.9764,0.000441289156143831
3.9811,-0.00725489047074168
3.9815,0.0017628146237465
3.9825,-0.00822657665669269
3.987,-0.00720478414249737
3.99,0.00343760436889751
3.9912,-0.00703683650845921
4.0015,0.00766589549179475
4.0044,-0.00768771071313701
4.0063,0.00784576839342499
4.0075,-0.00976408439918686
4.0091,-0.00436789277714134
4.0285,-0.00826847638951822
4.0329,0.00709186000774675
4.0388,0.00773449145913307
4.0434,-0.00842268692972414
4.0441,-0.00580202824266962
4.0486,-0.0040801209628416
4.0487,-0.00847632115839048
4.0492,-0.00439360156807389
4.0522,-0.00793325396810385
4.053,0.0071197715771012
4.0545,-0.00710819315424427
4.0553,-0.00892882339160295
4.0554,-0.00360490495773469
4.0554,0.00110167701091868
4.0561,-0.00523785762539219
4.0587,-0.00662875755394943
4.0678,4.97909576813171e-05
4.0711,-0.00799005461306201
4.0768,0.00516402332330479
4.0786,0.000991679414386937
4.0823,-0.0102573746614576
4.0845,0.00808060495494978
4.0871,0.0067021921442203
4.0908,0.00634794080207524
4.0915,-0.00438597918278294
4.0951,-0.00962273973973016
4.0961,0.00848401276353616
4.0984,-0.00482378247156134
4.1091,-0.00051303390566293
4.1166,-0.00439048578120005
4.1186,-0.000107942678618578
4.119,0.00275651678051947
4.1213,0.00589391897899105
4.1239,-0.00815457963837574
4.1245,-0.01037410905165
4.1245,-0.00568147787426732
4.1249,-0.00186234278871655
4.1347,0.00757396887251804
4.135,-0.00731758829611096
4.1397,0.00779109212672413
4.1453,-0.00789668461156356
4.1462,-0.0107225243333344
4.1475,-0.0118902932320264
4.1478,-0.00618030712044426
4.1513,-0.0136022403748592
4.1581,0.00848798500007852
4.1587,0.000632650405913537
4.1602,-0.0123164583829336
4.1606,0.00848369126556392
4.1607,0.00854052431574459
4.1646,-0.0061135944809525
4.1744,-0.00762583698495334
4.1844,0.00559127713817986
4.1873,-0.00572934917663215
4.1885,-0.0105256542116106
4.1891,-0.00816580764947972
4.1934,0.00833999602001878
4.1939,0.00824957589028674
4.1993,-0.00885662812576182
4.2003,-0.00775446443189587
4.2021,0.00641696509416256
4.2033,-0.000274539458405165
4.2048,0.00851030419368648
4.2181,0.006167626060126
4.2231,0.00826882015609431
4.2238,0.000734434376343351
4.2242,-0.00174170706220433
4.2258,-0.00974947804819237
4.2284,-0.01133712365887
4.2318,-0.00641262488746452
4.2329,0.00164153173483683
4.2348,-0.00816567879808527
4.2395,-0.0034812189399398
4.2409,0.0015190580323825
4.242,0.00552327353677029
4.2422,0.00831512294230841
4.2441,-0.0114174872959509
4.2482,-0.00875904953843865
4.251,-0.00332358136985
4.2519,0.00862816700536317
4.2523,-0.00702852047481528
4.2566,-0.0142464187376383
4.2614,-1.70586908403436e-05
4.2652,-0.00356847514804226
4.2673,-0.00868466191619355
4.2681,0.00601630594078184
4.2683,0.00385218186445968
4.2692,0.00871918125245319
4.2713,0.00179751766093794
4.2764,0.00835768901436129
4.2831,0.00739577649352174
4.2831,-0.00556479466566895
4.2901,-0.00704162915660067
4.2902,0.00658630863252085
4.2911,0.00823263957305631
4.2936,-0.0091018448025828
4.2954,0.00217340311005643
4.2987,-0.00721800275568896
4.3002,-0.00913299783284227
4.3022,0.0050044990923368
4.3033,-0.000358431234643852
4.3043,-0.00433504739497348
4.3103,-0.0128298995959817
4.315,-0.00783754867007325
4.3203,-0.00527829729285667
4.3227,-0.00746109785418714
4.3304,-0.00902943305075876
4.3307,0.00852375204674161
4.3364,-0.0166985426022324
4.3373,0.0079327131157676
4.3478,0.00737094774077818
4.3489,-0.00708481698809127
4.3545,0.00844465445796327
4.3553,-0.00960444019016204
4.3574,0.00186834698268701
4.366,0.00718234741636525
4.3673,0.00838927596915973
4.3696,-0.00303991834613537
4.3714,-0.00827382590047243
4.3736,0.00328306065206529
4.3754,-0.00346635522533667
4.3759,0.00624434009280428
4.3851,0.00915839201643998
4.3861,-0.00702456237131432
4.391,-0.0094625216769062
4.3957,-0.0063705244998582
4.4017,-0.0126766554786881
4.4024,-0.00450029902769256
4.4047,0.00459671565138109
4.4056,-0.00788266672993831
4.4084,0.00258896331381653
4.4085,0.00903484214275885
4.4091,0.00903654707064572
4.4146,-0.00195984311903352
4.4208,0.00419105634568684
4.422,-0.0190811812162277
4.422,0.00913159056008261
4.424,-0.0155637294437785
4.4254,0.00911110897590373
4.4258,-0.00286281067572958
4.4262,0.0090018653130004
4.4295,-0.007235168835793
4.4317,0.00824815585702066
4.4324,0.00664127049314445
4.4414,-0.000685107343018743
4.4468,-0.0142081932672387
4.4502,3.05898863919296e-05
4.4514,-0.0136526868330966
4.4523,0.00563979145503257
4.4573,0.00925859546497687
4.4637,0.00461154417227494
4.4651,-0.0165276633955305
4.471,-0.00918870978125419
4.4842,0.00232634992219438
4.4892,-0.01763840320117
4.4895,0.00854053904301466
4.4924,0.000517118922703119
4.4925,-0.0052745618470329
4.4928,-0.00869572575598365
4.4933,-0.00639301492005639
4.4958,-0.00976955130205592
4.4966,-0.00519805154908859
4.4972,0.000714270013312479
4.498,0.00181465219223309
4.499,-0.0183604297295172
4.5,0.00211287337617083
4.5085,0.00315050196494582
4.509,-0.0151287515837124
4.5096,0.00908265635116301
4.5102,-0.00732625877905857
4.5114,-0.00215804337523107
4.5147,-0.00443989302664161
4.5153,-0.0101485861923187
4.5195,-0.0101768138567468
4.5301,0.00745575675912313
4.5333,-0.00683872244737227
4.5349,0.00150005998489533
4.5367,0.00942160324787089
4.5414,-0.00566185093596694
4.5416,0.00892263411465422
4.5427,0.00410050698707298
4.5456,0.00327326799563998
4.5503,0.00279472192818186
4.5508,0.00939213595723043
4.5509,-0.018910854485183
4.5524,0.00274634865886902
4.5525,0.00842368312377939
4.5624,-0.00886233394736724
4.5811,-0.00960833689103069
4.5851,0.00800599212574404
4.5887,-0.00914729379672252
4.5911,0.00216261413006613
4.5938,-0.0104043683434609
4.5948,0.0085702625112809
4.6011,-0.00390640902481376
4.6045,-0.01432564597589
4.608,-0.0124511398504081
4.6081,0.00822741912957348
4.6089,0.00159439832499242
4.6099,-0.0146527721082856
4.6124,0.00686253633394251
4.6126,0.00824823856329537
4.6134,-0.0208891758380938
4.614,0.00537554323126255
4.6148,-0.0131943370345908
4.6161,0.00952140572518356
4.6169,-0.00383631961526731
4.6228,0.00861709914887143
4.625,-0.00958058183981336
4.6254,0.00302987476987404
4.6314,0.00833722333639297
4.6338,-0.00799410281952539
4.6444,-0.015314805036744
4.6492,-0.00525972442696343
4.6517,-0.0100466264841241
4.652,-0.00683340847726566
4.6533,0.00953969796471021
4.6572,-0.0168814404829751
4.6621,0.00489642499032783
4.6629,-0.0138666950911803
4.6659,-3.71877886582439e-05
4.6671,0.00908429239955577
4.6689,0.00709033461516917
4.6689,-0.0097710370844668
4.6701,0.00820278690985976
4.6731,-0.00844708052035514
4.681,-0.000479237277115629
4.6828,0.00949200381013515
4.6841,-0.0155429956212325
4.6845,-0.00977493136959495
4.6853,-0.00971279442959716
4.6893,0.00864278845322808
4.6903,0.00971045610741861
4.6907,-0.0214807932314383
4.6912,0.000562625065342104
4.6915,-0.0100486350567799
4.6917,0.00316661480867442
4.692,-0.0131990052795103
4.6931,-0.0099147238146422
4.6941,-0.00272508738100274
4.6962,0.00903850449734644
4.701,0.00253888955076409
4.7037,-0.0134772412681725
4.7077,0.0078954373452147
4.7087,-0.0110257023766724
4.7092,-0.00338341946509413
4.7102,0.00959384880002112
4.7132,-0.00800045861711585
4.7153,0.00920992993883374
4.7154,-0.0195877103251156
4.7157,-0.00986385298483849
4.7172,-0.0078681379013954
4.7191,-0.0131771015422508
4.7248,-0.00685269591291959
4.7261,0.00882584730146174
4.7271,-0.000657776454032977
4.7293,0.00804880717028134
4.7298,-0.018781796659157
4.7307,-0.0128694495147039
4.7341,0.00065548487247824
4.7342,-0.00769755494456881
4.7348,0.00972618161038863
4.7371,-0.00926749727938336
4.7383,0.00452467071782792
4.7417,-0.00917998445723445
4.7447,-0.00249967346701574
4.7464,0.00823295866961971
4.7471,-0.0108212190682346
4.7475,-0.0101145978490944
4.7513,-0.01457099041688
4.7542,-0.0231665833296466
4.7556,0.00639121220404615
4.757,-0.0139022773311979
4.7574,-0.0036324075708043
4.7584,0.00962061448040785
4.7597,0.0013670498175502
4.7609,-0.0113574683163433
4.763,-0.00236563745102281
4.7651,-0.0104465569202468
4.767,0.000706538189771955
4.7697,-0.00623195240299523
4.7757,-0.0197153367864376
4.7818,-0.00157386736655063
4.7823,0.00909419138851941
4.7866,-0.00853046158533122
4.7883,0.00780617213900481
4.7966,0.00656491935989933
4.7973,-0.00657046718110799
4.8016,-0.00895114096193783
4.8018,-0.00522659855132357
4.8034,-0.00828918074762086
4.8048,-0.0203868313967783
4.8055,0.00629811136783864
4.8065,-0.0199231291254796
4.8119,-0.00705782150159706
4.8165,-0.00610657781061263
4.8202,0.00979651015700256
4.8248,0.0061644879512297
4.8272,-0.00310932962247268
4.8331,-0.0236673827028744
4.8421,0.000793541210898141
4.8474,0.009943924688252
4.848,0.00957571103085986
4.8524,-0.00373680230932383
4.8534,-0.0166175755632123
4.8601,0.00963961958716109
4.8619,-0.00103516708623275
4.8623,-0.00465661933071448
4.8635,0.0100300488638636
4.8639,-0.0208046706211817
4.8657,-0.00445382906833292
4.866,-0.0185054055429905
4.8693,0.00883813921189258
4.8706,-0.00531404670654378
4.8771,0.00214750681859766
4.8776,-0.0250445981730651
4.8789,-0.0156885179054598
4.8796,-0.0214259878061949
4.8801,-0.025351773992794
4.8972,-0.0180672590387232
4.9,-0.0101480117223396
4.9023,-0.00491710887764363
4.9024,-0.0106399429747439
4.9089,-0.00819065942248187
4.9101,0.00911392992373816
4.9104,0.00937267589793578
4.9112,0.00945934923536473
4.9113,-0.013232650727006
4.9149,0.0100597475432549
4.9157,0.000243394254279217
4.9181,-0.0165704187834974
4.9195,0.00969170550272391
4.9203,0.00661214416077627
4.9215,0.00642869588866812
4.9228,-0.0121616211228339
4.9233,-0.00753041516458453
4.9261,0.00259676238325124
4.9297,-0.00364262586700193
4.9363,0.00967317724927863
4.9395,0.00585327637110833
4.9416,0.00739869831491813
4.9418,-0.0172143392259452
4.9422,-0.00607991334170332
4.943,0.00939585409118582
4.9477,-0.00869830598948873
4.9602,0.000150215202809001
4.9606,-0.0061472462784975
4.9634,-0.00946288779069793
4.9662,0.00571166060972583
4.9724,0.0101389694838003
4.9744,0.00854360027056433
4.9745,-0.00981541625938398
4.9821,-0.00859777563553887
4.9822,0.00873865329102319
4.9923,-0.00582084843316188
4.9962,0.00993670325861284
5.3001,-0.035150096053342
5.7459,0.00691920902542265
5.8172,-0.00160014210418691
5.986,0.0080021190480668
5.9924,-0.00938816420443889
6.3631,0.00624319930308292
6.5518,0.012648585979
7.02,-0.00879286356597131
7.3175,0.00288632881445938
7.4636,-0.0106183075263715
7.525,0.015390929207812
7.6828,-0.00589857566697916
7.862,0.0146743830130793
8.4107,-0.0175554605836084
9.302,-0.0108572923177981
9.6479,-0.0202681554140351
9.6505,-0.0146278982991959
9.7934,0.000333878373456997
9.8987,0.0133976016855577
10.1355,-0.0196866347283944
10.7672,-0.0188048769533662
10.7762,-0.0228049344535268
11.0187,0.00692890692536707
11.1422,0.00712786070949001
11.4459,0.021956821493589
11.4993,-0.000579882369903473
11.6866,0.0092502965577701
11.7303,-0.0168965740535469
11.7462,-0.0248021356800656
11.9645,-0.0253740486910274
12.286,-0.00198986164295079
12.3746,-0.0265084704121819
12.3949,0.0248977840480773
12.5677,0.0049561128197535
13.0247,-0.0171132984141416
13.2861,0.0156237491265525
13.3598,-0.00818765564530999
13.5511,0.0277955195023534
13.5713,-0.0251170672999681
14.2677,-0.0281498383500089
14.3802,-0.021455733667862
14.4218,0.0151079118421862
14.6395,0.0276810189825341
14.8377,-0.02267438040003
14.9234,0.0210709500100084
15.1053,-0.000310079019060439
15.1417,0.000970809716573484
15.3132,0.0269484811986
16.1257,0.0105896963063081
16.1739,0.0256031976766984
16.2632,0.00767412450969474
16.3361,0.0125423189485829
16.4494,0.0272704127896226
16.5115,0.0170527010381569
16.5851,0.0150369649513422
16.6529,-0.0374214207929171
16.8528,0.0241026226711583
16.9082,-0.00747907979242157
16.9907,0.00799303245598892
17.4316,0.0188407612361132
17.5187,-0.0369266959799219
17.76,0.0100968447649556
17.7706,0.0177698346092541
18.051,0.0073334173470414
18.1164,-0.0233670923498579
18.1371,0.0250729246889279
18.624,-0.00333745296974897
18.8024,-0.0329325317484219
18.8478,-0.0376460294541694
18.9377,-0.00107350857968669
18.9861,-0.0314274874360194
19.0924,-0.0230570771703782
19.0969,0.0380116956502974
19.1016,0.0159291245351767
19.5439,-0.022512966987108
19.6236,0.0155862826742386
19.6656,0.0254300778459289
19.8368,-0.0400407492847101
20.1627,-0.0191092059213638
20.2117,0.0306281479443342
20.268,0.0169793488514891
20.2865,-0.0222363805130747
20.3189,0.0357707250503445
20.382,-0.0408093445102864
20.8619,-0.0472864868118705
21.0261,0.0131650707288138
21.2058,-0.030331112619038
21.443,-0.0425339753200547
21.5452,-0.0167396198153043
21.6407,0.0092895389453922
21.9568,0.0152501220296806
21.9644,0.0229711108371937
22.2996,-0.0512753914818838
22.3695,0.00234975505804513
22.4376,0.0274444128360791
22.46,0.0434863955024305
22.5194,-0.0133454120332637
22.7494,-0.0251855033313397
22.8443,-0.056059806230607
22.8565,0.0313473188628457
22.875,-0.00176858900468702
22.9102,0.0302419860395524
23.0298,0.0295406203202759
23.377,-0.0159563795019899
23.4534,0.0128743258382435
23.4662,0.025622091078322
23.7624,-0.0165599453965513
23.8533,-0.0524932238591198
23.9658,0.0487794081692279
23.9779,-0.0489420398497238
23.979,-0.0538752768261297
24.0865,-0.0503158874523741
24.439,0.0138298955437719
24.4457,0.026114847159409
24.5259,-0.00688764694634258
24.6417,0.0502321662698719
24.6607,-0.0578252839413835
24.7369,-0.0110078766322026
24.8423,0.0439273798923097
24.8666,-0.0594826263523522
25.0809,0.0497596019694271
25.124,0.00656435442962788
25.1556,0.00466825332960497
25.2513,0.0303507727344794
25.4238,-0.0234068760079715
25.4869,-0.0580379954753738
25.565,0.037966725221974
25.6004,-0.0582423602443249
25.7843,-0.0236281119252837
26.1442,0.048670311558503
26.1687,0.0412975039014221
26.487,-0.0637831256074968
26.553,0.0114297645742667
26.6164,-0.0606872467834805
26.6773,-0.0165282331253032
26.7249,0.0545130319429035
26.8488,0.0310510581247563
26.8666,0.0410071346958354
26.9064,-0.0579836912261413
27.111,0.0178028727089909
27.1184,-0.0500026931185609
27.2067,-0.0595386116498453
27.2216,0.0538484067822473
27.3474,0.0475794250631729
27.5442,0.020191445240247
27.9735,0.0208054041433634
27.9959,-0.0330792193150415
28.1014,0.0283098583782113
28.1373,-0.0693961038753663
28.2025,-0.0471597756070956
28.2943,0.0499337412751721
28.3017,0.0144575220999741
28.3664,-0.0612582481086008
28.3795,-0.0454862162018657
28.4141,-0.0279377248471384
28.5307,-0.0350666315827937
28.8263,0.0592626935010294
28.8465,0.0296787946847559
28.9885,0.0593516644495828
29.1064,-0.0649904662266714
29.1224,-0.0327311834494814
29.5107,0.0575557870324594
29.5614,-0.0568746590081624
29.6027,0.0554952349913442
29.6571,0.0042631031867586
29.7166,0.0478507389218024
29.7743,0.0565685451443336
29.8219,-0.0295013328206153
29.8861,0.047329011595469
29.9498,-0.0213966770294967
30.1686,-0.0581481880597714
30.2219,-0.019124092277238
30.2305,0.0579442262781491
30.3991,0.00311239756655368
30.4698,0.0490093359030155
30.6002,0.050207110917512
30.7308,-0.07023759884623
30.7771,0.0439344671520523
30.799,-0.0766211004420185
30.8547,-0.0745284122417367
30.938,-0.0559030054815643
30.9471,0.0354879356229176
31.0979,-0.0474934864941403
31.2103,0.0354839674170719
31.2556,0.0465229838302861
31.3257,0.00838795392721892
31.3758,-0.0621052762488681
31.4201,0.0113199244323567
31.4949,-0.0803183627697059
31.5314,0.0393639417902847
31.5617,-0.0564070252702535
31.6657,0.0394033062975581
31.7005,0.0525045409396228
31.7957,0.0571521573615286
31.8071,-0.0375641416724939
31.9432,0.00735244542705971
32.0291,-0.078281602198679
32.1336,-0.0472270636709951
32.1879,-0.0255533528989531
32.2613,0.0280055722970971
32.3011,0.0126495971951002
32.3146,-0.043728224672094
32.5326,-0.0272327621575386
32.5969,0.0655705929756465
32.6078,0.0257555547150403
32.7181,-0.0829906117474835
32.7291,0.0656079782150769
32.8123,0.0418956518061009
33.1738,0.0325365796012278
33.1903,0.0682497354338665
33.2115,0.0685203632909506
33.3487,-0.00414258524319422
33.4297,0.0343752411478562
33.4701,-0.0241091319060232
33.4781,-0.0779536471355584
33.5068,-0.0368704159280995
33.6553,0.0103465798634943
33.6678,-0.0747735504312033
33.7122,-0.0404876309789586
33.7387,-0.0562647783108119
34.0199,0.0389572275925758
34.0783,0.0537365161130907
34.0888,-0.0430648043056223
34.1143,-0.0742179732301125
34.1832,-0.0645498538632552
34.1878,0.0399330720035991
34.2607,-0.0364327696169937
34.3271,-0.0784830401872227
34.5166,-0.0764925628395545
34.601,-0.0327924603605823
34.7737,-0.0798020851513499
34.845,-0.0912737863692357
34.8562,0.0130973251351918
34.9674,0.0328474156566188
35.1262,0.0364364790244949
35.3246,-0.0821347409271596
35.5415,-0.0860699983547306
35.5882,0.0240268426556014
35.6067,-0.0809083903524908
35.7576,0.0578261505104081
35.7752,-0.0958931184456446
35.8385,0.0244063346728325
35.8483,0.073877667658131
35.8987,0.0476855447738913
35.9864,0.0742912789615602
36.0419,-0.0756317673906324
36.1046,-0.0831028329274162
36.2536,0.05980715443458
36.3384,0.0117595683824661
36.4651,-0.0169266961661378
36.5185,-0.0491806328218232
36.5254,0.0746489107066424
36.5856,0.07550214708818
36.7157,-0.0909354854524196
36.7982,-0.0168743844071813
36.8624,0.0739841607949216
36.958,-0.0972952717984228
37.0424,-0.0772669114023969
37.0613,0.0770714468373654
37.0846,-0.0950113437196052
37.1375,0.045895673942411
37.1504,-0.0366057618401356
37.3111,-0.101292661683104
37.3604,0.0720115501484671
37.4149,0.0777563015397575
37.5183,-0.0553597770691567
37.5324,-0.0893145248623384
37.7084,0.0777633055516418
37.7489,-0.0966276515435069
37.7818,0.066441196078884
37.9854,-0.0856566586559708
38.1411,0.0776713193488732
38.1869,0.0484728901095295
38.232,-0.0399739165195783
38.5257,0.0622730790805548
38.5864,0.0384708405318648
38.6053,0.0798393047855797
38.6513,-0.0589112234831575
38.6868,-0.0943660811743641
38.7553,0.0802181935561421
38.9014,0.0801228805733771
38.9935,0.0283713369564467
39.0186,-0.0787057455354159
39.0619,0.0166719078258737
39.0666,-0.100062718188894
39.0765,0.0786526247453807
39.097,0.0206615422727339
39.1457,-0.0108304314861272
39.1518,-0.0805635674982099
39.1975,-0.0738003474550482
39.2762,-0.00356564361175771
39.3972,0.0753192111019061
39.4283,-0.0812979288393123
39.4284,-0.0379061671185923
39.5793,0.078180737295213
39.7114,0.00896582487170861
39.7553,0.00893498956394012
39.8365,-0.109735947845849
39.8586,-0.05364799410183
39.8851,-0.0584825948672716
39.9523,-0.0244879733545531
40.0848,-0.0964635653114101
40.1644,-0.0335078916075133
40.2396,0.0197868999870892
40.2984,0.0122926655909552
40.5121,-0.062298791709992
40.645,-0.0851570541324875
40.6464,0.0170037683999738
40.7129,0.00337960925099168
40.7675,0.0532207264836728
40.8323,-0.110516439458614
40.8452,-0.0243279713012541
40.9086,-0.113530046952299
40.945,0.0842693632675662
41.079,0.0806167665535682
41.1027,0.0347774989543836
41.146,0.0371190790866507
41.1515,0.0829862584022507
41.1918,0.0231010272705845
41.3703,-0.110521204414248
41.4116,-0.0966914523979412
41.5363,-0.0722831286211232
41.7509,0.0851646590799149
42.0092,-0.0116050949505322
42.1437,0.0793722571501334
42.2636,0.0877599095980841
42.3367,0.0860575131013519
42.3373,0.0866154144266673
42.436,-0.0732034554199004
42.4497,0.045699040177432
42.4818,-0.0917483314112175
42.532,0.0878848992258909
42.541,0.084527353693808
42.5581,-0.0757657767569242
42.593,-0.075359071239248
42.6866,-0.0569914502052171
42.7176,0.00569081383594039
42.7308,0.0640133577231907
43.016,0.0846388242433775
43.1211,0.087597442884956
43.3334,0.0157707516706438
43.4983,0.0896752763952975
43.6214,-0.0346555575344496
43.6996,0.0916389867906631
43.7102,0.0334017755084517
43.7515,-0.0369093048616591
43.7788,0.0844466750112218
43.8487,-0.0651758722829143
43.8526,-0.0453621621432632
44.0072,0.0337421102662105
44.0236,0.0851458358944797
44.0637,-0.012503032291491
44.1318,-0.009359261181352
44.1406,0.0913189706746635
44.1806,-0.0203100742977043
44.1875,-0.0188279408381078
44.2846,0.0911421410538793
44.3078,0.0916773924023389
44.3114,-0.124051997085054
44.4387,-0.0509980185185626
44.5079,-0.103105556833682
44.5194,-0.0680043965927268
44.5371,-0.00287061479909312
44.5652,-0.00232353249635509
44.5958,-0.119942486576448
44.6147,-0.0206719573020564
44.6783,0.0353258216006367
44.6853,0.0592478819359528
44.7204,0.0827857238531351
44.7335,0.0897813145940063
44.8099,-0.0862225752602725
44.8451,0.0858883680895843
44.9277,0.0940294078633244
44.9662,-0.0694407000136152
44.9731,-0.128156290326899
44.9819,0.0878917385565074
45.3019,0.0885420706884972
45.4361,0.0956631699129673
45.5023,0.0937459222953834
45.5452,-0.0922692008688841
45.5564,0.0886643980472286
45.605,0.0934144983330256
45.7645,-0.134647687608087
45.9242,-0.057988367464354
46.0035,0.0915366163898454
46.0227,0.0953094668854746
46.1503,-0.0985635029518477
46.1946,0.0938530197283924
46.3533,0.0786565577511027
46.3626,0.0910840834359234
46.4421,-0.019217855118832
46.4445,-0.120268828674483
46.5486,0.0930690343259428
46.5641,-0.137322169313407
46.6162,-0.130648792559825
46.8037,-0.138808264066078
46.823,0.0709420526623745
46.938,-0.0419190788062522
46.9489,-0.10786161584651
46.994,0.0987504574261351
47.0925,0.097452272300707
47.1522,-0.137938015172267
47.1542,-0.140998824463665
47.1545,-0.140770163965399
47.1919,0.0999700668691546
47.2382,0.100481225096338
47.2549,0.0961141030648278
47.4178,-0.135507027859042
47.4457,0.0970778235546348
47.6612,0.0674594910311441
47.7456,-0.0434931064935142
47.8395,-0.0769705032161738
47.8601,-0.00703526590452697
47.8759,0.0979378051658344
47.9196,-0.114250323996764
47.9999,0.0946777131293146
48.0771,-0.146409478434634
48.0884,0.099502147405083
48.1239,-0.131759088559491
48.129,0.0542471325846705
48.1329,0.0992121968640021
48.1896,0.0957155307769284
48.2312,-0.0304388555683701
48.2526,0.0998929868411835
48.3072,-0.00298127036452911
48.4755,-0.0173984525619844
48.5531,-0.117596791974997
48.5691,-0.0370387574104427
48.6675,-0.00117603079522866
48.7048,-0.14649824684615
48.7243,0.0990602183476739
48.7953,-0.137491578222118
48.809,0.0686513780121416
48.8513,0.0148470554590858
48.8514,-0.126376096387411
48.8734,0.0637070549195826
48.8921,-0.1309011795774
48.9537,-0.0902573316197319
48.9717,0.069282079812325
49.0186,-0.106464164941791
49.0414,0.0781235067286659
49.0592,-0.12696465247717
49.104,-0.0523339655816173
49.2815,-0.00413752630797148
49.2989,0.0444283101045002
49.3053,0.0834903653702739
49.3441,0.0376048672157978
49.4921,0.095555461963599
49.578,-0.0230381119179341
49.7245,0.0256057021366942
49.7253,0.101866723836196
49.7702,0.0901774771041843
49.9128,0.102921414886332
49.9671,0.0348111424554602
49.9735,-0.10512474571847
50.0365,0.103874170178614
50.063,0.0410035745196708
50.1931,-0.135552224626416
50.2236,0.0325999899355622
50.2716,0.00390851906752232
50.3978,0.0884403766782711
50.4049,-0.0286599721496898
50.6064,-0.107495584418693
50.6204,0.029383161726237
50.6397,0.104569713426017
50.6852,0.0481796269068795
50.7602,0.0888677111107867
50.7711,0.0372891091895085
50.8137,-0.0177520327131049
50.9428,0.104298758999029
50.9861,0.10396463773742
51.1565,-0.140827844869868
51.1968,-0.111954790688898
51.2511,-0.154876231542382
51.457,0.0270129227734444
51.5109,-0.0586772550195533
51.5751,-0.156148431669557
51.6184,0.0702501374328435
51.7119,0.106131508485042
51.7468,-0.153137758781483
51.8694,0.00657466142038743
52.0278,0.108806770623794
52.0441,0.090363081547757
52.0746,-0.0222095920646979
52.0831,0.0617135254368719
52.1768,0.0877245964846409
52.2159,0.114004434568876
52.2247,-0.146935670354814
52.2569,0.026060962733979
52.2608,-0.00443665389516212
52.2628,-0.136249623955585
52.2996,0.109360679746167
52.3444,-0.0547960289149927
52.3626,0.102558484418672
52.4443,0.108937874631614
52.4681,-0.0830315216933855
52.4775,0.105689547912952
52.519,0.109034425094002
52.5226,0.0582533430757053
52.5664,0.0171293512150399
52.573,-0.0998842748473763
52.5763,-0.13899585862022
52.6016,-0.12866139728483
52.6223,-0.165074399832513
52.6451,0.109463346795266
52.799,0.0285886160969611
52.8054,0.0596925826431018
52.8673,-0.0135660120710099
52.8846,0.111952327944238
52.9055,0.0242206404042662
52.9487,-0.145549887418312
52.973,0.0458763455176268
52.9954,0.0199085738740905
53.0035,-0.011080144337086
53.0045,-0.0767099287796214
53.0792,-0.14733971868889
53.0877,-0.138412107816819
53.0937,0.00830686654525437
53.1071,0.10033856324177
53.1284,0.104527435447544
53.2526,0.0664528158238369
53.2544,-0.149507887767307
53.2828,0.110655611888092
53.3574,0.11256809746191
53.3709,-0.000243058260636531
53.3966,-0.0212114835039898
53.5104,0.116977154001432
53.5524,0.015613624213799
53.58,-0.138806574896321
53.682,0.107656166872559
53.8173,0.113212981584788
53.96,0.120311706680909
53.9907,0.0436026051057965
54.0092,0.11432222250766
54.0631,0.0401762794561904
54.0979,-0.0315951239932559
54.1348,-0.11330735871887
54.1695,0.0255260595917051
54.1723,-0.149729273390697
54.1888,-0.112452619428772
54.1939,-0.147232276857963
54.2045,-0.169649131234593
54.2316,0.10625443540259
54.2599,0.0723194981895929
54.3855,-0.162829560324084
54.5371,-0.156746747664123
54.5422,-0.0824174126913704
54.6074,-0.165025276243419
54.6683,-0.174143752053475
54.7801,-0.168196236343249
54.7985,0.0190269198237729
54.8519,0.0576458476773283
54.9701,-0.0713607790652802
55.2572,-0.167976272610005
55.2835,0.0900909424150242
55.3868,-0.170873462639371
55.4135,-0.000839594208194683
55.43,0.12380942462508
55.5818,0.112568211702822
55.6828,-0.132519444563926
55.7017,-0.121778827257714
55.7222,0.0985648559895509
55.7314,0.061374038142219
55.8388,0.122238734347661
55.8631,-0.102179592817272
55.9108,0.118694196421075
55.9297,0.0527290129098574
56.0232,0.119408743560953
56.0251,-0.173468752563906
56.0684,0.0856611654474833
56.1485,-0.178357197380969
56.1588,-0.173930298356495
56.1779,-0.176599246186967
56.2883,-0.0122371290669108
56.3028,-0.179972441793545
56.309,0.111668088768646
56.3173,-0.188358680188713
56.4645,-0.138411870932465
56.4716,0.121419408350732
56.6201,-0.176225122143457
56.6263,0.127915840459409
56.6813,-0.187390935739323
56.7431,-0.0655699916758365
56.7504,0.123091550091431
56.7776,-0.147779908556288
56.9323,0.092732243353808
56.9512,-0.159316193735336
56.9538,0.123805904355009
57.0193,-0.115748535998705
57.0288,0.112792449458937
57.0678,0.0694700158731223
57.0856,-0.0766959315435187
57.0861,-0.0885742942140411
57.2191,-0.19258716845399
57.2272,0.0726637215507537
57.2658,0.118750054605812
57.325,-0.164289105446727
57.3443,0.118283778753984
57.355,-0.187262253908877
57.3969,-0.1872731472967
57.4219,0.112748249899859
57.5175,0.121565623942239
57.5403,0.0170092676129343
57.6008,-0.175354911873747
57.6457,0.121870885866628
57.668,0.117055411027899
57.7618,-0.0931191223516876
57.901,-0.15808655885855
57.9065,0.1307916166569
57.9333,-0.159513885812849
57.9843,0.0266603795126059
57.9996,-0.163349085506368
58.0609,0.00497776478926681
58.1328,0.104917857039418
58.1698,-0.0910206551909667
58.1996,-0.12140618217903
58.2263,0.0805283245335104
58.2717,-0.118922353976799
58.2968,0.107343334055088
58.4107,0.129816718565614
58.4357,0.0748120970907067
58.4407,-0.104255065452861
58.4443,-0.128470582739304
58.4989,0.0957106587985805
58.5052,-0.0715776812062714
58.5178,0.121355858029787
58.5367,0.101868164191586
58.5665,-0.179536116521817
58.6291,-0.14489759784334
58.7071,0.11901202517781
58.709,0.131803792345771
58.9175,0.0933175179598891
58.9321,0.121142268291564
59.1017,-0.0201819293044281
59.1108,0.0959693920543216
59.1835,0.0277505440662438
59.1869,0.128662633374844
59.2439,0.137257802063658
59.2856,0.0903508906378008
59.3004,-0.0371919324201784
59.3137,0.104097819460776
59.3177,0.0372468196006395
59.332,-0.00852253646354484
59.3694,0.110036124697501
59.4137,0.0741350157221206
59.4537,0.133420243661583
59.5534,-0.0227986358561765
59.6278,-0.081917129928982
59.6653,0.123957192786158
59.7153,0.0733736044703974
59.7204,-0.0911265131762491
59.7287,-0.19339614269294
59.7317,-0.201278231939781
59.7834,-0.163766398344983
59.9286,-0.0512581994580401
59.9459,-0.0457846769282
59.992,-0.115004812123992
60.0126,0.0372396970084097
60.0334,-0.0420252429203174
60.0363,0.130085201804256
60.0403,0.118320599729834
60.1643,0.121362961746811
60.1683,0.118168571901933
60.2313,0.139607892979512
60.24,-0.203560667240659
60.2678,-0.159800659882315
60.2864,0.141053960719049
60.3045,-0.184920173971619
60.3111,-0.151173438711254
60.3437,-0.00624857532387324
60.3795,0.125078747058716
60.443,-0.189346746816675
60.4986,0.0959964284315404
60.5341,-0.133292784051868
60.6034,0.136756873242646
60.6187,-0.190434469488324
60.6246,-0.185876346592927
60.6531,0.123857011107823
60.7167,0.137253679213714
60.7195,-0.170003900562769
60.7361,0.0904646758173939
60.7779,-0.205747426694622
60.8651,0.144307633858354
60.9028,0.102344437968966
60.9582,-0.19198340538702
60.9733,0.117294536648217
60.9765,0.0930052697362029
60.9929,-0.0306936897517147
61.0056,0.126393835406617
61.016,-0.196145477878538
61.0541,-0.189566826545033
61.0591,-0.198586538417196
61.0685,-0.150596350768353
61.0714,0.125329016966845
61.0828,-0.201258476045332
61.1839,-0.161916469462618
61.1861,-0.187039569553043
61.2186,0.0964847300663791
61.2339,0.044071322921603
61.2979,-0.184003162755069
61.4434,0.0813040199051542
61.4648,0.130969104612696
61.4759,0.0511872989382596
61.5022,0.0884304966521015
61.5253,0.0189178414586237
61.5891,-0.208963215199965
61.6234,0.0407355366372144
61.6315,-0.129251531216539
61.6355,-0.162405608207798
61.6639,0.0454684385127848
61.6847,-0.200926276840754
61.7344,0.13461425737858
61.7543,-0.106485016035741
61.9782,0.13929720329849
62.0602,-0.145681504684461
62.0616,-0.0651994259682169
62.1247,0.130946388533069
62.1516,0.0715562609609321
62.1883,0.100146954826585
62.1996,0.145457626980757
62.3506,0.0153531408431746
62.3862,-0.20028316067566
62.4057,0.128424367937178
62.4341,-0.106078350874256
62.4805,0.140201071306315
62.4853,-0.0571989638811488
62.5061,0.126924863890899
62.6777,-0.204409595201561
62.7245,0.127024876575128
62.7411,0.120569309328928
62.7587,0.0975761678271709
62.7812,0.137647842737884
62.7816,-0.135745948587335
62.7943,0.15152003556809
62.7989,0.127004546716527
62.7992,-0.104443021489779
62.8299,0.135322979346952
62.856,-0.215644510317304
62.9095,-0.0871933429625145
62.9445,-0.213336980537498
62.9569,-0.216912593516938
62.9665,-0.196033767611262
63.0445,0.108812413231064
63.0822,0.000235278437102693
63.1099,0.0461788470647804
63.1243,-0.199792774403669
63.2096,-0.0635178055102514
63.2333,-0.154586195215288
63.2971,0.152000088173303
63.3476,0.128066032330331
63.3499,0.133105065320635
63.3756,0.143953077155722
63.4629,0.15056288803062
63.4912,0.145198443487914
63.4965,0.134360010592637
63.5048,0.13311046394972
63.5516,-0.128133685038662
63.6167,0.14126245217399
63.6328,-0.198652783534563
63.6339,0.129865282705282
63.6545,0.14687646733519
63.6582,0.131919550478209
63.6911,-0.0816828542672496
63.7122,0.0539430521762583
63.7864,0.00355369285414753
63.8253,-0.0870166587334609
63.8469,-0.166058018803234
64.0901,0.106218794714067
64.102,-0.220179832900754
64.1209,-0.00150759041767401
64.1353,0.100252158380471
64.1457,0.0753792601029488
64.1491,-0.00105700160402478
64.3271,0.130347921841505
64.3276,0.144143274376987
64.3763,0.145846534649053
64.3921,0.091115877849731
64.3953,0.151700949393316
64.4365,0.0690755561476806
64.4648,-0.161598855839017
64.5006,0.0570828372352281
64.5276,-0.220679371510556
64.5321,-0.0748742815310095
64.5403,0.0677526226340319
64.5425,-0.175384704818583
64.6046,-0.20184869041185
64.6287,0.0864051380822559
64.8179,-0.17638078415051
65.0157,0.132140557972974
65.1173,0.10161200971919
65.1325,0.119419389108344
65.166,0.0293708828497046
65.189,0.0631869275814694
65.2006,-0.209666288419513
65.2214,0.0101965808362792
65.2886,0.0588880550257187
65.3682,0.11477357196955
65.4267,0.156617018267141
65.5067,0.133845234725584
65.5149,0.141113980640895
65.5863,0.141051303081653
65.6809,0.00787959039411135
65.7395,-0.221682676987641
65.7601,-0.165066813492714
65.8071,0.120687173739668
65.8222,0.127604705224513
65.8225,0.1438014306692
66.0455,-0.185275484627624
66.0832,0.0928115708909445
66.0889,0.161942401240452
66.1658,-0.206104977638191
66.2424,0.134930546409052
66.2839,0.14284161428688
66.297,0.164046016092442
66.3111,-0.234689104990849
66.3492,0.163803039662952
66.4277,0.138512048606643
66.5023,0.0996909312130754
66.5206,-0.0210613597497087
66.5432,0.0861234580186476
66.601,0.139097713610738
66.8098,0.154638494726896
66.9018,0.0607097970087551
66.9404,0.0766925314122631
67.0158,0.141555480148668
67.0442,-0.144970958685079
67.0543,-0.239600507769524
67.063,0.165980675529681
67.0796,0.162466483460605
67.1076,-0.181002749399084
67.1388,-0.219693457127391
67.1651,0.138063731381934
67.2231,0.124412679672616
67.3004,-0.248097795041787
67.5563,-0.249934689679861
67.5586,0.164692100661426
67.5664,-0.241261859534717
67.6989,-0.23647291278175
67.7004,0.168876456547522
67.7037,-0.244351907371168
67.7241,0.159291682901127
67.7374,0.12089196481277
67.7405,-0.215624358704872
67.7444,0.0867725604832827
67.8153,-0.111603120408731
67.8396,0.0412011011055995
67.8548,0.165347184693999
67.8839,0.136744710116105
67.8928,-0.229232584821318
67.9199,-0.148423746840663
67.9309,0.160392478075721
67.9661,0.0751513489798441
67.9846,-0.224740982095966
68.0101,-0.1637207836811
68.02,0.161163014882717
68.0352,0.145751485066825
68.0534,-0.178369882493371
68.1776,-0.21988857682642
68.1827,-0.050200858322313
68.1834,0.163082806302171
68.2259,0.0394230235722688
68.2277,-0.20514279761241
68.2979,-0.183278841504062
68.3322,0.139347332057326
68.3358,0.100933065971788
68.3431,-0.196616296870332
68.4086,0.168759973660855
68.4711,0.0504512021410335
68.478,-0.250767520277066
68.57,-0.254192542735481
68.5773,0.0714182206315286
68.5853,0.173333334163587
68.6508,0.0435930515934331
68.7305,-0.2244956672548
68.7554,0.154655238742848
68.7559,-0.161917096465217
68.7876,0.174247007304672
68.855,0.149250484624716
68.8634,0.173221726900849
68.8714,0.150177058058759
68.9202,-0.256419636232451
68.9679,-0.158617316420504
68.9805,-0.184315018551558
68.9946,-0.0578940515182325
69.017,-0.0996451698269141
69.0313,-0.0176136299772622
69.0428,0.0465062150435926
69.0522,-0.157278413705285
69.1306,-0.254876543353134
69.1474,0.131236830150414
69.2147,0.0846422416625643
69.2152,0.146756859772054
69.2615,0.0657224967790597
69.2699,0.143703242105673
69.2772,0.137532764351491
69.3842,-0.255983408835789
69.4216,0.176077882608581
69.4696,-0.263058557945769
69.4744,0.10690501749599
69.4804,0.112619309056655
69.5036,0.144996922747538
69.5114,0.170142042130038
69.5341,0.151620253989819
69.5354,0.177459466352815
69.5715,-0.126647085446777
69.5948,0.0671695497245537
69.6106,-0.0551268199167652
69.6129,-0.246421149501757
69.7135,-0.260507069796887
69.7361,0.176267628790711
69.8169,-0.257358905599773
69.8387,0.133897780868594
69.8617,-0.0719457249878559
70.0068,-0.0036098879146067
70.0614,0.169141266639826
70.0746,0.145487136069576
70.0853,0.132892802956917
70.1379,0.17377081891722
70.1725,0.0186931562162442
70.1932,0.180586650127708
70.1973,0.165323920404305
70.2053,0.148894110473393
70.2413,0.132961556348576
70.2877,-0.260131926079552
70.2996,0.0413508834952978
70.3339,0.182003132950939
70.3548,0.144640311957019
70.3574,-0.0508651300541629
70.452,-0.189545220968753
70.4605,-0.110294050212033
70.5159,0.062653074688086
70.5572,0.0275583560974439
70.5736,-0.0774133061360942
70.6075,-0.108519479284894
70.6132,0.15353341893487
70.6239,0.144544379385607
70.6825,0.146809449316308
70.7081,-0.225777320441495
70.7152,0.135863536575968
70.8377,0.149402948684866
70.8967,0.115671802392043
70.9244,-0.261208745157234
70.9248,-0.0494916820195073
70.9832,-0.207272050624866
70.9913,0.144295688966665
71.0136,0.0468189086188602
71.0246,0.0117536157554667
71.0366,-0.266324866198573
71.1057,0.158552334844686
71.1198,-0.236808672202457
71.1305,0.146978526324745
71.1522,0.132612960967606
71.3003,-0.0269208886530379
71.3073,0.187397392020429
71.3092,0.00130775961150675
71.3959,-0.0503037489202569
71.4124,0.0975104109875531
71.4297,0.172557997798634
71.4648,-0.132790620578731
71.5001,-0.0685607867964251
71.539,0.0334505991050378
71.575,0.18266369549336
71.5904,0.176122399896045
71.6109,-0.271787694290566
71.6244,0.163191821714094
71.626,-0.19161944430229
71.6794,0.189155356206356
71.8361,-0.00887297039851376
71.8443,0.122842679008755
71.9017,-0.215694158565569
71.9271,0.169388165943545
71.9355,-0.184941398430865
71.944,-0.271682353893596
71.9576,-0.00133307746558842
72.0096,0.148887387921278
72.0807,-0.23579049209782
72.0854,0.183416916186445
72.0927,0.156199771229169
72.1026,0.0603037309649892
72.1545,-0.0498505735424999
72.181,0.157213587490901
72.1818,-0.127496555161471
72.2003,0.176276023173685
72.26,0.174800507451366
72.2739,0.147515336087849
72.4014,-0.262832449136084
72.5206,-0.000719666161046462
72.5452,0.0445383418934142
72.5874,-0.163971548349551
72.6126,-0.209764230646428
72.7133,0.168495211592642
72.7682,-0.242802555567792
72.7764,0.0813974225522145
72.7815,0.112236145825051
72.8318,-0.275078680876646
72.9103,-0.14566666199012
72.9383,0.179645183522027
72.961,0.150316598443595
72.9634,0.0515800947019756
72.9641,0.0189581515882651
73.03,0.151787251536732
73.0417,0.0637965438095165
73.1331,0.150421790935766
73.1578,-0.278967181721953
73.2557,0.0591930601004549
73.2615,-0.228860895604527
73.2629,0.151767667469386
73.2991,-0.0628203310204469
73.3833,-0.0733696482486863
73.3866,0.146128459370942
73.4398,0.045738597324771
73.4591,-0.28198239273928
73.4795,-0.0327218648922099
73.482,-0.0599057946983947
73.4986,0.0553983169867536
73.5197,-0.216240508610042
73.5588,0.152422557349681
73.581,0.198395629084658
73.6613,0.098282159096243
73.7136,-0.0922266000272032
73.7887,0.166214411777929
73.7968,0.183245060494983
73.802,-0.114700874614442
73.8247,0.000907237455578525
73.8328,0.0927989849759427
73.8762,0.086478509656942
73.9151,-0.278115436942883
73.9412,-0.143296555566721
73.9498,-0.215086074508008
73.9643,0.0898859170911379
73.9956,0.173996624378987
74.0177,0.184541732660861
74.0636,-0.277235724372588
74.1079,-0.00521023001491017
74.1247,0.0891070636749021
74.1326,0.194817979954323
74.1644,-0.243942946115936
74.1919,0.19511679236993
74.2292,-0.286980721807339
74.2455,0.040805203702206
74.253,-0.248548721490778
74.2683,-0.00473796483251476
74.2762,-0.285889267966112
74.281,-0.287491164111586
74.2995,0.195900439255411
74.3193,-0.211905133815392
74.3473,-0.235047980820113
74.3677,0.154827094646222
74.3964,-0.293466982267688
74.4287,0.0240793296294015
74.4487,-0.0771838799995521
74.4685,-0.171036286557765
74.4859,0.153194444446072
74.5609,-0.117869327862181
74.5822,0.166944620807442
74.5915,-0.141566530077256
74.5916,-0.289100868103858
74.5926,0.154381674476426
74.6594,0.178980400045191
74.6772,0.170698356997207
74.6835,-0.289566489948839
74.7063,0.197579177508231
74.7223,-0.290243007570439
74.7407,-0.0993554042569684
74.7691,0.0172016236459456
74.7811,-0.135067767084337
74.8063,-0.089441297586248
74.8086,-0.139720057516598
74.8268,0.19459248964634
74.842,0.154603835867121
74.9015,0.0194143270173868
74.9256,-0.121520514306553
74.9675,-0.049890939673773
74.9709,-0.29302408917745
75.0115,0.118679420437672
75.014,0.185654165011812
75.0718,0.155610666052553
75.1082,0.169367345195539
75.2617,-0.183813005776571
75.3527,-0.298750647934511
75.3932,0.0571996505028807
75.4028,-0.127490735629195
75.4037,-0.223136608664532
75.4583,-0.0506067872492224
75.5259,0.192150289169874
75.5473,0.0678151851422939
75.6525,0.198914441677829
75.6604,0.159992685321072
75.7079,0.0377429750877525
75.7415,-0.192591353187993
75.7422,0.151507754693043
75.7463,0.15780334751976
75.7677,0.198583308977007
75.768,0.0726378649324175
75.8382,-0.132673225123
75.9106,0.038904411116448
75.9114,0.0280501494556802
75.9466,-0.087015563277447
75.9789,-0.300722977108393
75.9967,-0.151702255934893
76.0091,-0.260579834060167
76.0185,0.0532445683339517
76.0756,0.205581297155504
76.1395,0.157268970689231
76.2525,0.0767670553133115
76.2568,-0.014569953306875
76.2678,-0.25386106065524
76.2869,0.157259595389476
76.3193,-0.0770200945985948
76.352,0.159092036684768
76.3848,-0.234346979026583
76.4455,0.0214079104523819
76.4497,-0.149007185010319
76.4695,0.157928000909749
76.4781,-0.1218643034249
76.4808,0.15858269658824
76.5414,0.207146277192152
76.5556,0.202669206285634
76.5693,0.205348838049943
76.5851,-0.0817420085164002
76.6289,-0.286541907033467
76.629,0.127957709755563
76.6445,0.179989381546221
76.6952,0.047623614871398
76.7683,-0.160069586970621
76.8012,0.148630054527061
76.8116,0.197155307654029
76.8296,0.158573413054683
76.8432,0.159469613364692
76.8467,-0.224738161952516
76.8649,0.10682456878115
76.9335,-0.199591902976266
76.9533,-0.258505765262527
76.9545,0.150837781678547
76.9609,-0.208760550863104
76.9817,-0.278729981129587
77.0042,0.214900804052292
77.0103,-0.0470532165186199
77.0856,0.140441646751341
77.0926,0.0427810569102718
77.0939,0.163556572312871
77.1029,0.159167434901576
77.1148,-0.0401134687134999
77.1161,0.125615389489681
77.1217,0.211419677167967
77.1456,0.0825005340016673
77.186,-0.234309925362012
77.2239,0.161282456564464
77.2724,0.113387623433823
77.2774,0.197827271595258
77.3876,-0.0743278692418272
77.4382,0.0124350767523111
77.4458,-0.100718935533806
77.4591,0.166538925642939
77.5061,-0.283228880858928
77.5246,0.110831596508291
77.5903,0.0825312709913675
77.5909,-0.307484512009381
77.6347,0.19310530435132
77.6753,-0.284172383940529
77.6789,0.0880489472645252
77.7014,0.192834978800292
77.7191,0.16880044506479
77.7255,0.15431641789354
77.7676,-0.252479851044995
77.7725,-0.196162868151916
77.8103,0.182762027261731
77.8201,-0.03035035836362
77.8723,-0.0468492363656026
78.0101,0.174909501003981
78.0263,0.048778553727729
78.0316,0.178196459348342
78.0535,0.21931920436721
78.0746,-0.300196896259393
78.0887,-0.107596962146062
78.0892,0.00722418775401934
78.0932,0.052740935992162
78.102,0.191441974285681
78.1621,-0.159645260659218
78.166,-0.305606777860305
78.1908,0.154609205089002
78.194,-0.291067804666085
78.2546,-0.0291728609257831
78.2648,-0.307313147946601
78.2761,0.138082366763214
78.3205,-0.0910430847237933
78.3593,0.209012708496644
78.4649,0.1538127441423
78.4707,0.050769245285565
78.5464,0.0439648704641229
78.6203,-0.243009427004608
78.6317,0.0932736441480273
78.6808,-0.240421844074973
78.7161,0.203717201442217
78.7721,0.0638880346675847
78.7767,0.153339358888331
78.7801,-0.276115567864508
78.8379,0.193170435942534
78.8699,0.131829910285163
78.8759,0.17233877113982
78.9465,-0.0108625127103323
78.959,0.181349231060281
78.9601,-0.31664241988598
79.0156,0.128178104234621
79.029,0.224605149487928
79.0671,-0.0747862030772666
79.0776,0.0870650789067753
79.0994,0.0309416585918711
79.1075,0.175774953065456
79.1487,-0.311412442004666
79.1515,-0.274262657970041
79.1661,-0.305658444029646
79.1805,0.220029814932175
79.1989,-0.250001115706823
79.2649,-0.0710787369882695
79.2695,0.179252984455871
79.3145,0.226129518140297
79.318,-0.253425619247963
79.3478,-0.0897035569460343
79.3634,0.179807100239046
79.3666,0.164865161365256
79.3894,0.0940851479529385
79.3958,-0.32297964557678
79.414,-0.228734763279164
79.4471,-0.0698538078018203
79.5094,-0.0369863597020839
79.5225,-0.148964449299186
79.5358,0.225620078102807
79.5892,-0.123878011175051
79.5954,-0.326338959655047
79.661,-0.103009740071613
79.6653,0.221733572957419
79.812,0.059876320560619
79.8719,0.211220506154859
79.969,-0.25966427590258
80.0017,0.156625353411286
80.0079,-0.0775157800930373
80.066,0.196881321442703
80.141,-0.230428578736451
80.1538,0.16491468078118
80.1625,0.181814187608296
80.2048,-0.276727042464586
80.206,0.201709802822833
80.2208,0.230587546831984
80.2432,-0.312231275773584
80.2929,0.202643048432876
80.3275,-0.225347338049716
80.4448,0.098076951675651
80.4491,0.174326917935161
80.5405,0.232142698201429
80.5621,-0.219411307753958
80.5693,-0.324482771819333
80.5739,-0.32305731736561
80.6345,-0.287782776881116
80.6492,0.216838251620558
80.6926,0.16727152615465
80.7111,0.0146639009929856
80.7139,0.173473710988432
80.8096,-0.291875389287256
80.817,0.0261087885015314
80.8176,-0.0893253328338091
80.8335,0.0313577672440459
80.8342,-0.291951974712347
80.8548,0.108283680998611
80.8804,-0.286247994756309
80.9389,-0.307590903808304
80.9401,0.126039344489058
80.9693,-0.0863193657057906
80.9755,-0.178396047788382
81.1091,0.106024256646762
81.1098,-0.0170488744076494
81.1282,-0.2221400827503
81.1786,0.168838649357824
81.1823,-0.330090253441327
81.184,-0.188952772976165
81.2107,0.168774581585865
81.2595,-0.142803561240356
81.3187,0.202372722388603
81.3201,-0.288907781251282
81.3599,-0.0994254420313325
81.3927,0.156909529338634
81.4497,0.229196638338237
81.4688,0.172006397536165
81.4695,0.192963232355581
81.4866,0.194289406519488
81.5302,0.172547780630225
81.6048,-0.0458364055993883
81.6355,-0.306065106048223
81.6447,-0.330893539269226
81.6612,0.0361419942266252
81.6763,-0.298233209856377
81.7251,-0.302537156136538
81.7629,-0.173833105477328
81.7679,0.0740640599827742
81.7759,-0.102353455072915
81.8799,-0.322125464753853
81.9024,-0.0366122240890547
81.9794,-0.138742300248239
82.0042,-0.115739706948844
82.0412,0.182146977615872
82.0982,-0.0977287997386469
82.1657,0.232965804862275
82.2215,0.127094523083016
82.2512,0.0573257991720197
82.2677,0.111487454521878
82.2834,-0.339710529952072
82.2887,-0.0333404813621314
82.291,0.117410161989241
82.3166,-0.0287263834991762
82.3309,-0.0146100497878052
82.331,0.00516718629923218
82.3327,-0.20471538485495
82.3412,0.235834904210762
82.3502,-0.102263816807991
82.3575,0.204715419297997
82.3649,0.237512877870486
82.3951,0.177254996211161
82.415,0.204506181700438
82.4715,0.231613640718436
82.482,0.0638895698974409
82.5164,0.107492725174481
82.575,-0.275014244568794
82.6022,0.0032404326762645
82.7393,0.230146999378647
82.7855,0.233437756097246
82.8596,-0.205461673394865
82.8803,0.0132192732032053
82.8837,0.188409548622019
82.9834,0.23922728619624
82.9894,0.177965091419011
83.0237,-0.307822034697395
83.0336,-0.235723790213896
83.0593,-0.157249989905395
83.0728,0.219544308744545
83.1087,0.219829960964006
83.1501,0.121525423020586
83.1673,-0.160191286190951
83.2048,0.198351375959078
83.2864,0.222018298481458
83.4172,0.237101000785216
83.4415,-0.23583045885232
83.4587,0.0245073778675788
83.5052,0.00605890064720427
83.5808,-0.0654441921795268
83.6287,-0.314271504410257
83.7461,-0.131400191066177
83.7931,0.20764424808381
83.797,0.157196291280158
83.8008,0.235398109901126
83.8162,-0.343719836244574
83.8555,0.0275746748020538
83.8746,0.237332892614972
83.9946,-0.304524775742408
84.0038,0.143604063332674
84.1034,0.214821432931018
84.119,-0.0445250241049848
84.1191,-0.343588604205806
84.1258,0.180291918641373
84.1416,0.149505171037987
84.1589,0.191701167149517
84.166,0.17743174296605
84.2035,-0.337542067099278
84.2653,-0.165028649092548
84.3282,0.214747888282076
84.333,-0.158616761086719
84.3411,0.184753198154667
84.3802,0.247467710284155
84.4332,0.0541675768482435
84.4663,0.167755385575447
84.4707,0.184911798972422
84.4945,0.115045374779456
84.5033,0.236450632294137
84.5095,0.180120252491619
84.5156,0.238140711337081
84.5277,0.114257016500332
84.5359,0.187398218513906
84.5423,0.182143319445188
84.5836,0.20791716521137
84.5873,0.253486742322963
84.6098,0.190630932358715
84.6526,-0.098203440683676
84.7026,-0.328130844456851
84.7072,0.19206674228063
84.731,-0.357145080919068
84.7322,0.240265775599141
84.7905,0.248778471204091
84.8045,0.186111434623001
84.8267,-0.235112630586315
84.8452,0.219920859793561
84.8562,-0.221578961351895
84.8823,-0.163292332083287
84.8966,0.197377951630557
84.8974,0.229092860338952
84.9008,0.213050624054375
84.9406,-0.123693229443845
84.9833,0.14079939183938
85.0156,-0.115531880468168
85.0166,0.213930072904702
85.0954,-0.142323323779124
85.108,0.174715034075376
85.1377,0.136183044431746
85.1385,0.217170966733519
85.1451,0.257083826550399
85.1494,-0.113046747927086
85.1535,-0.140811489699445
85.1649,0.255453443391289
85.1846,-0.320137106883379
85.2087,-0.000257575031028523
85.2152,-0.259701355170037
85.2214,0.21403830484229
85.2301,-0.299624406562373
85.3366,-0.350129404616823
85.3407,0.176071609260987
85.354,0.183745331007188
85.3701,0.209221429402419
85.4899,-0.153318975977683
85.5149,-0.0656414128436467
85.5313,0.127362057286319
85.559,0.177134402638345
85.5822,0.129457125626558
85.5867,-0.125006610559581
85.6009,-0.253411720951817
85.6127,0.223563945025049
85.6254,0.213734118818749
85.6287,0.234413030501813
85.6414,0.00415411200758342
85.6571,0.25382698790952
85.6797,0.186422114493226
85.7817,0.243102952220099
85.7906,-0.0555217874617284
85.8091,-0.183758034851138
85.8703,-0.367027205525403
85.9184,-0.119795849778839
85.98,0.219379338491976
86.0021,0.182381570918068
86.0089,-0.0484188330081281
86.0379,0.134291578314773
86.0402,0.237974386842097
86.048,-0.366188007951195
86.0571,-0.288293389416708
86.0636,0.130595385478387
86.0636,-0.229586589868561
86.0715,0.0571639317680734
86.1073,0.12157374116822
86.1356,0.20751160761121
86.1849,-0.219443692080532
86.1982,-0.169203556535123
86.2311,0.255940294500149
86.3275,-0.368519700353801
86.3436,-0.114941649428815
86.3621,-0.342221128647537
86.3703,0.180364511907499
86.4214,0.148713209601382
86.4217,0.249128850944928
86.4341,0.178484244663608
86.4992,-0.303207333615347
86.5128,0.123335582866687
86.5302,0.155399426559015
86.5441,0.244387007666035
86.5535,0.22815403024326
86.5682,-0.145119921264083
86.5792,0.229757324793994
86.5882,0.222875784676148
86.5892,-0.34035816449564
86.6267,-0.214756937360718
86.6728,-0.168384838357383
86.7864,-0.204458745282651
86.7934,0.166530762728456
86.8219,0.238706161760774
86.842,-0.274862833207436
86.885,0.233799344234271
86.8862,0.0215235684379707
86.9212,0.162190928865428
86.9783,-0.27513850435659
87.0352,-0.372175742329517
87.0915,-0.350855724409371
87.1091,-0.367670127717076
87.1178,0.188517274627358
87.1257,-0.0992668861928507
87.1386,0.174821563023883
87.1641,0.241168196670728
87.1914,-0.138161183981069
87.248,-0.0958404146211791
87.2975,0.255159785356554
87.3153,0.118698134583099
87.3191,0.269569921546776
87.3575,0.0182742734881458
87.4272,-0.205237153015588
87.4316,0.152570349950395
87.4725,0.0117786659709083
87.5142,-0.39009039550595
87.5736,0.179872288464964
87.5874,-0.29742252592203
87.6181,0.236638190890062
87.6591,0.227390115479423
87.6792,-0.36851539416584
87.7258,0.256134955422226
87.7882,-0.238763029045089
87.7897,0.254074317003301
87.8031,0.249699409327675
87.9399,0.183925193673019
87.9486,-0.374316350200687
87.9536,-0.380979573988384
87.9786,0.117071490988408
88.092,-0.272905089992676
88.0962,0.0695490918926254
88.1331,-0.169402714388255
88.1587,-0.0925256021651109
88.1629,-0.0298942840899485
88.2094,-0.272746223412568
88.2443,0.268252714230286
88.2457,-0.304804385306014
88.2872,0.241160001208272
88.29,-0.259596111125177
88.3048,-0.115114034217072
88.3208,0.0699322868823486
88.3361,-0.203114427768199
88.3657,0.243547056431481
88.3727,-0.0539597078361282
88.3815,-0.38022813605933
88.4047,-0.385108271420847
88.4393,0.205655535492738
88.468,0.238506987469705
88.5053,-0.380143968598347
88.5497,-0.331893716201918
88.5782,-0.21086213069708
88.6337,0.161376361172458
88.6446,-0.25118157735092
88.7223,-0.387804642071615
88.7253,0.153480257200599
88.7489,-0.00333018798758644
88.7619,0.0154088762282925
88.829,0.276209938451558
88.8461,-0.365424779567377
88.8532,0.26845631192856
88.9337,0.169040681489051
89.0044,0.25643419429548
89.0054,0.135240571922495
89.0279,-0.248911205852025
89.0387,0.187818299312227
89.0955,0.267816589218825
89.1248,-0.402478812181997
89.1264,0.184549857180329
89.1301,0.253233741276233
89.2459,-0.117549325650501
89.2659,-0.395199381773352
89.2766,0.127044333377341
89.2788,-0.292054310075102
89.3071,-0.378880896194033
89.358,0.107044112708522
89.366,0.24461866352209
89.4221,0.179053230100521
89.463,0.266658194581709
89.4737,0.280033446353926
89.5269,-0.197281596415863
89.5706,0.21237741585017
89.599,0.0367149679376126
89.6119,-0.117110504139859
89.6267,-0.321558602188531
89.6476,0.249935825982845
89.6594,0.184942402454027
89.7457,0.0594657504986458
89.7883,0.0512860811388975
89.8433,0.175720919122512
89.8581,0.00994904675928865
89.8625,0.0999819482114788
89.8728,0.2470224609837
89.9121,0.213950773040708
89.9224,-0.405685777243974
89.9411,-0.221081810292148
89.9833,0.180135783246087
90.003,0.236439443408429
90.0565,0.0923887001640509
90.0835,0.029701975959469
90.091,0.268714634156339
90.1072,-0.131431468174441
90.1244,-0.105155893841655
90.1401,0.274342654244734
90.1402,0.286564635716672
90.1981,0.25016785101694
90.283,0.253621468031824
90.2839,0.117020296913935
90.3033,0.27378509298822
90.3293,-0.0102073276383265
90.3294,0.274583253590734
90.3562,0.189227866888828
90.3607,-0.270518630713042
90.3647,-0.135221042268341
90.3839,-0.0409077225241248
90.4033,-0.214350088770573
90.4637,0.0523659037589965
90.4897,0.282326253876107
90.491,-0.0722470247310696
90.5014,0.218351988451403
90.5385,0.13227025411507
90.5543,-0.248263320358134
90.558,-0.298916960458897
90.6141,0.177567319359952
90.6642,-0.0997414751192167
90.6678,-0.36107503394193
90.6821,0.28241176440207
90.735,-0.201069787921483
90.823,-0.395869325067324
90.8912,-0.413980583925863
90.9089,0.183932324975586
90.939,-0.0966821958585484
90.967,-0.214724564007327
90.9731,-0.125913839944445
90.9898,0.187759583727484
91.0423,-0.114631923469631
91.0791,0.202484110084683
91.0819,-0.404766655671352
91.1077,0.18536042978468
91.1091,0.197208681222975
91.116,-0.215620524649125
91.1571,0.268520467579464
91.1741,-0.204916772161951
91.191,0.242631762801352
91.1998,0.253685165112884
91.1999,0.254719967727496
91.2069,-0.407323032985403
91.2181,0.232877472495204
91.2273,-0.402061684091635
91.3082,0.00177863016281776
91.3138,0.198472982684081
91.336,0.15160304565299
91.3406,0.188980672701206
91.3565,-0.123164341415105
91.3578,-0.219626342118374
91.3607,-0.29434547710116
91.4912,-0.331587426220437
91.4952,0.218946413835624
91.5198,-0.00972236096305323
91.5358,-0.185064442514587
91.5954,0.29124492821424
91.6541,0.244645048855674
91.6556,-0.306774098202283
91.6698,0.195631628009593
91.679,0.198036790600952
91.683,-0.0518421424235527
91.6989,0.118963807671292
91.8109,-0.410165513346556
91.8121,-0.308952700851904
91.8197,0.296814760354366
91.8387,0.0628261401191708
91.8818,-0.145518935792865
91.8857,-0.333438184830356
91.9004,-0.234807509033331
91.9028,-0.41622285030995
91.9273,0.1469863929007
91.9289,0.218914463510615
91.9387,0.102921445185856
92.0053,-0.399693122071099
92.0775,0.133408141706667
92.0815,-0.206078259698003
92.1224,0.289791435976667
92.175,-0.113611567160973
92.1834,-0.404212121414844
92.1852,0.221847052742888
92.189,-0.17931088837463
92.2026,0.191400132405022
92.2122,-0.422787270434412
92.2703,0.206670074735129
92.2833,0.167567884727376
92.3062,0.292299137544006
92.3761,-0.371294368141221
92.3955,0.098211398819501
92.4273,0.238389892624468
92.4389,-0.383308066705084
92.4588,-0.0564973762204204
92.4617,0.190572375638965
92.4971,-0.411726901277248
92.5031,0.160180830064505
92.5281,0.245031110799488
92.5628,-0.405769763025759
92.5765,-0.34907209883167
92.6453,0.154618876821417
92.6551,-0.282567596251965
92.6663,-0.418790429386888
92.6763,0.203046233940327
92.6771,-0.419939187857182
92.684,-0.403605938057879
92.7571,0.00184786412728499
92.7762,0.19364337742897
92.8823,0.239113801423528
92.8907,-0.120722085241823
92.8978,0.183320328819462
92.954,0.0566439723088337
93.0077,0.0131212637933231
93.0155,-0.412268619192659
93.066,0.121850885377739
93.127,0.238044510219424
93.1859,0.117597143629297
93.1909,0.046482675457213
93.2471,0.223623832364041
93.2989,-0.414799476880034
93.3346,0.296291876409953
93.3499,0.296292789003417
93.4019,-0.220572915892006
93.4294,0.00369276078916414
93.4479,-0.430325315012283
93.451,-0.182727305202363
93.4704,-0.408472681843136
93.4808,-0.091357529861412
93.5101,-0.24244535347971
93.5113,0.298902903744931
93.5457,0.0283444676164777
93.562,0.156844750940834
93.6326,-0.423020451781269
93.6539,0.193736940377832
93.8729,0.222279982561744
93.8773,-0.43481429769524
93.8994,0.0801149220742303
93.9119,-0.426489261707175
93.9172,0.252810330373222
93.9625,-0.392492981142809
94.0143,0.13645222983412
94.0323,-0.307022463540946
94.0535,0.198728502389784
94.0961,-0.246564862589807
94.1536,-0.10405828964528
94.1934,0.197768089190006
94.2107,0.225974706595764
94.2724,-0.167418909200066
94.3114,0.018149863099211
94.3191,-0.417610316296589
94.3211,-0.432604917410515
94.334,-0.37032909446441
94.3892,-0.37480450505798
94.4244,0.204282752733263
94.4488,-0.205079500537707
94.5105,0.155872499143754
94.5273,-0.155315629821018
94.533,-0.00817104244586631
94.5359,0.177383838693487
94.5732,-0.144894425173405
94.5959,0.195976267259255
94.668,-0.432895425021229
94.6751,-0.299933497407608
94.7084,0.315188325903691
94.7582,0.262657163533802
94.7977,-0.0428388727372635
94.803,0.0416457769253071
94.8151,0.288361435367889
94.8155,0.263026498757327
94.8235,0.107149589220981
94.8723,-0.332842684889442
94.9121,0.191021193872075
94.9253,0.266113418233559
94.9472,0.0340130439797264
94.9909,-0.0581373874306479
95.064,-0.388156013743099
95.0785,0.0258626477353374
95.1288,-0.142255652382474
95.1339,-0.140450640327131
95.1364,-0.0357183149069158
95.1662,0.082373720113452
95.1764,-0.368100520360059
95.2003,-0.414990441960029
95.2153,-0.402830019083211
95.2463,-0.00123308511832931
95.2678,0.296758290206441
95.3056,0.259332009523774
95.3094,-0.0926907046192724
95.3412,-0.253866367933057
95.3842,-0.202307066831651
95.4115,0.13718447439669
95.414,0.318462109526678
95.4852,0.309468271129774
95.5267,0.0689751172541122
95.5446,0.124959745030651
95.5795,0.31192336087399
95.6043,0.182215688063437
95.6073,0.0551506567988724
95.6156,-0.433463982788695
95.6219,-0.178553043416514
95.6383,-0.408270084548803
95.6546,0.240306548537575
95.7217,0.191974420311652
95.7932,-0.41616552413474
95.8011,-0.149771931975877
95.8013,-0.445047947635146
95.9078,-0.42772626901899
95.9117,0.282263255513541
95.9176,0.286677034431477
95.9469,-0.450112907872054
95.9702,-0.0598253032113547
95.9774,0.276268024332467
96.0094,-0.443687117610452
96.0492,0.0526335944822875
96.0733,0.19855528754799
96.0893,-0.309701981083663
96.0968,0.208136226431449
96.0997,0.303082330728813
96.1216,-0.313353726785579
96.1842,-0.440945821969422
96.2462,0.120476647849799
96.2646,0.313887807157002
96.2678,0.318021617084071
96.2868,0.039586063542032
96.2944,-0.369827121387758
96.3721,0.317527801317226
96.3742,-0.0034638945132599
96.4092,0.230243648805427
96.4225,-0.205271847980782
96.4542,0.19966981222953
96.4769,-0.258351004960161
96.4907,-0.443983895159775
96.5126,0.136785796726784
96.5329,-0.249346860644991
96.541,0.0445065142254748
96.5514,0.324432748225036
96.5779,-0.210120371878503
96.6287,-0.224261099551015
96.6399,-0.449096642134805
96.6547,-0.194221703791072
96.6838,-0.400010329846808
96.7034,0.163442678708378
96.7267,0.300053113984589
96.7568,0.194918190268922
96.8431,0.300493284523412
96.8459,0.239181927056237
96.8686,0.325062662843933
96.876,-0.326125994524915
96.9279,0.216940222505229
96.9452,-0.0942475307200255
96.9712,-0.126380858710164
96.9794,0.155791988167351
96.999,0.154502988018066
97.0048,-0.400331169011622
97.0131,0.144498684675611
97.0349,0.292307944426909
97.037,-0.327400732141896
97.0685,0.330034367557275
97.0729,-0.113271596951819
97.0759,-0.158628810117989
97.0878,-0.17729013368367
97.138,-0.284998458147186
97.1697,-0.446984775598921
97.1854,0.237146404131806
97.3034,-0.462633087111357
97.3221,0.283152590771365
97.3376,0.0959189947607513
97.3736,-0.460952970292482
97.395,0.226533910251817
97.442,-0.446098447238938
97.5365,0.181016128969645
97.5381,0.32270127038025
97.5837,-0.459671649029801
97.6183,-0.445103619246467
97.6193,-0.432010507535594
97.6405,-0.450382913932359
97.6556,0.293676517618323
97.6807,0.325235945148293
97.7039,0.240668067927331
97.7125,0.301113265484915
97.7365,0.175789250399504
97.7995,-0.0620902872889957
97.8169,-0.445579803004023
97.861,0.244506948463012
97.9038,-0.115079583761684
97.9482,0.195036330670035
98.0092,0.306254525552262
98.0807,0.325002809810684
98.0871,0.329849878805987
98.1573,-0.338586355172282
98.1648,0.208559440863368
98.2035,0.31168651827889
98.217,-0.331056353174134
98.2511,0.303428506862346
98.3201,-0.197697176895957
98.3887,-0.308965896823153
98.4092,0.284489759453876
98.4232,0.2603727959075
98.4785,-0.451568696995949
98.4841,-0.388254247392339
98.5506,-0.414429213780608
98.6125,0.0667642429489632
98.6426,-0.454258866247542
98.6586,0.0178514429624244
98.6775,0.0810771700482036
98.7106,0.2700065156981
98.7163,0.203554590910727
98.7519,0.129885697255915
98.7753,-0.333866245482042
98.8183,0.119154909990115
98.9024,-0.464059144015181
98.9037,-0.417591538198863
98.9081,0.201939025300661
99.0053,-0.288154356159097
99.0075,-0.466116728637303
99.0078,0.176433815453763
99.0506,-0.338425756510276
99.0975,0.341713982553458
99.1423,-0.437663829275252
99.1635,0.318180373287433
99.1642,-0.404003199213662
99.1774,0.306225096363789
99.2014,0.306945749535885
99.2316,-0.195093511759339
99.2721,-0.040240973307661
99.3309,-0.473178788389987
99.3787,-0.224338328525988
99.4171,0.208580638467609
99.5028,-0.48359362663507
99.5266,0.20693930476655
99.5502,-0.169436295059995
99.6106,-0.157141397724018
99.6405,0.0276007679780008
99.6417,-0.0731909423964225
99.6481,0.255425336988878
99.6624,0.203782368256441
99.6793,-0.129129190414645
99.6827,-0.286017204041912
99.7776,0.32705768125453
99.804,0.32168426298341
99.8372,0.339060999883543
99.8445,-0.469334542577144
99.8454,0.303903821592939
99.8469,-0.403951456610059
99.8843,-0.347151630252668
99.9437,0.348453995923563
99.9652,0.101376871126945
99.9895,0.314607232251063
99.9934,0.349365507155412
