0.1737,-0.0007047225560253
0.231,-0.00042258907005932
0.2548,-0.000369771831934929
0.2906,-0.000431047724665956
0.32,-0.000989213833512137
0.3207,-0.000497308653069239
0.3246,-0.000607146671800396
0.3528,4.69705185807689e-05
0.4683,-0.00127167324702609
0.4867,0.000463343617278233
0.5124,0.000295927182611289
0.5331,0.000290951580636523
0.5838,0.00112917726028716
0.6408,-0.000600659137975357
0.6442,-0.00125264727418806
0.6492,0.00122984789080838
0.6509,-0.00134946899104404
0.6998,0.000695302395675612
0.704,-0.00127461769536152
0.7285,0.000958403461085888
0.7372,-0.00159996518848038
0.7435,0.000304993741397253
0.7731,-0.000882234761172662
0.7804,0.000814786873616469
0.7816,0.000971821313800025
0.7866,-0.000784502791831065
0.8305,-0.000972411482697333
0.8604,-0.00145807034945877
0.8726,-0.00186098498324039
0.8887,0.000280217531538507
1.0081,0.00145798080573956
1.0083,-0.00195865329171685
1.0413,-0.00170654212154142
1.0517,0.00123976078334942
1.0528,0.00150847996820902
1.0625,0.00168375382353991
1.0757,-0.00202747315071061
1.1025,0.00138941823262084
1.119,-0.00168570282702762
1.1312,-0.00232750609416543
1.1642,0.00144022208304029
1.1783,0.000730727276632814
1.1801,-0.00222664745476342
1.1805,-0.00244440310960359
1.1951,-0.000930362060616918
1.2105,0.00219144853366471
1.2245,0.00188001276919225
1.2461,-0.000896865082224085
1.2597,-0.000982657444923651
1.2673,-0.00150910634614276
1.2818,0.00232901047660716
1.2947,-0.00284161825746487
1.3404,-0.00318380004951435
1.361,-0.00234880684616856
1.3761,-0.00319466431591842
1.3831,-0.000251472217893234
1.3992,-0.00303918288451932
1.4035,-0.00130752864660688
1.4035,0.00228359166075132
1.4113,8.00394621527367e-05
1.4128,-0.000721017539119018
1.4139,0.000285634934234391
1.4147,0.000164181755587967
1.4176,-0.00146103367672601
1.419,-0.00325202509232536
1.4454,0.00273054412601281
1.4628,-0.00197006406775402
1.4755,-0.000805413586020265
1.5278,-0.000319228274304972
1.5578,-0.00323984903448826
1.5783,-0.00277419793742273
1.5796,-0.000100370226605584
1.5802,0.00126510992713591
1.5833,-0.00213286571951965
1.6079,-0.0034971869282292
1.617,0.00100697559651097
1.6235,-0.00104187273830969
1.6373,0.00314073900958434
1.6452,0.00023071062566693
1.6474,-0.00335141853399423
1.6881,0.000150413952621387
1.6884,-0.00302669824728885
1.6966,-0.00330263039593737
1.6995,-0.00161063412888418
1.7038,-0.00274203881750257
1.7075,-0.00345025722924719
1.7086,-0.00254515606551764
1.7121,-0.00229350202957046
1.718,0.0023057995547322
1.7365,-0.00200424599896021
1.7554,-0.00214105928285901
1.7569,-0.00355134253270672
1.7688,-0.00339379906832082
1.7705,-0.000995203662624622
1.7961,-0.000175314271864346
1.8043,-0.000320882815463275
1.8114,0.00198242585800834
1.8159,0.00120568799173193
1.8244,0.00160913703373167
1.8256,0.00188550996396497
1.8345,-0.00332093960040614
1.8405,-0.00299886004740668
1.8925,0.00358095201658837
1.8943,-0.000677444817418937
1.9129,-0.000662676095608994
1.9227,0.002476072528379
1.9356,-0.00158712392803717
1.936,-0.00246969194237123
1.9365,0.00138289642520162
1.9405,-0.00113494164689421
1.9411,0.00370988215810608
1.9493,-0.00142994843621902
1.9513,0.00337730804593761
1.9713,0.00308455172717625
1.9729,0.00306110580831076
1.9816,-0.000888206588558926
1.9904,3.58940673457209e-05
1.9912,0.00281648935172374
2.0063,-0.00371867205661536
2.009,-0.00121073184243103
2.0128,-0.00359193289898974
2.0288,-6.84859143191829e-05
2.0301,-0.0021566747119306
2.0667,-0.00414164022085872
2.0724,0.00400647069332205
2.0811,-0.00426991319655468
2.0849,-0.00141553957859619
2.0899,-0.000437023981244788
2.0899,-0.00408101231710267
2.1044,-0.00357668164551717
2.1084,0.00166942920816471
2.1105,-0.00315780035316804
2.1241,-0.00426351297409466
2.1303,0.000353423540226494
2.1345,0.00402704680106725
2.1449,-0.00294246505827411
2.1518,0.00102321634901781
2.1607,4.72581840771369e-05
2.1685,0.000226557183263143
2.174,0.00285283663307156
2.1832,-0.00457857880609103
2.197,-0.00508433779844397
2.2223,-0.00480056921425875
2.2376,-0.0042245736355544
2.2485,-0.000405409724801853
2.2491,-0.00225063352254562
2.2534,-0.00293006933736262
2.2667,-0.00400638734643755
2.2712,-0.0026742421634558
2.2714,-0.00380509287823294
2.2967,0.00297002076825459
2.3085,0.00440809419089083
2.3165,-0.00519855920740087
2.3354,-0.00034893238094158
2.3435,0.00215427023715797
2.3453,-0.00481932326362777
2.3461,0.00394166213494396
2.3472,-0.00506077666621607
2.3522,0.00107323276255133
2.354,0.00330281647217356
2.3722,0.00423658309325381
2.3823,0.000118734673875576
2.3849,0.000302795341834194
2.388,0.00366551394902492
2.3887,0.00328252751446323
2.3897,-0.0057881929447321
2.4008,0.00126824670824099
2.4055,-0.00262965540477378
2.4143,-0.00538360334252452
2.4356,-0.00185395902920504
2.4415,-0.00530794197641615
2.4495,0.000702503336111437
2.459,-0.00575860706211673
2.4642,-0.000484376397475117
2.4684,0.00365928191447606
2.483,-0.00518845018660485
2.4896,-0.00555089253592067
2.4973,-0.00535471939089716
2.5091,-0.00493345656443456
2.5093,0.00227087717743846
2.5127,-0.00375247663157774
2.5143,-0.00340685020140574
2.5159,-0.00537854903643842
2.5349,0.00452328585768003
2.5358,-0.000594068123719982
2.5455,-0.00562218116912971
2.5462,-0.00547836402505153
2.5575,0.00208280880279688
2.5606,0.00346495647654566
2.5828,-0.00633726319500383
2.584,0.00154276446164614
2.5841,-0.0055313339430656
2.5963,0.00178086604712702
2.5984,0.0021162730330353
2.5993,0.00287972197625308
2.6006,0.00458724235207697
2.6069,-0.00311286020391455
2.6084,0.00381791163363454
2.6213,-0.0042809742107468
2.6245,-0.00160717069659455
2.6254,0.00497845609862724
2.6402,-0.00299342948939563
2.6412,-0.00380707587502949
2.6419,0.00164125141971461
2.6451,0.00222137927665678
2.648,-0.00678513271489178
2.6494,-0.00649014610527221
2.6498,-0.00249044450987368
2.6523,0.00321056441142753
2.6547,6.25493606145611e-05
2.6569,-0.00185459221163997
2.6663,-0.00594153852906754
2.6709,0.0050886094846625
2.6771,0.00425721041734484
2.6842,-0.0031271664734609
2.6853,0.00429755083475314
2.6895,0.00496174076929634
2.7047,0.00311382806724581
2.7067,0.00240179992590361
2.7088,-0.00600115786346755
2.7286,-0.00671845201596177
2.7297,-0.00556160292342911
2.7315,-0.00555670767769056
2.7423,0.00437162507514222
2.7462,-0.00548136658066856
2.7493,-0.00661379459720024
2.752,-0.00666812087128177
2.7526,-0.00114742013214197
2.7528,0.00517025889733747
2.7686,0.00310099340307879
2.7697,0.00322642458569344
2.7711,0.00461189351814983
2.7754,0.00404868022953764
2.7762,0.00348638142579327
2.7832,-0.0019671351586954
2.791,0.00505771564300783
2.7917,0.00346671396445419
2.8061,0.00523463385429412
2.8066,0.00491247735730616
2.8176,-0.00467605633736179
2.8197,-0.00223573756697348
2.8253,0.00468451822783722
2.8378,0.00355372574320301
2.8496,0.0038635441594761
2.8505,-0.00119402428698123
2.8587,-0.000149313284722119
2.8589,-0.00474417095785817
2.8606,0.00118230580627987
2.8623,0.00533874046501159
2.8646,0.00428061483246278
2.8704,0.00393897008757449
2.8785,0.000952195978658477
2.879,0.00430547360075284
2.8793,-0.00610406790294427
2.882,0.00544166655903533
2.8887,0.00120159777340323
2.8892,-0.00577745061396229
2.8895,-0.00562496674447832
2.9021,-0.00706200962849923
2.9033,0.00388238424124721
2.9034,0.00524539468655538
2.9134,-0.00452997686769674
2.9266,-0.00370349795163261
2.9292,0.00433342339165144
2.9369,-0.00219773743551421
2.9526,-0.00563270657255721
2.9554,0.0055677893609305
2.9555,-0.00555603893008083
2.9717,0.00535741237353582
2.9724,-0.00561458568156858
2.9735,0.00539378461468942
2.974,0.00310102539785406
2.9807,-0.00539115548370717
2.9811,-0.0061666775445075
2.9812,0.000525575397739342
2.9852,0.00559479294881449
2.9862,0.00563847247545857
2.9874,-0.0026578562951225
2.9889,0.00324207396231069
2.989,0.00245001785311372
2.9925,0.000393086081974303
2.9948,0.00530052399827818
2.9988,0.00511689097518442
3.0038,0.00572386733388086
3.0054,-0.00618418959191303
3.0062,-0.00388674425411883
3.0112,-0.00639455353327545
3.0145,0.0057043974892359
3.0163,-0.00341981863116958
3.0206,-0.00452655996876361
3.0229,-0.00454186785085975
3.0389,-0.00668873636775702
3.0448,0.00564813219424298
3.0484,0.00356163848194901
3.0529,0.00431073323009867
3.0602,0.00587493433142106
3.0621,-0.00702261441372753
3.0678,0.00237636432284116
3.069,0.0025784415122887
3.0708,0.000191699374406884
3.0747,0.00471570138094446
3.078,-0.00520834868084297
3.0784,0.00402411998658714
3.0821,-0.00444990950747526
3.0829,0.000368150722847904
3.0906,-0.00743166769455827
3.0948,0.00400227981565138
3.0969,-0.00546305789259138
3.1047,-0.00371258728362189
3.1147,0.00498389592384907
3.1225,-0.00407636850662696
3.1282,0.00525927364718015
3.1335,-0.00756084404497903
3.1438,0.00587661639028658
3.1481,0.00532728959785
3.1496,0.00529771026941583
3.158,0.00463081610228144
3.1591,-0.00451939429730075
3.1622,0.00530268751482943
3.1628,0.00477111132754482
3.1654,-0.00205416426551652
3.1675,-0.00653730617918002
3.1748,-0.00361352296978312
3.1813,0.00492980967215795
3.1818,0.00390071065598807
3.1901,-0.00520899721701129
3.1923,-0.00643856708478996
3.1965,-0.00691873502424345
3.1997,-0.00138538309605885
3.2082,-0.00737856100592449
3.216,-0.00357190352451164
3.2176,-0.00704461261316336
3.2207,-0.00573533514142666
3.2238,-0.00429179054229856
3.2398,-0.00660072407444412
3.2457,0.00624964476141399
3.247,0.00586377249112369
3.2502,-0.00684559806784035
3.251,0.00277756459299461
3.2533,0.00599119280327987
3.2565,0.000204455037320805
3.2569,-0.0068688164313806
3.2619,-0.00341640196673465
3.2625,0.00572264529415678
3.2629,0.00493787215385311
3.2825,0.00586553804170364
3.2902,-0.00467672635223071
3.2919,-0.00540413681014007
3.2929,0.00375182986938993
3.3017,0.00628106643407023
3.3017,-0.00145729915394543
3.3029,-0.000408808669571936
3.3061,-0.00676554614898484
3.307,0.00576891056358964
3.3296,0.0024411720545876
3.3353,-0.00368516045734335
3.3394,-0.00729487646977978
3.3415,0.00511879322286424
3.3462,-0.00732935425381731
3.3542,0.00221533338418523
3.3572,0.00248904977721542
3.3598,-0.00530889432395121
3.3606,0.00420406770124737
3.3615,0.00457088769985292
3.3623,0.00382869635711769
3.3635,0.00633919105073577
3.3663,0.00329361424141883
3.3767,0.00588255474728872
3.381,-0.00673019017760712
3.3878,0.0063925694246203
3.3938,-2.76804776624395e-05
3.3964,-0.000404324675211676
3.4109,0.00632172148036947
3.4152,0.00625384870265178
3.4187,0.00395778894290766
3.4195,-0.00777604450135438
3.4216,-0.00733920252874221
3.4225,-0.00682545473405405
3.4246,-0.000955503495537524
3.4268,-0.00611046047881247
3.431,-0.00623309745684431
3.4314,0.00262669368813473
3.4368,-0.0043380048467685
3.446,-0.00732935803891932
3.4543,0.00217599132310609
3.4576,-0.0075804209151773
3.4583,0.0049170580953124
3.459,-0.00555784252902169
3.466,-0.0060687715158485
3.4667,0.00575246527209439
3.4747,0.00523751056381849
3.4771,0.00604363101146044
3.4781,-0.00028782489171153
3.4781,0.00612531854575415
3.483,0.00505078158046368
3.493,0.00559998197975142
3.4951,0.00609683200196498
3.5096,-0.00766364854754231
3.51,0.00477055179326324
3.5193,0.00180593859340616
3.5205,0.00612228529135672
3.5219,-0.00720086398476072
3.5263,0.00274327476899083
3.5274,-0.005215697093925
3.5294,-0.00176147551702766
3.5295,-0.00778848967971291
3.5326,-0.00443955061059986
3.5327,-0.00615090712158395
3.5329,0.00673471597086017
3.5443,-0.00778052987277267
3.5466,-0.00742329555583243
3.5657,0.0040343006584358
3.5695,0.000567653314782035
3.5768,0.00309881926832212
3.5855,0.00429881103724528
3.5856,0.00650110107108759
3.5862,0.00223717667923617
3.5886,-0.00717985741780724
3.5949,-0.00681441035378327
3.5971,-0.00413324660219416
3.5996,-0.00785100888807833
3.6016,0.00649330862774367
3.6052,-0.0063487181689168
3.6106,0.00596982445081995
3.6148,0.00510117871007809
3.6213,-0.0015295275644811
3.6231,-0.0034270896658537
3.6269,-0.00784011562473896
3.6282,0.00435295458959351
3.6295,-0.00200446242550001
3.6363,-0.00783381721248588
3.6368,1.09174594626893e-05
3.6375,-0.00454051068276629
3.6409,0.00641844623021903
3.6441,-0.00162013582166409
3.6494,-0.0047683348395009
3.6531,-0.00270992820979954
3.6554,-0.00744598931582274
3.659,-0.00404058497209281
3.6606,0.00150027524638974
3.6619,-0.00787254949896088
3.6645,-0.00692950360042266
3.6651,-0.00527399021871577
3.6656,-0.00784057212876155
3.6659,-0.00439240022377341
3.669,0.00423951276674162
3.6698,0.00222539303634628
3.6711,-0.00205317023922458
3.6736,0.00705817919422147
3.6737,-0.00768247442658643
3.6738,0.00698457376423445
3.6801,0.00626166296262021
3.6861,-0.00784500529288312
3.698,-0.00801882221521044
3.6992,0.00462878543216716
3.7072,-0.00765832791880561
3.712,-0.00516179101165237
3.712,0.00111455974618879
3.7123,-0.00039150687462719
3.7197,0.000422283377071508
3.7208,0.00710269848605405
3.7233,-0.0068442739534329
3.725,-0.00115249272147722
3.7281,-0.00427508627330786
3.7283,-0.00312471041855389
3.7296,-0.00692309012129533
3.7336,-0.0079647209615179
3.738,0.000109514397455435
3.7415,-0.00426036413022501
3.7419,-0.00585241897618882
3.743,-0.00405149010184447
3.7492,-0.00765534450408589
3.7497,-0.00173519674509182
3.7524,-0.00124325817149717
3.7554,-0.00653776900478409
3.7562,-0.00496076757772501
3.7568,-0.00769954796042915
3.7575,-0.00200100956095284
3.7613,-0.00758716985288377
3.7642,0.005440050127695
3.7684,0.00661626422946116
3.7737,-0.00462445720452997
3.774,-0.00369283180679414
3.7759,0.000370378032436669
3.7815,0.00656489130086912
3.7944,-0.000227033923660969
3.7948,0.00272593106399421
3.7997,0.00198694966523183
3.8016,0.0066359983206925
3.806,0.00708657731745266
3.8065,-0.0048719863461395
3.8115,0.00296221239824623
3.8138,0.00532945849694322
3.8227,-0.00754648868187635
3.8228,0.00515922027257654
3.8245,-0.00643046368750033
3.825,0.00687133687736408
3.827,0.007111170855989
3.8346,-0.00784745149741539
3.836,-0.00164279647292132
3.8385,0.00167724313054318
3.8407,-0.00639892249253737
3.8416,-0.00451105404088548
3.8498,0.00395515793893209
3.8507,0.00331833412909921
3.8684,-0.0082051247202739
3.8689,0.00667494246049483
3.8718,0.00633342227893641
3.8811,-0.00726536044922987
3.8811,-0.00399744483420506
3.8818,0.00640832897684307
3.8828,0.00469988578051073
3.8837,0.00627672466975859
3.8844,-0.00185264087746972
3.8844,0.00499047992312862
3.8919,-0.0068127642168041
3.8924,-0.00825255961993632
3.895,-0.00831949283413635
3.8968,0.00724321157144114
3.9026,0.00568130200428518
3.9027,-0.00463299152257912
3.9087,-0.00459985665943741
3.9114,0.00152665720588807
3.9118,-0.00803812269928583
3.9157,-0.00688320324594693
3.918,-0.00804370589932812
3.9204,0.00724000580586326
3.9215,0.00156013345349804
3.9232,0.00659134753057433
3.9245,0.00312719241205084
3.9258,0.00649366697969445
3.9308,-0.00162368901686483
3.9409,0.00492549153567401
3.9434,-0.000927346562176634
3.9505,0.0028233298278959
3.953,-0.00646926519428836
3.9576,-0.00274562371273923
3.9686,-0.00697530266412105
3.9686,0.00072376168319721
3.9795,-0.00381582524281487
3.9796,0.0075682596101152
3.9824,-0.00303201929066965
3.9824,-0.00538216317990159
4.0008,-0.00451996536734889
4.002,0.00372255810100652
4.0034,-0.00697672191353504
4.0123,-0.00863463256724462
4.0126,0.00587312447371868
4.0145,-0.00826280675547597
4.0154,0.0066277551392
4.0159,-0.00843987150782066
4.0206,-0.00589410010122826
4.0215,0.00766955638199729
4.0295,-0.00325450642922931
4.034,-0.00852456466984464
4.0369,0.00505664740761791
4.0409,0.000378121866051906
4.0419,-0.00578772560156171
4.044,-0.0086069426973312
4.044,0.00650418719005597
4.0454,0.00253910782712374
4.0622,-0.00795337296525833
4.0626,0.00177652829034347
4.0691,0.00442300971687271
4.0697,-0.00871373028301292
4.0716,-0.00693948062669936
4.0723,0.00648788146406432
4.0736,0.00148428778103504
4.0738,0.00676986982221894
4.0756,0.00777124911890503
4.0834,-0.00266711859797741
4.0853,-0.00447311518757765
4.0856,0.00350513775731365
4.0887,0.00454430334947187
4.0895,-0.0084354328870937
4.0908,-0.00488440264930468
4.0932,-0.0055643311758109
4.0933,-0.00691511521720223
4.097,-0.00865814715969382
4.0993,-0.00488912066022795
4.1001,0.00110282519503002
4.1055,0.00148359806848752
4.1058,0.00126013754793686
4.1079,0.00612041610454828
4.1107,-0.00807754245459869
4.1151,0.0068250673969743
4.1177,-0.00681886650063035
4.1185,0.00410417054855206
4.1187,0.00538624183976122
4.1191,-0.00224458166847352
4.1191,-0.00882890208634723
4.1279,-0.008672692727834
4.13,0.00606554870134612
4.135,0.00781428974001575
4.1382,0.00802395299755343
4.1392,-0.00474339367240084
4.1492,-0.00874224419704195
4.1547,0.00327488828083844
4.1559,-0.00616034052190795
4.1615,-0.0051935837317254
4.1744,0.00363972393758871
4.1748,0.00784620884650522
4.175,-0.00777085669293065
4.1795,-0.00164724274090755
4.1817,0.00494962116427988
4.1834,0.00359974266502761
4.1888,-0.0088990914621947
4.1898,-0.00597090115793275
4.2025,-0.00285300119508847
4.2055,-0.00212373310313563
4.2105,0.00786750531075686
4.2112,0.00781868732443325
4.2139,0.00461771514700082
4.2162,0.00542626869532281
4.2187,-0.00500740603586181
4.2196,-0.00160481745458085
4.2227,-0.000415092355027902
4.2244,-0.00847030069360155
4.2292,0.00764204908783217
4.2391,-0.00401385379279606
4.2398,-0.00641005383890292
4.2434,-0.00432590920907128
4.2434,0.00655501227202659
4.2508,-0.00114289289898117
4.2535,-0.000218433257630934
4.2599,0.00437304753582168
4.2605,-0.00378719383853365
4.267,-0.00804194031363004
4.2715,0.00725705458464532
4.2745,-0.000255126909388004
4.2756,-0.00738620737730056
4.2758,-0.00753615955796683
4.2831,0.00504749321477327
4.2899,0.0017413040726062
4.291,0.00821334143884389
4.2928,0.00701952617324153
4.2937,0.00831042291610729
4.2937,0.00675282452582859
4.2968,-0.00848754990655731
4.3156,0.000763613286033582
4.3199,0.00794566443944955
4.3238,-0.00848885385873821
4.3248,-0.00135389223655302
4.3265,-0.00934913229005829
4.3289,-0.00743003350271554
4.3316,0.00755232922260518
4.3336,0.00799520446842195
4.3406,-0.00630522222724128
4.3408,0.00637402428226874
4.3434,-0.00782025466336478
4.3441,0.00834140448125709
4.3461,-0.00918299018210522
4.3474,0.00321357705499992
4.35,-0.00176368612550171
4.3544,0.00787403883139604
4.3556,0.00709880769151638
4.3629,0.00853815658895307
4.3631,-0.00145035140795979
4.3661,-0.00808771114860729
4.3676,-0.00603739797168412
4.3687,0.00107781309003663
4.3735,0.00811707919707505
4.3742,0.00815268971784899
4.3791,0.00541162190713784
4.389,-0.0086601200043015
4.3914,0.0078323150586197
4.3956,0.00839025426838003
4.3962,-0.00939023442637588
4.4021,-0.001807702990269
4.4035,0.00626956304523407
4.4137,0.00764790284023054
4.4233,-0.00606655590635263
4.425,0.00792225526164536
4.4252,-0.00340130459293242
4.4264,0.00735427695145052
4.4309,-0.00104896292195811
4.4318,0.00828054803795464
4.4425,-0.0052036299727769
4.4527,-0.00822992623440655
4.4528,-0.0052092845014764
4.4583,-0.00269173866342243
4.4628,-0.00438453739969624
4.4675,0.0069363305788599
4.4686,-0.00394740864348009
4.4697,0.00851511259856963
4.4771,-0.00749270999563745
4.4771,-0.00353759855723812
4.4819,-0.00127314490029917
4.4841,-0.00143888010730375
4.4858,0.00847058068284223
4.4886,0.00197122555142748
4.4941,0.00875728588616553
4.4952,0.00736365232476555
4.5025,-0.00570410079834716
4.5142,0.00874600754090427
4.5174,0.00586624483108977
4.5183,-0.00833606422189614
4.5186,-0.00961043490677671
4.5192,-0.0089852302799116
4.5213,-0.00595604701293162
4.5215,-0.00705851275740788
4.5235,0.00859053326914161
4.5237,-0.00828610964961207
4.5298,-0.00142272830135237
4.5301,-0.00581035006315478
4.5372,-0.00511792695822244
4.5393,0.00255969381802856
4.5428,-0.00318497945103235
4.5431,0.00868365984815522
4.548,-0.00993475502263941
4.5485,-0.00915954817581532
4.5496,0.0086241518250425
4.5571,-0.00358168585286833
4.5604,0.00839797594229186
4.565,-0.00331728556199717
4.567,-0.00906926666251628
4.5673,0.0024310725065666
4.5682,0.00582871152650455
4.5825,-0.00727054095992319
4.5827,-0.00949528951787659
4.5856,-0.0046990159419682
4.5882,0.00501525103140654
4.593,-0.00183235465556564
4.5968,-0.00990313876246507
4.5996,-0.00958226953025232
4.5999,0.00684467965865121
4.6004,0.0033053600579116
4.6028,0.00880191811602238
4.6038,-0.00987141377215739
4.6052,-0.00422966465081842
4.6067,0.00636047394491701
4.6098,-0.00454712242062261
4.6121,0.00130249017428952
4.6152,-0.0059299547174847
4.6222,0.00497056243125193
4.6258,-0.00649198514749827
4.6279,0.00142081062974064
4.628,0.00132593327662889
4.6281,-0.00200527885454793
4.6326,0.00758327087264554
4.6383,0.00878926635207744
4.6405,-0.00673003759280189
4.643,0.00697828193326089
4.6432,0.00745414995789773
4.6457,0.00560569644126829
4.6493,-0.00103681138610767
4.6563,-0.00140286325708328
4.6564,-0.00877234701409968
4.657,0.00232508524153552
4.6658,0.00766273485261149
4.6659,0.00904941410516802
4.6693,-0.00188597380734201
4.6714,-0.00793979947665768
4.6737,-0.00784751354586888
4.6756,0.00861639848578122
4.6841,-0.0061867439877803
4.6842,-0.0009493339671236
4.6849,0.00608663988754632
4.686,-0.00925763238565924
4.6867,-0.00414208383750569
4.6878,-0.00654221673991096
4.6883,-0.00721115900687685
4.693,-0.00844232442825721
4.6933,-0.00294421370489495
4.6937,-0.000913087723670714
4.6944,-0.0019687210851318
4.698,-0.0057419081106822
4.7021,0.00466201866814142
4.7028,0.00758648440246645
4.7052,0.00894831090189907
4.7071,0.00507947374550088
4.7117,-0.00938801307578085
4.717,0.0085320783813545
4.7185,0.00902487660696405
4.7202,0.00126059710964999
4.7217,0.00458195637385916
4.7267,0.000180275826532572
4.7322,-0.00695558787134143
4.7334,-0.00416441374813203
4.735,-0.00479334597526737
4.7351,0.00790980840686739
4.7372,0.0068527123626474
4.7423,0.00096291568881135
4.7486,-0.0102549624131534
4.751,0.00565982489663241
4.7586,0.00911543726158737
4.7604,0.0057905319096534
4.7727,-0.0103334118109171
4.773,0.00731330162725818
4.7734,0.000293547023262342
4.7761,-0.00261494373772475
4.7768,-0.00958709318979079
4.7875,0.00435361157775382
4.7885,0.00517945430996036
4.7947,-0.0046370618141518
4.7978,0.00810080481199815
4.8,0.00934501189729975
4.8074,0.00888245086691786
4.8097,-0.00234282677365538
4.8152,0.00926120851115453
4.8177,0.00917401118603767
4.8221,0.00180267249999577
4.8231,0.00401943645143987
4.8233,-0.00797450371476938
4.833,-0.00789476281667056
4.8345,-0.00188580957447115
4.8354,0.000692468244700706
4.8373,0.0087118484392974
4.8395,0.00490210523039813
4.8406,0.00142166172240188
4.8413,0.00937030178980258
4.8446,0.00502413056726159
4.8513,-0.00424675728540613
4.8517,-0.00743633289344992
4.8529,-0.00793291456736789
4.8542,0.0091892533433251
4.8554,0.00804648831589017
4.8578,-0.00879632908721728
4.8589,0.00910684881601753
4.8694,-0.00530318388797379
4.8727,0.00525518644253253
4.8729,0.00854465135208926
4.8781,0.00887388518943411
4.8824,-0.00884357907804834
4.8838,0.00557592785731487
4.889,0.00587132906797372
4.8936,-0.00994143657355462
4.8962,0.00608625595408263
4.8989,-0.0104998264253053
4.9029,0.00692575535605666
4.9114,-0.0041528091837133
4.9117,-0.00315394788217738
4.9142,0.00926126041958142
4.9153,-0.00394942629613748
4.9182,-0.0104059846043931
4.9193,0.00624798932868931
4.9212,-0.00954510311532974
4.9244,-0.006253172651701
4.9279,0.00842117219386562
4.9296,0.00930067332676909
4.9297,0.00611466067537947
4.9308,0.00671073323876836
4.9503,0.00884355804780945
4.9507,0.00548115819458683
4.9546,-5.86616704891796e-05
4.9638,0.00828497004944229
4.964,0.00938052279095825
4.9647,0.000174946838070511
4.9708,-0.00174696856313883
4.9739,0.00506403465473682
4.9752,0.00854477879522975
4.9845,-0.00854329272771093
4.985,-0.0092923954051658
4.9873,0.00920263790941966
4.9896,0.00677649254908363
4.9948,-0.00362973433900038
4.9967,0.00621330281528021
5.1515,0.00831019894338247
6.0171,-0.0112674848712206
6.3476,-0.00146112259056785
6.7229,-0.0147057846823584
7.4169,0.00546775102873109
7.7556,0.0117672867701124
7.8072,-0.0142602980480042
8.3072,-0.0121572892426691
8.4155,0.00757845943132374
8.5606,-0.000767509611018014
8.6267,0.00231539409067061
9.5237,0.00174176826690342
9.526,-0.0176466731273823
9.7703,-0.00987881469157159
10.0482,0.0187310036726949
10.1372,-0.0220745289719222
10.6905,-0.00669366548361161
10.7258,-0.0211211354788965
11.0824,0.00650817153758254
11.2962,-0.0234223716718986
11.4742,0.0125182501175551
11.6441,-0.0251585548830775
11.7,-0.0244258621103253
11.8063,-0.000583970822798818
11.9616,-0.0133636883857147
11.9745,0.0218941926244884
12.5026,-0.00767573761478069
12.5596,-0.0221132068726106
12.6658,0.0137547123464579
12.8172,-0.0285385839495191
12.8541,-0.00744205338387616
12.9484,0.00222194520270769
12.9533,-0.000630924819176926
13.4414,-0.00581528845108181
13.5322,-0.020732766924894
13.7813,0.0192288476075255
13.7989,0.023971813873306
13.8605,-0.0227826603195727
14.3717,-0.0247726133139796
14.3997,-0.0252560855512769
14.4917,0.0113839369303452
14.7474,-0.00781336343009897
14.798,-0.0321548948792554
15.1776,-0.00913227204252287
15.2646,-0.0308080806487023
15.4793,-0.0273025603421839
15.8421,-0.00199255713491731
15.8722,0.00718783231412168
15.9755,-0.0313462242880718
16.0072,-0.0268845144713588
16.0216,-0.014580592765526
16.1459,-0.0351033522730084
16.3173,-0.0153516689327127
16.3704,-0.0370109850613858
16.4739,-0.0343568703092494
16.5316,-0.00181449662835931
16.7997,0.0239579085145039
16.9334,0.0296333156687929
16.9434,0.0309349145608557
16.9717,-0.0320788300272952
17.0191,-0.00562558608213948
17.0227,-0.0334953803997635
17.1823,0.0302658965854192
17.2072,-0.000669586873485173
17.3293,0.0288610256452344
17.4463,-0.0370989288038359
17.6137,0.0127020678981147
17.6775,0.0160841309480588
17.7405,0.0134574624898853
18.0249,-0.0425312705639094
18.0408,0.00946324640852581
18.2405,-0.0095875585839984
18.4093,0.00446573288330043
18.5897,0.0362115400022027
18.6239,-0.0439492563625024
18.7136,0.0357604137108503
18.744,0.0165783730849931
18.883,0.00945216885592615
19.0316,-0.0222052710224609
19.04,-0.0443629021382499
19.109,0.0345473158332794
19.1477,-0.0450099852695551
19.2672,-0.039619930882278
19.2914,-0.00608042633018968
19.4897,-0.0228998953622472
19.5257,0.0372239174083866
19.927,-0.0461291211177155
20.0157,0.0309477629656065
20.0442,-0.0122687624237301
20.1206,-0.0281254506105135
20.2573,-0.0202220963907926
20.2908,0.0393718903021423
20.3825,0.0331654731023576
20.5306,-0.012371304981837
20.6083,0.0184903642618934
20.7412,-0.0343648035758086
20.7671,-0.0186517529676955
21.0982,0.0411668253283821
21.1427,0.0130475364368188
21.2255,-0.0434324751172284
21.4005,0.0402862108421012
21.5661,0.0194454588092761
21.83,-0.0245852309012093
22.095,0.0331442809003732
22.4142,0.0418293364006246
22.5466,0.0436659913393527
22.629,0.0439337814112299
22.6774,-0.024671692010088
22.6913,-0.0508935668894459
22.7569,0.0436488231403409
22.8573,0.0131999893779202
22.876,-0.0544977970707983
22.9448,-0.0219855592640918
23.1618,-0.0559038855925884
23.184,0.00423862636136718
23.3528,-0.0496287884968964
23.5393,0.0451848612042127
23.8294,-0.01973366240804
24.1858,-0.0109715775284833
24.2131,0.0464990236342793
24.2134,0.046967268069686
24.2389,0.0294889478939595
24.3254,0.0112498446575771
24.5546,-0.0402079836998261
24.6161,-0.0378252601427924
24.7427,-0.0389159736840057
24.8117,0.0450924101645391
24.814,-0.0614177887240608
24.8743,-0.0508178875054526
24.8767,0.01041271954902
24.9939,0.0428055709427504
25.1152,-0.00560027758827175
25.161,0.00472861046681317
25.2035,-0.0422046246540226
25.4411,0.0486749666555255
25.5162,0.0497375725727025
25.5776,0.0462817311547923
25.6166,0.0482656732133542
25.8359,-0.0578596609289512
25.9757,0.0487243054440327
26.0817,-0.0613530442980021
26.1067,0.0458960997834694
26.1287,0.0311531196255146
26.2947,0.0510125841439439
26.3019,0.029328156275966
26.372,0.0403357165281157
26.4341,0.00224990292674931
26.4693,-0.0293584574478629
26.486,0.0500849051235868
26.6937,-0.056738170169421
26.7364,-0.0594727090109011
26.9629,0.023347789793057
26.9767,-0.0668807645346909
27.2363,0.0316190913786372
27.481,0.0110487828274266
27.5916,-0.0550763736855764
27.5985,-0.00934089003304805
27.6966,-0.0687375879121497
27.7516,-0.0460075517930463
27.9872,0.0527816884470198
28.0335,0.0494116306448475
28.2313,0.0514173946822076
28.3702,-0.0444391621305158
28.4213,0.00215504217362295
28.5326,-0.0526822649774701
28.7742,-0.0678995950204069
28.8341,-0.0664779652422247
29.0089,-0.073906515628746
29.0382,0.0561033448889212
29.1825,-0.0596440848610271
29.2142,-0.0351957018147182
29.2452,0.0556724894684457
29.4451,0.0464024122767555
29.5004,0.0416112830776534
29.5583,-0.0476716609081507
29.606,-0.0771282770060431
29.734,0.0376388738464897
29.9377,0.056392180078749
29.9793,-0.0274888375160671
30.0425,-0.0442922051441741
30.0472,-0.0283924926874235
30.0948,-0.0032319743514968
30.6162,0.0572933694799715
30.6824,-0.0804954988276272
30.7057,-0.013737477050249
30.717,0.0483705043547964
30.7274,0.0522771432872062
30.8171,0.0352269865031296
30.8217,-0.0785055290738903
30.8876,0.0505267185403646
30.9282,0.0579879456564427
30.9511,0.053354403076824
31.1461,0.0131225829756829
31.1735,0.0117287788389433
31.2906,0.0423799297391945
31.3386,-0.0177309623421777
31.3936,-0.0690156222185223
31.4447,-0.063286417518416
31.5052,-0.0109502659324292
31.5907,-0.0813011770843808
31.7229,0.0518163308168837
31.7828,-0.0613775870621076
31.8331,-0.0325703815523575
32.0082,-0.0773140655333648
32.1605,0.0124002300101651
32.2054,0.0357227955704573
32.2735,-0.0111738352601876
32.3191,0.033905455062488
32.4579,-0.0291909335236014
32.604,0.0593254649421908
32.6221,0.0555901457117827
32.7598,-0.0873252224219669
32.7652,0.0594074470028971
32.8628,-0.0340869537281918
32.9284,0.0557180263976349
33.0149,-0.0750652039327093
33.0724,-0.0525617536462164
33.2068,0.0648578615570514
33.2544,-0.0260018363899022
33.281,-0.0838591198222147
33.5985,-0.0471454530599829
33.754,0.0628392415820826
33.9449,0.0656343390834451
33.988,-0.0884183965298249
33.9947,0.0148597003718081
34.0641,-0.00832225937377018
34.2003,-0.0928779502324986
34.2715,-0.0707241950067043
34.2763,0.0287401685102537
34.2781,0.0653356707086132
34.2992,-0.0616071991450156
34.3368,0.0358481874120073
34.3808,0.0444109859395851
34.4254,-0.0682002225595042
34.4361,-0.0870002115214916
34.4533,0.0631198124317862
34.5059,-0.0946882544619498
34.5411,-0.0888077066646957
34.5429,0.0660955853193812
34.5805,-0.020701692025483
34.621,-0.0912301150608101
34.6267,-0.0906542285473151
34.6835,0.0660403983441995
34.7617,-0.0748327007044765
34.8112,0.0665844405314999
34.8762,0.0592348007046297
34.8853,0.00674460437527102
34.8868,-0.0738400108980031
34.9723,-0.0950794893975058
35.0471,0.0195222360186662
35.1271,0.0481156831045766
35.139,-0.0187692919977707
35.3887,0.0675037877779303
35.3906,0.013768247556186
35.3973,0.0640491528487601
35.4178,0.00707601430050886
35.4838,0.0629108975633415
35.5143,-0.00750858488430595
35.5877,0.0684449023878599
35.601,0.00224403056620304
35.6412,-0.0631257428896603
35.7257,-0.0316396363416658
35.7286,-0.0253636151509298
35.7794,0.0690138983685245
35.8158,-0.0384091060153295
35.8819,0.0612602339965136
35.9149,0.028676244910244
36.0834,0.0475496879489086
36.1699,-0.0712035087850253
36.2669,0.0390610427893137
36.3287,0.0183962696994655
36.3878,0.0652856476029413
36.5895,0.0708365599466063
36.6825,-0.00397102533862181
36.7268,0.0221302132016632
36.7352,0.0269369296935338
36.7745,-0.00311206288092336
36.7914,0.0127388989151029
36.8552,-0.0925655345048284
36.8578,0.0683480531798608
36.8647,-0.0907844029927674
37.072,0.0711469278651649
37.1108,-0.00448583669217584
37.1236,0.064450960421226
37.3108,-0.0638339160857697
37.4066,-0.0367863142226454
37.4445,-0.0965500902599743
37.4939,0.0673830186786475
37.5359,-0.0791568094297119
37.6145,0.0442691302196536
37.6251,-0.00720601812786725
37.6391,-0.000317485005879803
37.65,0.0633819396236106
37.6605,-0.0831949568411119
37.6848,-0.0657958378117058
37.7217,0.0273167080930108
37.7568,-0.106698988929082
37.7876,0.0156579757223057
37.799,-0.10731592320974
37.9133,0.0148942610936444
38.0543,-0.0053131020792847
38.0676,-0.062161589326557
38.1611,-0.0636553808396201
38.1734,-0.0202480101875153
38.1803,0.0165240507059963
38.2474,0.00932507687095807
38.7238,-0.0867466670005612
38.7371,-0.0776297889587525
38.8914,0.0757715440742288
38.9976,0.0456179711087117
39.0279,0.0756860277459026
39.0533,-0.0258243809247531
39.0546,-0.0290105083401357
39.1239,0.0706333504757382
39.1549,0.0738097240757654
39.1641,0.0762771973378875
39.229,0.071455411157018
39.2311,0.035548562639157
39.2595,0.0557821638560867
39.3508,0.0728826694489086
39.3631,-0.112441710576576
39.4322,0.0767258630250538
39.4513,-0.111776898291673
39.4674,0.0550835134666912
39.5125,0.0764622835610211
39.7647,-0.0485262317247717
39.8048,0.0772919177853595
39.8551,-0.105646743647348
39.8553,-0.0496467156080342
39.8907,0.0207937019536644
39.8947,0.075553458595536
39.972,-0.111803411973291
40.1129,-0.00474270601738169
40.2239,0.0100946521924428
40.3473,-0.0736063838981309
40.4874,0.0763368893520706
40.5359,-0.015111421913879
40.6491,0.0206142194760019
40.7019,0.0729129322625539
40.7857,0.0787973226943777
40.8368,0.0346077632954476
40.9967,0.000407233835176157
41.0105,0.0702608108616829
41.0229,-0.0422301381843084
41.0395,0.0132707612672007
41.1559,-0.0351561157609837
41.2001,-0.0685721296047674
41.2047,0.0627779637811443
41.3929,-0.121152807834314
41.4398,-0.0995774274145731
41.4925,0.0621581666578663
41.5259,-0.106913407183363
41.5995,-0.120032064463565
41.6599,0.0654615112832033
41.7057,0.0809624685544463
41.8192,0.0510178953248968
41.8209,0.0745723910635903
42.0118,0.0682254274591685
42.0757,0.0766448041600611
42.2274,0.0557288007808765
42.2592,0.0811691227826046
42.2649,0.0659879735366218
42.275,-0.0166595549472603
42.4685,-0.073145685758611
42.7008,-0.0988844993621782
42.7342,-0.0494476269271331
42.7582,0.0356056645778366
42.7987,-0.0579737779528884
42.8225,-0.104010384905955
42.8965,0.0794233032765561
42.9124,0.0786581200676295
42.9337,-0.0865215330998268
42.9417,0.0619984534367291
42.9678,0.0825248207238332
43.0351,-0.0964266425515916
43.0435,-0.101217181705543
43.0483,0.0820007563318654
43.117,-0.0656851732586006
43.2011,0.0636147429690297
43.444,0.0730279540365117
43.4539,0.0660722182307154
43.4667,0.0651408663500845
43.4913,0.079025808707101
43.5129,-0.0850519569212977
43.5139,0.0799159418510413
43.5285,-0.0658663890564455
43.5386,0.0794854514100862
43.5596,0.0804844373104885
43.5967,-0.0949615385446378
43.6214,-0.0945350087905084
43.7211,0.0854387141169042
43.7814,-0.00244694183906091
43.8025,-0.118722897830843
43.8812,0.00226993595386205
44.0008,-0.131507366496244
44.0903,0.0679745992152334
44.1398,0.0621587373900852
44.1852,0.0785365085920873
44.1991,0.0460669631187258
44.2581,0.0833305888616707
44.4056,0.0855742080856317
44.4251,0.058395810850115
44.5172,0.0875320728724205
44.5314,-0.0050229449786201
44.5336,-0.0117106164235352
44.6457,-0.0360605579796101
44.7297,-0.0214031386474502
44.7518,-0.0843054664374208
44.7538,-0.108512341134144
44.7837,0.00240735633968114
44.7974,-0.0578740336060619
44.8961,0.0847198275704031
44.9991,0.0127610267778877
45.0642,-0.000123386048407781
45.0789,0.0879943262501186
45.0982,-0.0565276431565493
45.1609,-0.118827184625758
45.2331,0.0176404367838359
45.5054,-0.119082204607388
45.5555,0.0415457517585693
45.5912,0.0677498362509468
45.6393,0.089514114945068
45.6459,0.0727393230881788
45.6988,-0.133209788715313
45.7613,-0.042708318782033
45.7816,-0.140000895917929
45.788,-0.00352132897499757
45.801,0.0668190399334065
45.8221,-0.132920810872392
45.8918,0.0651788595694498
45.9113,-0.136771100206495
46.0058,-0.0197671944822559
46.0602,0.0900144023436837
46.0616,-0.126650818736422
46.0799,0.0742183374917715
46.0934,0.0709364001231307
46.1169,-0.0958677711314451
46.1572,0.0817808117126617
46.1583,0.0897834223916831
46.2555,-0.0476594473884191
46.2928,-0.0416042996007064
46.3237,-0.0275662927935301
46.3722,0.0893016263364359
46.4253,0.00799357389690414
46.5089,-0.130181131148994
46.6948,0.0912073242793738
46.7631,-0.131820251274632
46.8263,-0.137273646605017
46.9098,0.0877687444144115
46.963,-0.11715111615468
46.9722,0.0607416321964607
47.0032,-0.120848235521329
47.0043,0.0620617576208602
47.023,0.0877882560728338
47.0659,-0.0652889450961354
47.1722,-0.10352571938806
47.2334,-0.131627253593635
47.2895,-0.0496732873100427
47.3138,-0.0107504270269061
47.4313,-0.0949016335120447
47.5558,0.0904535764663237
47.5698,-0.121230797033881
47.5896,0.0901622841913223
47.6135,-0.0499307852793507
47.6556,-0.116183806753746
47.682,0.0927243893121812
47.7435,0.0651004284226389
47.7779,-0.0314857354380464
47.8605,-0.109676249492942
47.8864,0.0957476395025623
47.9417,0.0890320718050148
47.9953,0.093482462113947
48.0199,-0.121511831596806
48.1912,-0.0934846021131577
48.2512,0.0914557806209899
48.2649,-0.119837462090594
48.2957,0.0135924616123546
48.3604,-0.0504358310751343
48.392,-0.151363181832345
48.3939,0.0964048583000192
48.5374,0.0651010019030807
48.6035,0.093667020651985
48.6116,0.0787364553361058
48.6832,0.0507399946483531
48.7865,-0.106687835425433
48.8083,-0.14145024158362
48.8438,0.0937705264675941
48.9203,-0.126914584082662
49.0681,0.0747587409662316
49.1277,-0.155762869950458
49.1294,-0.0860325090803116
49.2473,0.00387652180317133
49.2981,-0.0373548767528504
49.2987,-0.15177927100661
49.3324,-0.0850593511371684
49.3398,0.076159050688581
49.3785,0.096828988768543
49.4253,0.0514401135677289
49.4643,-0.0722797300138041
49.4954,-0.150533199029702
49.4989,-0.155883740122668
49.5904,0.09184824881455
49.6307,-0.0117478300928369
49.6732,0.077788781283985
49.7124,0.0210327725280877
49.7513,-0.069895469976359
49.7893,-0.0929454858500094
49.8271,-0.139264964879729
49.892,0.0967071825786192
49.8984,-0.118182867807391
49.9516,0.0852314828675844
50.0158,0.0583486152438866
50.0217,0.0414111105883279
50.0542,0.100720978601231
50.0901,-0.114907324848133
50.1076,-0.160482098281612
50.1081,-0.15914244954709
50.1605,0.0399293898691582
50.1734,-0.0636672121787072
50.1887,0.0668851388985559
50.2869,-0.156642939086588
50.3201,-0.156125469915757
50.4491,-0.149672226538556
50.511,0.102980870154681
50.6027,0.0983994259293226
50.6292,-0.0803261629983112
50.71,-0.126961422945719
50.7919,-0.011662857514203
50.8503,0.0732405404095502
50.9234,-0.161428515634249
50.9295,0.0987057131669076
50.9433,-0.00835268933858657
51.0081,-0.0959667380084426
51.0322,0.0951876071062188
51.1036,-0.0232246907983367
51.1054,-0.0985429313472466
51.1142,0.0992647323143672
51.2005,0.103914320512317
51.2962,0.100904921313358
51.2962,0.0996578883576973
51.2985,-0.126662475381188
51.3056,0.0881450591722412
51.4162,-0.0251673263313066
51.4204,0.102889341797258
51.4511,0.0786140053295412
51.5735,0.0723176571461153
51.5992,0.103839819247085
51.6045,0.100489594388392
51.7001,-0.168017964578709
51.9245,0.0944523447232299
51.9291,-0.0990836291756167
51.9423,-0.104158028811845
51.9609,-0.145982844780427
51.9619,-0.157718981330305
51.9634,-0.131267611678226
51.9716,-0.128389005550879
52.0089,-0.0247052161153221
52.0829,0.096224985219429
52.0844,0.0993908360377205
52.0875,-0.102811770097581
52.1249,-0.0405504682411788
52.1977,-0.164387182020874
52.2659,-0.0763806271513374
52.417,0.0707906963747575
52.5109,-0.101901485285943
52.5356,0.105512350059215
52.6208,0.0955372157207108
52.6547,0.109308570617593
52.6577,0.0953890989305748
52.6583,-0.00772370323952032
52.7254,0.0472981106629717
52.731,0.0859450434621323
52.7739,0.0639588374297091
52.7767,-0.169675380823477
52.8238,0.103266205117514
52.8258,-0.167023126338272
52.8968,-0.0813714093788747
52.9103,-0.0271793082059872
52.9516,-0.16468335659588
53.0234,-0.157574000492886
53.0479,0.105655440724156
53.1183,-0.0509785529736106
53.154,-0.104298345908333
53.2112,0.00991000601349867
53.2476,-0.143391823686606
53.286,0.0744305952391571
53.334,-0.115649259317848
53.3575,0.107526839373449
53.387,-0.0977978229530621
53.4275,-0.0676103292946593
53.4737,0.0489844490194784
53.4855,0.110964961958103
53.5575,-0.168790204772257
53.5874,-0.106411236808647
53.5886,0.0753349219467907
53.6348,-0.0306773136450857
53.7638,-0.17442222145413
53.8264,0.0827041124725554
53.8421,0.1072409247205
53.9007,0.0138473759744713
53.9029,0.112583527371747
53.918,0.0105162088993964
53.9744,0.111033984310019
54.087,0.0824231179781378
54.1589,-0.15718466618651
54.173,-0.179040864979079
54.2111,0.0998227963019787
54.2906,-0.179092769914277
54.3622,0.0906524128356878
54.383,0.0802621373449099
54.4381,0.110682720671406
54.4403,-0.159172912788677
54.4879,-0.140448990730079
54.5949,-0.18399559930031
54.635,-0.10307921292577
54.7436,-0.171738896191556
54.7513,-0.173353792583434
54.8263,-0.179737093861327
54.8726,-0.183847863642903
54.8953,0.10824606195883
54.9876,0.115218018734311
55.0726,0.116327464958154
55.1249,0.0781387042082216
55.1643,0.0284790009052429
55.1701,-0.128426231680166
55.2034,-0.173206812671367
55.2157,0.115490275437971
55.3266,0.0873208377787904
55.3348,0.0412131601450412
55.3472,-0.103541219126647
55.3684,0.0237495354788706
55.385,0.110399138799337
55.4837,0.0947928353586533
55.5505,-0.0239372863030951
55.5563,-0.184611764970455
55.5848,0.0153302418250405
55.6396,-0.0233955802128847
55.6514,0.116186031122972
55.6525,-0.0499573230230013
55.6583,-0.154829796334973
55.7444,0.109090817128383
55.7448,0.112645902313716
55.7921,0.0884299478448369
55.8119,0.0702269002405913
55.8235,0.109364231982454
55.8778,0.0735511726576377
55.9236,-0.190384765235251
55.9263,0.109373055714592
55.9762,-0.152340119376177
56.0623,-0.161249957885154
56.0628,0.0745581787899923
56.0686,-0.149407069254842
56.1198,0.0214670206785215
56.1264,0.111602431647903
56.1755,0.11016669193841
56.2834,-0.11674231433733
56.3262,0.112303560482452
56.4254,-0.191521920462293
56.4265,-0.0450205960935008
56.4585,-0.125858256724634
56.4792,-0.179996021370705
56.6196,-0.162784010900474
56.696,-0.144343585662909
56.7858,0.121236951709555
56.7957,-0.183169973643977
56.8816,0.109818369374494
57.0806,0.095110301417229
57.1612,0.112479929163698
57.3231,-0.0714460842262739
57.3932,0.116249359200808
57.3933,0.112500685691899
57.4926,-0.0793520904683263
57.5128,0.124944903444714
57.5542,-0.117278506706889
57.5544,-0.164560348769335
57.5748,0.120008258695627
57.5929,-0.118819755821427
57.5948,-0.0264731269174234
57.6251,0.00432587254892525
57.6509,0.0952631375283985
57.7349,0.125380607196995
57.9498,0.115422136671256
58.0516,-0.140173406714545
58.0577,0.126107476094532
58.0741,-0.0318107158591943
58.1307,0.0557884701288103
58.3405,0.0719317669003345
58.4309,-0.183873281844441
58.4861,-0.204719980021686
58.5311,-0.184592782173709
58.5318,0.117150551199373
58.5974,0.066764644469977
58.633,-0.15750299376343
58.6417,-0.138803214028968
58.7111,-0.154765497606903
58.762,0.0602670250693507
58.7955,-0.205371906285549
58.7982,-0.205984168648129
58.9677,0.0367803287417985
58.9688,-0.151756259326405
59.0888,-0.0905080489212935
59.1538,0.0633091451318748
59.1842,-0.119822028807882
59.1872,0.0274246063397428
59.2063,-0.0198021139275113
59.3021,0.117856938992581
59.3042,-0.173102518590902
59.3141,0.0730874508841381
59.4908,-0.0544701895164152
59.5648,0.131753572891995
59.5735,-0.116271138313984
59.5868,-0.0788938970156678
59.6157,0.121014043543312
59.7519,0.131780751393357
59.7781,0.0305765088600225
59.8591,-0.187452559198775
59.9993,0.117352048586362
60.0057,-0.109084096361421
60.0791,0.0267454925994457
60.1244,-0.161610866485894
60.1292,-0.211864594474783
60.1886,0.0102971118040642
60.2003,0.128821447789718
60.2085,0.124318390724234
60.2212,-0.0952451378899113
60.2264,-0.177974543301048
60.2509,0.094517218963297
60.295,0.117709203030131
60.467,-0.178251924350839
60.4967,0.0375414867384407
60.5538,0.118044062919282
60.6431,-0.0963915560460364
60.7793,0.123663489071923
60.793,0.119295833799804
60.7945,-0.210548990239438
60.8691,0.0829034626874119
60.9502,0.137326828109714
61.043,-0.0242585814569338
61.0607,-0.00472207431903371
61.2023,0.0611910311583159
61.3094,0.126376487019868
61.3995,-0.0746728487926234
61.4135,-0.160797132153199
61.4883,-0.189801808312936
61.6123,-0.101761723978427
61.6928,-0.121610048874651
61.7388,0.121196499260726
61.8482,0.106016189906747
61.8499,0.121712262626929
61.8673,0.0226177192495101
61.9348,0.14102952046742
61.9794,-0.169384136747901
61.998,0.111634171998219
62.0142,0.126419864212679
62.1601,-0.084707986492603
62.2404,0.0684270391900199
62.2823,0.122809124536552
62.2952,0.121755077831345
62.3403,-0.227263728229332
62.4227,0.127294329524013
62.4471,-0.221810867415265
62.4799,-0.000934803497933956
62.4833,0.126456207622631
62.4917,0.00636157615235078
62.5885,0.135837210317298
62.6024,0.130857869703853
62.6345,-0.188882524509289
62.6479,0.119600875650441
62.8103,-0.164233537873677
62.8848,0.125273603305217
62.9522,-0.204275709253999
62.9937,-0.018397318477021
62.9973,-0.166248935973172
63.0092,0.0720892349263451
63.0259,-0.0515217470380378
63.0411,0.0865966772185232
63.0979,0.127642436965338
63.1514,-0.144738574730845
63.1687,0.130967719854091
63.2185,0.097946696399724
63.2322,0.124367972974653
63.2572,0.0887321228437514
63.2966,-0.140059830454639
63.3427,-0.103757626085688
63.3586,0.0107223833862022
63.4227,0.1248178729087
63.4704,0.124954038483892
63.5269,0.128186162157562
63.5908,0.127206076392469
63.6211,0.146587404136589
63.6437,-0.148795759454075
63.6638,0.124092035379135
63.8885,-0.00924744696756363
63.9067,-0.189011541675526
63.9067,-0.191703593460687
63.9516,0.133232250890771
63.968,0.132429677461772
63.986,0.134427609899397
63.9987,-0.113097534914729
64.0323,0.126442808178986
64.075,0.132655677429661
64.1041,-0.175442819715371
64.1094,0.0526082526419458
64.1227,-0.122086483745946
64.1365,-0.0138027215763827
64.1588,0.11740296328226
64.1751,-0.0762300179699906
64.3325,-0.0213926311524801
64.3595,0.0950702251667934
64.4062,-0.070672364374218
64.4124,0.0136499973537099
64.4226,-0.235966899254521
64.4267,-0.150207978238953
64.4594,-0.21118221965969
64.4731,0.114657415742485
64.4877,0.129204255728865
64.5427,0.116693375903338
64.5717,0.150079114603201
64.6292,-0.235993458669014
64.6909,0.151612077354827
64.8461,0.0293126664169705
64.8537,-0.191156250814316
64.8739,-0.185633203227411
64.8744,0.0410213394346783
64.8862,0.127280709164708
64.9004,0.0488494990801058
64.9447,0.150146097376137
65.1011,0.0999464930061151
65.1697,-0.224773920371163
65.1974,0.138825388763053
65.2497,0.0824138097606664
65.3087,0.127022119109839
65.3105,0.139098117303931
65.3545,-0.212507913993974
65.4717,-0.234489573449721
65.4748,-0.121984897670558
65.4893,0.145766913358329
65.5126,0.108131837086731
65.5493,0.0988583411183583
65.5627,0.123227918011651
65.5881,0.127191443892372
65.6657,0.0634638155203646
65.6722,0.0913516551925397
65.7448,0.15467867604626
65.9864,0.0682130704708186
66.13,-0.113519917537047
66.161,0.117780900689226
66.1802,0.145493720860429
66.1931,0.149533115629978
66.2541,0.131956231858112
66.2621,0.113499582853194
66.3539,0.141492085783383
66.3787,0.151293365301257
66.4012,0.10746818963365
66.4071,0.0288295196720156
66.5528,0.100825492810316
66.5806,0.139412681764
66.5851,0.143646054371217
66.7091,-0.143019942395995
66.7181,0.116980238191019
66.7292,-0.157699659363416
66.7419,-0.0828559492248644
66.7423,-0.220161907067791
66.7948,0.0837509562082772
66.8128,-0.190615975322601
66.8173,-0.216920511731431
66.8403,-0.0582468765808102
66.9162,0.146621204392659
67.0008,-0.149098810827624
67.0333,-0.0774610148282164
67.0567,0.0503489601986047
67.0593,0.139306780796488
67.0647,0.121429018239809
67.0712,0.13066061563265
67.0867,0.160899207881343
67.1127,-0.228432341581268
67.1756,-0.237955867847944
67.1899,-0.0395070882546378
67.2653,-0.255166043253254
67.3294,-0.126755292439711
67.3702,-0.127015394830664
67.4452,0.0975802767307243
67.4542,0.0650366038543666
67.4776,-0.0197702531792601
67.5425,0.159899142448864
67.5434,0.147634599471289
67.5457,-0.217955468328313
67.5801,-0.0310486653777104
67.6055,0.110209853104706
67.6516,-0.230773713868814
67.6659,0.0147021724386747
67.6728,0.156118724131332
67.6749,0.125341072161234
67.676,0.0185443287088276
67.6956,-0.0757409799955155
67.7055,0.148207775264552
67.7523,0.157060217156285
67.771,-0.261427998972636
67.7791,-0.0664550021638206
67.803,0.0201673018213455
67.8091,-0.10768946286116
67.8375,0.149009822281727
67.8383,0.142006725907393
67.839,-0.224186039290657
67.972,0.0372597781884281
68.0648,-0.130752067643385
68.0943,0.0770411585137367
68.1179,-0.2605118029159
68.1393,0.134990027934293
68.2024,0.0570571573077245
68.2802,-0.219975396283431
68.2996,0.154049889198717
68.3046,0.160119321589946
68.312,0.141758154036893
68.3224,-0.266922302726613
68.3302,-0.253225262708611
68.3763,0.149412647824732
68.4385,-0.14984158201095
68.4847,0.151610581568562
68.4853,0.0688575293419404
68.5008,0.146294515185531
68.53,-0.195836737392426
68.5839,0.150688430480599
68.5887,0.143432472480114
68.6007,0.145963289876434
68.6166,0.150672003344411
68.6297,-0.134265328541517
68.6456,-0.232501228597044
68.7446,0.151874819872376
68.7967,0.0588934132528749
68.7982,-0.262601094437116
68.8087,0.0417506190080701
68.8206,-0.25630194893489
68.9606,-0.0328173476943192
68.9631,-0.210625556407976
68.9965,-0.147908758659469
69.1086,-0.255497148400295
69.2127,-0.0554924962685703
69.2172,-0.262656425461017
69.2201,0.147475419300534
69.2684,-0.271043125538029
69.2888,-0.0875555767597547
69.3352,-0.273239861852232
69.3371,0.0415500597903389
69.3387,-0.153476275623376
69.3893,0.15288871415494
69.4081,-0.267003583127334
69.4084,0.0583696779657288
69.4482,0.154838946794072
69.4706,-0.234455728349303
69.663,-0.192390429523599
69.9254,-0.0835811851600283
69.9545,0.109311334212265
69.9721,0.102335118826844
70.0796,0.169194867885253
70.095,-0.242628049497682
70.1091,0.100102581183918
70.121,-0.134189980402425
70.1267,0.0194499037254587
70.13,0.0490209158214299
70.1387,0.152105520189181
70.1916,-0.086861311013692
70.2173,-0.0675584708698835
70.262,-0.0850968931446374
70.2652,-0.257015507217147
70.2725,-0.134831509868917
70.309,-0.181475633095062
70.3149,0.114232706164898
70.3429,0.0791360253318487
70.3536,0.0901594790575473
70.3657,-0.128400652933408
70.4003,0.155221581743987
70.4243,-0.192385334546231
70.4974,-0.275003323308724
70.506,-0.0209747837916865
70.6057,0.157620547022148
70.7058,0.160609490877093
70.7136,0.174635625544127
70.8655,-0.221218642782475
70.893,0.117929072652274
70.9228,-0.0500603360048331
70.9381,0.138370994369737
70.9573,0.152409980620504
71.0081,0.13737344937212
71.0159,0.0816687432741361
71.0187,0.172746910230231
71.0408,-0.248918776996518
71.0582,-0.150698295657079
71.1123,-0.269362886799286
71.1508,0.0745507215003869
71.1948,0.138810526155169
71.2376,0.060949586962991
71.2573,0.164820540989595
71.2723,0.180077208957741
71.2879,0.00270054880954262
71.2945,-0.236516672217974
71.3219,-0.103230256363105
71.3817,-0.244683809621577
71.3895,-0.192727706792709
71.412,-0.0085741762771363
71.4316,-0.0847772277817
71.4512,-0.0751691259993805
71.6196,0.0917973764420594
71.7161,0.143483372338252
71.7282,0.160720688570748
71.7388,0.181764835333496
71.76,-0.0762956942467241
71.7627,-0.249214032841067
71.8224,0.102849865556195
71.9271,-0.223391852217958
71.9404,-0.263819164294233
71.95,-0.28190746012281
71.9661,-0.0666788500066815
72.0222,-0.115505077696028
72.024,-0.0273835718398914
72.0297,-0.156749667699572
72.0715,-0.212115542633128
72.0856,0.165651395381374
72.0863,-0.288553376124014
72.0955,-0.0474973273607873
72.1231,0.0623854283885237
72.1536,-0.278661489991492
72.2113,0.0771136426335772
72.2445,-0.0549619071061613
72.2606,-0.253155545267973
72.2656,-0.241237614616367
72.2857,0.0737270282396167
72.3551,0.159302907274508
72.3831,-0.232836159325188
72.4472,0.0665832547304461
72.4769,0.0325216267735726
72.4867,0.174361125541068
72.4908,0.169244025973953
72.5004,-0.288626166216048
72.5358,0.167077933000428
72.5584,0.162858318034097
72.6656,-0.0568745931899173
72.6888,0.087109891669499
72.7091,0.169028762544087
72.7178,-0.269613504463535
72.7195,-0.204711465071739
72.7672,-0.275711531559153
72.7709,0.0725406882809949
72.7788,0.11945183799314
72.7892,-0.0256860618627002
72.8624,-0.271928656185779
72.873,-0.28667495201887
72.9779,0.141216242755291
72.9795,0.168015697073216
73.0007,-0.12954252939852
73.0713,0.0574692415344487
73.1025,0.184629517529046
73.1033,0.173371657039979
73.1054,-0.107306059358038
73.1272,-0.240206561017288
73.1561,0.144503326208508
73.2343,0.184310295470283
73.2727,-0.11418647791335
73.2783,-0.294449469166764
73.3132,0.0810846201155613
73.32,0.086786178430927
73.3414,-0.04044656408837
73.3429,0.144779230582529
73.3437,0.00406070338527798
73.3565,-0.060729290903339
73.3789,-0.282918614452598
73.3833,0.146748464800709
73.4448,-0.284473401062257
73.5523,-0.299929194618628
73.5622,0.185789165697543
73.5762,-0.15732057904161
73.6221,0.191049448503108
73.6529,-0.299150889888793
73.7226,-0.0244448754330904
73.7471,-0.0247603637627947
73.7541,-0.297271471908871
73.9844,0.145336112875498
74.0314,-0.29816496629401
74.0964,0.144774141300957
74.1324,0.184453720498098
74.2568,0.0528599545699677
74.2918,0.192898453975374
74.2931,-0.209076880122694
74.3677,-0.295192128410719
74.4054,0.188940465105759
74.4746,0.00807304726291136
74.506,-0.285952310878514
74.5301,0.192149070987043
74.5313,-0.282066976999573
74.5392,-0.0228866582017417
74.6044,0.149071923750782
74.6535,-0.291080758238564
74.659,0.0191206710677534
74.6714,0.0449596179376357
74.6893,0.124824650463353
74.7707,0.14619369851431
74.8392,0.114494879014146
74.8464,-0.276943561302602
74.8983,0.0866585084969387
74.9336,0.180891323888261
74.9361,0.153975685959793
74.9436,0.0789747706248107
74.9788,-0.295810950606437
75.1039,0.0984349174678982
75.1193,0.00511951476708816
75.1286,-0.303869125542448
75.1296,0.149207733603248
75.136,0.107159432833797
75.1367,0.198170809394199
75.1893,-0.113880474986118
75.2204,-0.306330322473528
75.2529,-0.13727712552091
75.2615,0.163179853020679
75.4336,-0.0129182797494281
75.4528,0.190840946346313
75.4778,-0.0671449502966226
75.495,0.011363500267592
75.5883,-0.317800422613331
75.606,0.19771085834337
75.627,0.00286739608090159
75.6456,-0.070140019264997
75.6604,0.178351148730215
75.7124,0.122926975166294
75.7864,0.158143135488586
75.8814,-0.318648471104822
75.9364,-0.167152644911667
75.9584,0.179702968207195
75.9875,0.0679650307498036
76.0003,-0.306451966039035
76.0456,-0.189136885643236
76.0701,-0.27913201281649
76.1145,0.152514328939375
76.1297,-0.301784253476796
76.1307,-0.0101566142439395
76.1544,0.162414463430252
76.2201,0.0934726754531852
76.2412,0.0603078084612036
76.272,-0.303083840468972
76.3418,-0.232578396010922
76.3482,-0.252894702382363
76.3766,0.153840890226135
76.4618,-0.263735819782482
76.5495,-0.128230463168521
76.592,-0.253232084843859
76.6106,-0.15800839571375
76.686,-0.168215608315549
76.756,-0.222379779960932
76.7569,0.143573091001272
76.8265,0.151597431324603
76.8483,0.00569540556834625
76.9846,0.14779176503103
76.989,0.119175516074122
77.0291,0.189513483256761
77.041,-0.163032587097604
77.0803,-0.197144992065304
77.1141,0.120460998915448
77.1145,0.20053312636702
77.1629,0.0900387739427941
77.1631,-0.289160248303759
77.1849,0.092018144720825
77.2377,0.208595269789598
77.244,-0.00452369306671585
77.2591,0.181243250798531
77.2836,0.14128771023563
77.3765,-0.166967324615939
77.4018,0.11354833416496
77.4197,0.175310230447167
77.4287,0.159187762466217
77.44,0.166135849969876
77.4795,-0.129917796477116
77.5229,-0.1944384864684
77.5474,-0.253783693251933
77.5523,0.0939698933532611
77.5809,-0.0273086724400713
77.595,0.138310726906937
77.6191,-0.322683574166902
77.6591,-0.294031507504187
77.6669,-0.320088269544357
77.6842,-0.101658431751886
77.7496,-0.312086253193229
77.7624,-0.331118797916915
77.7882,-0.114841717589812
77.8108,0.188165598869176
77.8918,-0.331587575849582
77.8984,-0.30493943257396
77.9329,0.16298342889651
77.9527,-0.232027793818418
77.9759,0.192470285724426
77.9862,0.184805034386756
77.9947,-0.168659645000261
77.9951,0.0895408049390056
78.0866,0.0155438083441766
78.1281,-0.0713124625906971
78.1687,0.18339089328218
78.3245,-0.305372115289856
78.3316,-0.24322745093049
78.3794,-0.207107479068256
78.3936,-0.151986507274259
78.407,0.000693338479294425
78.4366,0.211361087137917
78.4393,-0.178489161558659
78.4578,0.190186580870616
78.4906,0.130565521035024
78.5201,0.214229372499673
78.5244,0.033579565734982
78.5321,0.0530001521480017
78.5813,-0.280892979138301
78.6201,-0.141107667914994
78.6509,-0.332012656672319
78.6666,0.153634228591159
78.6869,0.0474677679978015
78.7088,0.215776796679208
78.7123,0.208625737031909
78.715,0.21556256677313
78.768,0.216276885826531
78.7886,0.106537728313356
78.8239,0.141597863892827
78.8248,0.0920024209889903
78.8365,-0.331926723351842
78.9281,-0.331257180958971
78.9474,-0.299515326726038
78.9825,0.121648527947585
79.0253,-0.259380754548488
79.102,-0.27433216660296
79.1072,-0.0367789025907825
79.1103,-0.187198790599325
79.1203,0.0444544127759059
79.148,-0.31105185687943
79.153,0.190789821322198
79.2594,-0.26761669742281
79.3013,0.170909114482853
79.3257,0.175627180088213
79.3797,-0.275731379069413
79.3888,-0.342591364292986
79.3949,0.183337835401829
79.419,0.183252121832908
79.4876,-0.0551131390851509
79.5252,0.156991104609148
79.6751,0.0839199031150315
79.6805,-0.321695393571943
79.7303,-0.302863465170887
79.7474,0.201608419151796
79.7704,0.153575382330871
79.8077,-0.168059804622786
79.8343,0.105126575826489
79.854,-0.193003407598411
79.8691,0.163887848215978
80.0579,-0.211468912584451
80.0875,0.160701946978378
80.1904,0.131178610188485
80.227,0.221976129807459
80.2299,0.218369992825686
80.2655,0.196403283704967
80.2932,0.1726730566904
80.3145,0.131284694107293
80.3206,-0.347507756797128
80.368,0.159984690733964
80.4315,0.184972822794279
80.4413,0.0612204230721005
80.4435,-0.163653658984515
80.4564,-0.149695632726946
80.4985,-0.289057230210929
80.517,0.115459014632961
80.5307,-0.3420432344045
80.5544,0.126513498620682
80.5578,0.196671122408887
80.5863,-0.33268876592966
80.6205,-0.333783958084609
80.6525,-0.102856322421673
80.7041,-0.0804738363710698
80.7061,-0.287642286615338
80.7319,0.0776707883355385
80.7502,0.1974302645487
80.7502,0.226626047533799
80.7625,-0.0861027504027589
80.7935,0.0530484796582584
80.7941,-0.319280304908716
80.8339,0.0765250306778995
80.8779,0.156467850662523
80.9004,0.211319094512646
80.9031,0.186267228188129
80.9399,0.208150572592075
80.9767,0.0250248303082827
80.9898,-0.189248644695866
81.003,-0.347094146986137
81.0596,-0.318325945054752
81.0618,0.111716421479258
81.1361,0.228620927849889
81.1847,-0.0110861367704445
81.2271,0.185346598873849
81.2286,0.0083221885026461
81.2405,0.194689088803358
81.2765,-0.0814876268142939
81.2875,0.229180373332326
81.3255,0.0870798339156806
81.3368,0.000743020230586922
81.3377,0.0827362701448635
81.3774,-0.346990061904492
81.4062,0.0118810825970712
81.4237,-0.224903232645488
81.4296,0.205136647348453
81.471,-0.12429547127924
81.4893,0.229740809222648
81.5011,-0.339662004177399
81.5165,0.00513604353912456
81.5608,-0.353553299413051
81.5688,0.103521518121141
81.5884,-0.294375028976262
81.6467,0.0734408022554618
81.6872,0.165819858220715
81.7216,-0.260530941458782
81.7267,0.139176038058466
81.7808,0.0290882922832481
81.8115,0.20486486401208
81.9043,0.195670015941758
81.9788,0.163599037509542
81.9911,0.22852096771588
81.9948,0.160747029025146
81.995,0.166572734426452
82.002,0.16190979354127
82.0618,0.188863888336385
82.1024,-0.278227287536026
82.2151,0.234023354307979
82.2808,0.0746992785133074
82.2963,-0.173193225213382
82.3125,-0.23828109228397
82.3304,-0.237969131275335
82.333,0.000879741318470906
82.3448,0.215049115955821
82.3488,0.0428009175090409
82.3535,-0.0428716806018485
82.3905,-0.327888184964593
82.4477,0.223975952397595
82.48,-0.338526558041593
82.5603,0.216227241878983
82.5838,0.178807026114299
82.592,-0.372383736175721
82.5977,0.212685706207395
82.6152,-0.331349454230832
82.6601,0.196990461129673
82.6733,0.16595421362608
82.6905,-0.356560667693785
82.7005,-0.307913998530296
82.8148,0.237689703263399
82.8181,-0.289276164191733
82.8939,-0.0438321787811589
82.9162,-0.0225605019111157
82.9326,-0.316972886968443
82.9847,-0.36857876462318
83.0969,-0.323580975241271
83.1475,-0.00036052978606449
83.1944,0.216049952327438
83.219,-0.234172384421996
83.2329,-0.0509843620957184
83.2609,-0.321680475157677
83.2862,0.208668270579267
83.3158,0.187723866606547
83.3439,-0.255957326303189
83.3622,-0.0248683442635524
83.389,0.20883363569699
83.4494,-0.325559198295252
83.4633,-0.337135651842758
83.5129,0.194589273781304
83.5181,0.120363675539508
83.5485,0.179067074846003
83.5823,-0.0670790647756832
83.6001,-0.312892755241663
83.6675,0.208824594896171
83.7406,-0.254026952904525
83.7685,0.221392494524636
83.9054,0.213426996617088
83.9112,0.226350085295962
83.9216,0.237132859097997
83.9393,0.0260691011340271
83.9808,0.225240683103152
84.0195,-0.294236947377343
84.0669,0.0404362720830989
84.0826,-0.31358769236644
84.0885,0.0733842419738124
84.0952,-0.265753230403504
84.102,-0.357769688525664
84.1271,-0.0594879265981376
84.1297,-0.0523036352002748
84.1721,0.169940840216938
84.217,0.195389676383158
84.241,-0.176478157895033
84.2663,0.168799919722318
84.2716,0.003493499575697
84.3063,-0.203588676282877
84.3348,-0.274111320076912
84.389,0.1898435642848
84.4717,-0.148229556322534
84.4819,0.163975957072566
84.5056,-0.213731954216257
84.5176,-0.0245607189095978
84.5339,0.159637829937068
84.5602,-0.127843606650075
84.5608,0.170698156878501
84.5824,0.122889823640364
84.5955,-0.134407570061711
84.6308,-0.365895180375318
84.6426,0.000970176450863391
84.6566,-0.0343696199095689
84.6843,0.16638517647776
84.6857,-0.367084613563435
84.7203,0.224155400243646
84.7221,-0.290283816563033
84.7278,-0.368616582951773
84.7344,-0.091018339029219
84.7515,0.198164895974443
84.8231,0.186636736222113
84.8434,-0.373150860483676
84.8685,0.216035612589707
84.9137,-0.263475818945835
84.9288,0.207587329172483
84.9372,-0.262440364277055
84.9496,-0.376622138825823
84.9683,0.0124982929599611
84.9881,-0.378043373471314
85.0275,0.135987459881662
85.0764,-0.110308888458576
85.0771,0.141098108773292
85.0931,0.195028211457085
85.1011,-0.334680234122843
85.1012,-0.198588302359013
85.1119,0.107381760736473
85.1301,-0.363303832524309
85.2397,-0.253398876380743
85.275,0.137981015081962
85.2951,-0.126049944782267
85.2955,0.200233226249907
85.3047,-0.378285486099784
85.3291,-0.304781188588237
85.3339,0.200917088175345
85.3541,0.228201837519549
85.3795,-0.188772815019277
85.4566,0.228626354647261
85.4857,-0.395495344013256
85.5024,-0.358987784893415
85.5081,0.00393379535175598
85.5446,0.101373933681245
85.5646,0.250267784189546
85.5987,-0.0692855484962536
85.6061,0.180266824806736
85.6184,-0.349497715594282
85.6253,0.240549307812728
85.6318,-0.112179785788115
85.6737,0.177679846319478
85.6941,-0.0913911501755251
85.6951,0.0636669204437226
85.6976,-0.265889581531383
85.7337,0.109515753059753
85.735,0.0327771016343661
85.7367,0.10134383818729
85.7549,0.130887806178123
85.7948,0.217422689750506
85.8674,-0.270246883906069
85.8905,0.175534360015632
85.9471,-0.05817039263205
85.9635,-0.384502219049665
85.9836,-0.387062064332753
86.0298,-0.223108765535628
86.0334,0.217900359951486
86.0395,-0.383859797929048
86.0454,-0.238846826841012
86.0477,0.0238881539071514
86.0602,-0.136308213699351
86.0745,0.174933854544463
86.1013,-0.0324151931326782
86.1308,-0.150860019829054
86.2058,-0.371674332276058
86.2539,-0.387775082332354
86.2636,-0.389881690609812
86.2757,-0.341178951013688
86.3205,0.0159441749820672
86.3215,-0.210628207648398
86.3405,-0.0959227522364046
86.3423,0.181056582164246
86.4132,-0.103700699724797
86.4322,0.116538788000156
86.4449,0.121511669854868
86.4462,0.186864725297823
86.4656,0.114320190860184
86.4761,-0.179089082617409
86.4854,0.0769980946053863
86.5202,-0.155361018735562
86.5264,0.16659398503235
86.5352,0.237463466132169
86.5635,0.238968755246574
86.5768,-0.335297762800678
86.61,0.172326747285723
86.6114,0.226618860886859
86.6362,0.236009616277087
86.6432,-0.28904313383218
86.6627,0.118958987763278
86.6731,-0.390857239228012
86.6844,-0.299751906524293
86.7556,0.224559299278525
86.7742,0.254210740520364
86.7987,-0.365743870187146
86.8566,0.240335917227071
86.9096,-0.139847166129229
86.9569,0.222583610882339
86.9931,0.204325943365959
87.0406,-0.0161398593941016
87.0663,-0.387858077151151
87.0875,-0.216657147795402
87.1386,-0.252865083711939
87.1404,-0.237686105546814
87.165,0.00369311764322333
87.1675,-0.124707583380641
87.1886,-0.0840046340100713
87.1913,0.103787281885403
87.2722,0.137695338482402
87.2814,-0.324558079555189
87.2873,0.204874262100333
87.294,0.20506476131618
87.3068,-0.0940250810374437
87.3138,0.115647586917078
87.3333,-0.0896005008382019
87.3624,-0.263164441366442
87.3779,0.12958867163691
87.3796,-0.409271202429224
87.4674,-0.237618737213026
87.5117,0.258351236762223
87.5262,-0.410512836321729
87.5463,-0.394021778034784
87.601,-0.20513962133461
87.6048,-0.141995766507151
87.6069,0.115122782551765
87.6179,-0.312491896094826
87.6303,0.233802578595899
87.6537,-0.394879459309692
87.7157,0.190825008021292
87.7698,-0.414076829664836
87.7941,0.172478743595079
87.8002,-0.166472041374206
87.8204,-0.0577412697244597
87.8334,0.0969447098913747
87.8354,0.112177347637186
87.8495,0.24459865185824
87.8672,-0.24459969958167
87.8919,-0.332216089340974
87.9289,-0.415437627960102
87.9692,0.0685450978078705
88.0106,0.0328188012747717
88.0672,0.198374514864895
88.0887,0.134369795250905
88.108,0.247281886864641
88.1295,0.221262364569299
88.1368,-0.370319195927223
88.1487,-0.344929061399014
88.2,-0.346292123499381
88.2047,-0.385772519854385
88.2061,0.0684082253121829
88.2406,-0.281028968420188
88.2532,0.21809619321273
88.2577,-0.325225712498366
88.2709,0.0958841763816451
88.3191,0.175854769501029
88.3296,-0.0712555844316398
88.3444,0.224427498427985
88.3551,0.236469399015959
88.3693,-0.412797616556162
88.3775,0.208035408686698
88.3806,0.241646235803131
88.4403,0.175785563364272
88.495,0.191515700389587
88.5155,-0.359282404148686
88.5268,-0.323083205937209
88.5297,0.169487020850426
88.5554,0.036836174250638
88.6186,0.270305202049016
88.6208,-0.405111822585567
88.6605,-0.108443577515729
88.6732,-0.247291026256519
88.676,-0.267084832890205
88.6785,0.173207330758231
88.6792,-0.244613912708516
88.6821,0.131671018870819
88.6981,-0.405232283395748
88.7477,-0.192848431975065
88.7538,-0.312620112568254
88.781,-0.274933660592694
88.7894,-0.102475523956599
88.8112,-0.114626461635268
88.8478,-0.420769525568005
88.8851,-0.347247079420612
88.9031,-0.311635910828343
88.9305,0.210350705190223
88.9614,0.243856514489607
88.9914,0.202501007576657
88.9915,0.198067548037358
88.9923,0.249514920046622
88.9972,0.194893913019513
89.0322,-0.000959141574099931
89.044,0.180919346240998
89.0526,-0.0830957139315842
89.1487,0.249156932024945
89.1605,-0.00483842376847576
89.1723,-0.362470599658892
89.1849,0.265965110885404
89.2545,-0.390141263274344
89.2631,0.168967363896172
89.3055,-0.0158565812794791
89.3094,0.167182825438672
89.3517,-0.0344756905194004
89.3759,0.16394969774224
89.3897,-0.00681985490945181
89.4122,0.206042458012348
89.4277,0.252920472930867
89.4709,-0.356555737742198
89.481,-0.403654464847463
89.4828,0.25299448351636
89.5203,-0.426910742700599
89.5897,0.182459866548541
89.5984,0.252985408514164
89.6064,-0.331455017988773
89.6256,0.237294001400059
89.6361,-0.228620828752511
89.685,-0.429707428384759
89.706,0.0720922708200504
89.7278,-0.245620636709347
89.7806,-0.414517851827654
89.8313,-0.126635808304073
89.8382,-0.169527605835782
89.8701,0.175759112191685
89.8829,-0.266669911556903
89.8911,0.177028769682536
89.8944,-0.254086815542436
89.8992,0.14263365005182
90.0277,0.268724090386115
90.1431,-0.0254624026229777
90.1872,-0.423710192355813
90.206,-0.0207204542717676
90.2844,0.10784320655938
90.3344,-0.313793666947419
90.3503,0.0457205932797251
90.3824,0.276532153917074
90.4109,-0.380523514064876
90.4198,-0.202963722776985
90.4239,0.164791500560383
90.4447,-0.287372205311442
90.4464,0.244603465293096
90.4486,0.25976315240203
90.4633,-0.179671205441778
90.4842,0.10782419220007
90.4905,0.149012865395505
90.4942,0.169229438607204
90.55,-0.0384215591379586
90.5703,0.263971296001159
90.6177,0.17191876212361
90.6338,0.196013114487812
90.6451,-0.35860714653451
90.6653,0.147930161669848
90.7011,0.184719129228355
90.7062,0.184395889668707
90.7129,0.245918407124378
90.7704,-0.00641912496081432
90.7736,0.113023389519114
90.8005,-0.332704805812924
90.8337,0.26177064727996
90.855,0.175948700165677
90.8686,0.201223042922251
90.896,0.0998583342539092
90.9417,-0.409887719872287
90.9505,0.284681926818365
90.9813,0.0277193687081621
90.9822,0.0857196284623996
91.0272,-0.367602633003969
91.0376,0.226909545056259
91.0401,-0.383087168318767
91.0892,-0.349351008748968
91.1905,0.178148030999594
91.1926,-0.425638085725737
91.202,0.286022060380475
91.2129,0.175217704589855
91.2334,-0.0720446955549221
91.3337,-0.148879728579672
91.3527,0.183478954522315
91.4237,-0.390972601081984
91.4321,0.00187545749385265
91.4487,0.141893506224534
91.482,0.00322611174954091
91.4852,-0.445102253464796
91.533,-0.230965732059488
91.5721,0.100718418190255
91.5726,-0.259643118632738
91.6465,0.199842046558672
91.6589,-0.286068976817262
91.6698,0.242492021092474
91.7202,0.228358332782662
91.7221,-0.19425868307313
91.7452,-0.438891715332389
91.7894,0.214307424830508
91.8302,0.091914055709708
91.8491,-0.360923079162447
91.8564,-0.157363098829947
91.9202,0.246875498365995
91.9513,-0.0300575207116225
91.9934,-0.423767698920571
92.0219,-0.1659451856777
92.0419,0.181068134936226
92.0656,0.180346612610208
92.1748,0.220669487105127
92.2698,-0.265298111336193
92.2734,0.243666925136537
92.3099,-0.324377010736612
92.3265,0.203158823405985
92.3537,0.180909971211278
92.4067,0.0783255407311145
92.4368,0.216895804865175
92.443,0.271001740043715
92.4515,0.291530637587229
92.474,-0.366916600618396
92.503,0.0446104396941536
92.5081,0.272874895463431
92.5139,0.189068603488565
92.6573,-0.43657577317019
92.7372,0.182430045813575
92.7513,0.180994893523732
92.8599,0.219565624042048
92.925,-0.347421431121731
92.9268,0.181960895862318
92.9607,-0.435575855431566
93.0058,0.229442519292078
93.0948,0.22606363239494
93.1101,0.148052408748825
93.1108,0.162394824108787
93.1415,0.204135872709173
93.1674,0.210152635471786
93.1718,0.164721210573518
93.1964,0.224337469525679
93.2327,0.203668087023814
93.2447,-0.445039557789471
93.2507,-0.16844074605514
93.3582,-0.156282138259172
93.3731,0.211271467403833
93.411,0.293995796226923
93.4162,0.0949609618150191
93.4186,0.177482126632739
93.4378,0.183031382109505
93.4611,0.223827849150311
93.4637,0.20305458434548
93.5161,0.225243203142369
93.5303,0.149667363419766
93.5482,0.224623325469992
93.5557,0.253559610479371
93.5689,0.283835195125562
93.6042,0.280285440319176
93.6115,-0.206996727233317
93.6298,-0.363689089122886
93.7176,-0.260728040783448
93.7182,0.195649053684491
93.7473,0.183422912581193
93.7505,0.0539855003105885
93.7671,-0.269232064804456
93.8591,0.163689607553962
93.8645,0.12699172063023
93.8662,0.0506298094966979
93.8734,-0.45991861893161
93.8747,-0.448745678475603
93.9165,0.208639493360081
93.928,0.190336414606335
93.9359,-0.142943965064262
93.9663,0.195829230343378
93.9772,-0.449526488090257
93.9936,-0.00410075284491995
94.0276,-0.435885269728701
94.0396,0.277467656127584
94.0563,0.194051898930539
94.0675,0.185149726737237
94.0687,0.256131014464174
94.1184,0.280248555876199
94.12,-0.332109842987833
94.13,-0.309360550451757
94.1458,0.175564646222824
94.1465,0.199933328572001
94.1638,0.230547785824953
94.2004,-0.448141812860101
94.2047,0.292422138744584
94.2053,-0.177590660501082
94.218,-0.0683632386630961
94.2565,0.185071110093162
94.2838,-0.474445944269746
94.2843,0.090169878952679
94.3415,-0.0783075891823017
94.3539,-0.419965422425079
94.3603,0.0765134886887466
94.3657,0.0797573759406305
94.3861,-0.284105910833048
94.3901,0.182005499720205
94.4698,-0.450311366048467
94.6261,-0.451388143692014
94.6858,0.283790549785792
94.72,0.200844492370322
94.732,0.193335651783556
94.7385,-0.238128550790066
94.7583,-0.172067058262584
94.7604,0.19449673715846
94.776,0.215951266170507
94.7941,-0.451875359044138
94.8038,0.30786784159902
94.8122,-0.112594204701622
94.8298,0.235923447901499
94.8481,-0.175458425869593
94.8797,0.186046067357239
94.9079,0.241327039207889
94.9282,0.275527438246769
94.9371,0.0360432449017054
94.9382,-0.394135426402514
94.9576,0.154602922493211
94.9714,0.16205342595606
94.9796,0.25251365471523
95.0093,-0.350611607815409
95.1192,0.15688959265232
95.136,0.18393883745965
95.1533,0.290337175622525
95.1709,-0.418284761904687
95.2024,-0.473605350334807
95.216,0.229202539466755
95.2195,-0.256644456885496
95.26,-0.216762199273077
95.273,0.0940699727066061
95.2756,-0.0253467771915297
95.3106,0.278938802853958
95.3385,0.186283132170033
95.3911,0.186422229196282
95.4066,-0.0521110638262883
95.45,0.0249898626086775
95.4599,0.218084189031174
95.5387,-0.274333009593292
95.6266,-0.159120418724783
95.6288,0.291398745967285
95.6362,-0.255186843613828
95.647,-0.478217004899747
95.7981,-0.146546296085134
95.8391,0.168748160123499
95.8494,0.186364517462451
95.9114,-0.46238897105674
95.9214,-0.366003025686851
95.9338,-0.0280584796060879
95.9601,0.293408643094367
95.9856,0.280568611114433
96.1005,0.261709928125839
96.2498,0.166662999809148
96.2525,-0.297835860850697
96.2617,0.0825642744042767
96.2684,-0.092543285704366
96.2747,-0.197719733889514
96.2849,0.293985543967111
96.3027,-0.36868604917801
96.3286,-0.124944537704309
96.3677,0.213305378311375
96.3777,0.0798667731289271
96.403,-0.356912219627517
96.4127,0.284229666602116
96.4199,0.177736690698481
96.4484,0.0628931958277832
96.4487,0.308822969340795
96.455,0.219423622326573
96.4698,0.0659028290397146
96.5178,-0.0790191864718821
96.5263,-0.212239836550978
96.5305,0.0851011400830117
96.5536,-0.129971238755402
96.5597,-0.0469925300462108
96.5904,-0.380366073462625
96.6347,-0.421585800607232
96.656,0.00635727502393024
96.6716,-0.0718456684174384
96.7352,0.128726186854323
96.7362,-0.395207473104918
96.7436,0.311913568388476
96.7905,-0.101281163689848
96.8006,0.204511524265712
96.831,0.314592419947573
96.855,-0.306823685291562
96.8646,-0.272552292409543
96.9396,-0.282942230734236
96.9741,-0.225974579190876
96.9783,0.288762242507588
96.9926,0.291256136462053
97.0232,0.280973744226173
97.0982,-0.147660476019453
97.1024,0.30080875808855
97.2029,-0.118575763298068
97.2128,0.303553110212363
97.3082,0.300691116366593
97.3753,0.297957472387722
97.4194,-0.248318671687116
97.4292,0.302603125259822
97.4293,0.263149694899454
97.4681,0.207823116015476
97.4744,-0.390520711875794
97.477,0.190526816091193
97.4771,-0.488732600818935
97.5859,0.224568079481529
97.614,0.305835093893776
97.6481,0.302304926329327
97.6804,-0.295046364985751
97.7051,0.108479274074838
97.7053,0.134270568195575
97.7235,0.305267777082662
97.7305,-0.439541785036198
97.7368,0.190662740892023
97.7387,-0.50675854044016
97.7493,-0.511048886667126
97.7753,-0.012924322747466
97.7999,-0.023220357409997
97.8515,-0.432532776660494
97.8562,0.190899477278649
97.8699,-0.491341458569352
97.8821,0.280786389251247
97.8848,0.246500876990524
97.8968,0.207934528526934
97.9236,-0.152161338171894
97.9759,0.288234182144123
97.9762,0.17366715555363
98.0028,0.213871844014875
98.0144,0.197891686194225
98.0366,0.193011650865529
98.1076,0.191819606192624
98.112,0.324355191013197
98.1207,0.287160769625956
98.1215,-0.468416266796481
98.1663,-0.380029587396038
98.187,0.195096910307015
98.1913,-0.509512247212683
98.2295,-0.138267457187624
98.2487,0.297575711947189
98.2755,-0.296195060240706
98.2858,-0.434249189047222
98.3044,0.305971115280812
98.3505,-0.439325561478853
98.3694,0.190825348105236
98.3954,-0.20994888638765
98.4051,-0.374463033835823
98.4877,0.316217901515998
98.5059,0.0494610537343192
98.5571,0.267417436552037
98.5685,0.29628397263825
98.6186,0.193675853738796
98.6716,-0.310355912215684
98.7147,-0.0114521784001056
98.7272,-0.507863774090637
98.7566,0.164571203350746
98.7575,-0.489134623843384
98.7643,0.289258380327311
98.7867,-0.33968556478041
98.7942,-0.444740891956144
98.8317,0.334118835278716
98.8321,-0.242175345663568
98.8323,0.166852969324168
98.9047,-0.492777054896152
98.9589,0.241791041646422
98.961,-0.250027902799246
99.0121,-0.519719259650486
99.0526,0.193811105630303
99.0572,-0.199779307620247
99.0649,-0.130626444562481
99.086,0.194740125163221
99.2029,-0.064374008285526
99.2058,-0.21148123420592
99.2461,0.222290286682764
99.249,-0.0583430655698436
99.2525,-0.283308306645608
99.2627,0.230556242244731
99.3217,-0.461876278976021
99.3425,0.238487458925007
99.3609,0.229525636861311
99.4388,0.22110881769305
99.569,-0.324077142638771
99.6336,-0.0595627961584455
99.7046,-0.407508264125909
99.7863,-0.45212222369662
99.7978,-0.374823930156239
99.8806,0.0347489892984925
99.9041,-0.315050456228107
99.9964,-0.143957099457978
