0.0822,-3.15723329500361e-05
0.262,-0.000649695580823895
0.3188,-0.000524914127177811
0.3505,-0.000305811723036842
0.3519,-0.000697921519227374
0.3732,-0.000483038393946256
0.3954,-0.00126633030803103
0.3955,-0.000139729726413962
0.4047,-0.00106641173205152
0.434,-0.000655517428252261
0.4519,-0.00047433751980358
0.4763,-0.0011137147252423
0.4775,-0.000424702099361129
0.4877,-0.00149195448107614
0.4977,-0.000623317257152145
0.5146,-0.000293244163330764
0.5459,-0.00153454692761112
0.5495,-0.00100136300951803
0.5506,-0.00042295719169172
0.5623,-0.000867199204994007
0.5897,-0.000307466982076066
0.6424,-0.000217360300455383
0.6678,-0.00183795160154143
0.6734,-0.000681622690299699
0.699,-0.00134810747324787
0.7133,-0.00106833781328408
0.7309,-0.000574813837695309
0.7454,-0.000552586632861951
0.7466,-0.000342821775297542
0.7789,-0.000310215638075984
0.7791,-0.00219430622661709
0.7859,-0.00224698539466672
0.7892,-0.000859237874561991
0.7952,-0.00170298068493258
0.8052,-0.00170519463442076
0.8052,-0.000455954667579417
0.8099,-0.000594198713104066
0.8124,-0.000567021008870738
0.8249,-0.000940518886796249
0.8295,-0.00237154150126284
0.8675,-0.000727250909380195
0.8717,-0.00195062580469907
0.8804,-0.000225083725077346
0.893,-0.00188235922627467
0.8932,-0.00224569005589581
0.91,-0.00260862927108274
0.9157,-0.00125627576697962
0.9267,-0.00246716656862522
0.9301,-0.00188016011345615
0.9343,-0.00122371796258514
0.9697,-0.00191979071168524
1.0139,-0.000778339848166665
1.0175,-0.00059316771590967
1.0297,-0.00154096193543185
1.0525,-0.00180512917574793
1.0527,-0.000953859554063241
1.0964,-0.00216527038057901
1.0996,-0.00289234940671279
1.1105,-0.00128239361816984
1.1202,-0.00205025580628848
1.1241,-0.00199507123511267
1.1254,-0.00322126201980266
1.1301,-0.00333092664858414
1.1322,-0.00149413136982512
1.1463,-0.000634690214352585
1.1554,-0.0020873279601541
1.1577,-0.00241578091053185
1.1807,-0.00053451634377466
1.182,-0.0026583183348996
1.1859,-0.00103979852714708
1.1984,-0.00336176819060463
1.222,-0.00199463540300471
1.2294,-0.00232733564956389
1.2306,-0.00348754218923175
1.237,-0.00143438111662664
1.2372,-0.00232995858382412
1.2381,-0.000841322685579682
1.2489,-0.00176495379035657
1.2536,-0.00136899452826467
1.2634,-0.00306152798348869
1.2639,-0.0029220166872288
1.2771,-0.000362730062236638
1.2836,-0.00037183248234296
1.2895,-0.00161616969942369
1.2899,-0.00179234249846827
1.2922,-0.00295402806639067
1.301,-0.000486750511627942
1.3118,-0.000617423098610681
1.3275,-0.000604715762209329
1.338,-0.00089150332611232
1.3525,-0.00256425557723161
1.3571,-0.00138151071211534
1.3607,-0.00285620389194596
1.3681,-0.00220687684979626
1.3743,-0.0038631369393709
1.3835,-0.0013444325405696
1.3922,-0.00343656656803937
1.4121,-0.000509604707809252
1.4244,-0.00041556212407845
1.4254,-0.00413756175271374
1.4262,-0.000923421068059538
1.4357,-0.0015302424368735
1.4375,-0.00416615537664455
1.4421,-0.00187320779428624
1.467,-0.000656312897185929
1.4828,-0.00237439436180109
1.4833,-0.000913674481316296
1.4906,-0.000390538039815036
1.5168,-0.00444423596514043
1.5169,-0.00392931436126331
1.5254,-0.000925166834991886
1.5363,-0.00409085702587753
1.554,-0.00450851711166123
1.569,-0.00131364200000261
1.5698,-0.000512362447930403
1.5724,-0.00167665554357854
1.5837,-0.0045243914197004
1.5965,-0.000991804902613191
1.5996,-0.00461483979345445
1.6007,-0.00213317385113454
1.6027,-0.000978748692919584
1.6062,-0.00291358463578884
1.6217,-0.00137003311946438
1.626,-0.00372560354929563
1.6275,-0.000564916893138978
1.6312,-0.00320657257342716
1.6395,-0.000952211644705159
1.6579,-0.00109063957488664
1.6608,-0.00372962936925481
1.6616,-0.0023375795088747
1.6617,-0.00451035112509057
1.6783,-0.00465167232670582
1.693,-0.00171310052003038
1.7057,-0.0011027894139255
1.7119,-0.00140183543509287
1.7137,-0.000495845696938391
1.716,-0.00178142016988625
1.7245,-0.00047315692581873
1.7277,-0.00105566203386176
1.7392,-0.00475421058176351
1.7455,-0.00169991231064714
1.7509,-0.00320151553787928
1.7545,-0.0036832094665431
1.7559,-0.00427137430435454
1.7562,-0.00437207294920983
1.7647,-0.00503148740710291
1.7741,-0.00180550934749935
1.7842,-0.00126701236730176
1.7855,-0.0039007286116195
1.7874,-0.00203567802271976
1.7886,-0.00521774638476424
1.7894,-0.00509982395592368
1.7907,-0.00154322614798463
1.824,-0.00396062936711172
1.8317,-0.00104646179973811
1.8393,-0.00266799315281463
1.8464,-0.00156466841956959
1.8729,-0.000542959029178336
1.8775,-0.000597727606007403
1.8784,-0.00400746355409809
1.8805,-0.00496169127157065
1.8955,-0.000812461771525941
1.9043,-0.00229890334655503
1.9094,-0.0010236064804785
1.9113,-0.00498104078691242
1.9142,-0.00555042470467892
1.9257,-0.00504351010697879
1.9307,-0.0021912712442167
1.9329,-0.00216177514491145
1.9443,-0.00478826442325575
1.9496,-0.0046370285442483
1.9593,-0.000977202574887315
1.9613,-0.000558618168511327
1.9745,-0.00174405753131168
1.986,-0.00298104361323226
1.9935,-0.000781657906381517
1.9939,-0.00335946461368453
1.9946,-0.00360785862865143
1.9969,-0.00579726860049012
2.0049,-0.00127778675444956
2.006,-0.000598244298566808
2.0077,-0.00479049663294173
2.0122,-0.000579182028737524
2.0148,-0.0054571100517693
2.0207,-0.0015654449882474
2.0328,-0.00593853746107964
2.0369,-0.00292723629877356
2.0471,-0.00080340814864277
2.0499,-0.000587984937790775
2.0521,-0.000773481351167504
2.0535,-0.00272974652079538
2.0536,-0.00125095499150518
2.057,-0.00597071048933229
2.0683,-0.00574281709978841
2.0728,-0.000774653945412318
2.0757,-0.00433479579744089
2.078,-0.00151699401290006
2.0868,-0.00287844584226793
2.0885,-0.00534023592047461
2.0977,-0.00112876691755037
2.1012,-0.000807727357423182
2.1047,-0.000824330880845103
2.1059,-0.00224793042788551
2.1084,-0.00318231734293484
2.1103,-0.000624619167661766
2.1139,-0.00608588060537585
2.117,-0.00201333616123556
2.1345,-0.000745264842783033
2.1447,-0.00596347474332237
2.1452,-0.000748047987320088
2.1484,-0.00119983714790584
2.1608,-0.00613247417702789
2.1631,-0.00208086705206068
2.172,-0.000800591997118794
2.1724,-0.00117402725898996
2.174,-0.000675227975895698
2.176,-0.000695016398275072
2.1871,-0.00168014481561451
2.1972,-0.00127634018053824
2.198,-0.00165523656059863
2.2047,-0.00121255738404091
2.2096,-0.000876623536658627
2.2106,-0.00130068940148931
2.212,-0.00259159778572249
2.218,-0.00198938160073947
2.2183,-0.00624397984870528
2.2196,-0.00259500373981281
2.2251,-0.00349669123939433
2.2322,-0.00166924888396958
2.2322,-0.00612640579837542
2.2339,-0.00473614902671438
2.2361,-0.00551601483989295
2.2364,-0.00237697515547985
2.2497,-0.00233686441952496
2.2526,-0.00496130861233546
2.2554,-0.00543600966319691
2.2614,-0.00550444686948115
2.2632,-0.00616171051785575
2.2661,-0.00653280109720411
2.2691,-0.00112223375551945
2.274,-0.00059385896156261
2.275,-0.00242575394766043
2.2754,-0.00493320555769872
2.2843,-0.00562703040125889
2.2852,-0.00485516105160011
2.2897,-0.00349195609655961
2.3002,-0.00660720239513646
2.3057,-0.00602234464830875
2.3111,-0.00615638118783179
2.3189,-0.00300074772121217
2.321,-0.00633524213939651
2.3291,-0.00374596040737618
2.3314,-0.00461954975845824
2.3317,-0.00424059268868815
2.3417,-0.00192905226750106
2.3479,-0.00335103003174231
2.3495,-0.00683701172097395
2.3498,-0.00668231107857675
2.3551,-0.00117505365913795
2.3711,-0.00421785781922024
2.3807,-0.00229800097326738
2.3869,-0.000690319740717538
2.3891,-0.00688869412219617
2.3972,-0.00301211299004578
2.4036,-0.00191631352183386
2.4071,-0.00225174323087751
2.412,-0.00516429640142846
2.4126,-0.000638815459725439
2.4134,-0.00276854427198137
2.4349,-0.00684697451992022
2.4439,-0.00586261271597222
2.4448,-0.000862377412281123
2.4476,-0.00458991682975629
2.4557,-0.00652756081239225
2.4568,-0.00259344937933603
2.4595,-0.0071616481065
2.4605,-0.00245181437376774
2.4713,-0.000738176019063452
2.4734,-0.0012842825499253
2.4785,-0.00259192610186698
2.4798,-0.0068098180879006
2.4814,-0.000829625108428544
2.4821,-0.00696310327437777
2.4863,-0.00269829565334767
2.4938,-0.00665602652855979
2.495,-0.00456892304192591
2.4968,-0.0028993593515847
2.4982,-0.00651478589077037
2.5017,-0.00244555701653937
2.5035,-0.00115883079201629
2.5056,-0.00646938614819481
2.5064,-0.000638412082706541
2.5199,-0.00147380182555956
2.5453,-0.00672915327299295
2.5604,-0.00551698326514227
2.5655,-0.00277523783441413
2.5674,-0.00356131990282993
2.585,-0.00186148249456064
2.6033,-0.0070084477766752
2.6064,-0.000752358033367262
2.6086,-0.00702520511032922
2.6106,-0.00744642929799522
2.6128,-0.00343016155343401
2.6131,-0.00161289647029328
2.6137,-0.00185012819296526
2.6142,-0.00403273353228828
2.6198,-0.00550719035136638
2.6245,-0.00476667415458865
2.6254,-0.00423072749811704
2.6296,-0.00353362202237273
2.6379,-0.00354777212629198
2.6436,-0.000913009048745472
2.6478,-0.00108173637386288
2.6506,-0.00771762410344712
2.6553,-0.000717665267475631
2.657,-0.00621732205781012
2.6702,-0.00402627426357682
2.6779,-0.00509672810421025
2.6832,-0.00274060551211797
2.6853,-0.00580480109061732
2.6977,-0.000757910302575215
2.6979,-0.00430335590319952
2.7085,-0.00740223891801062
2.7115,-0.00574198499410628
2.7185,-0.0017848153289135
2.721,-0.00469228533868149
2.7236,-0.00545228371308593
2.724,-0.00577828583543916
2.7489,-0.000848935127481631
2.751,-0.00713868333333334
2.7617,-0.00335296353849879
2.7693,-0.00798302527889794
2.7722,-0.00319435941358392
2.7775,-0.00805277188263842
2.7785,-0.00427780954181545
2.7839,-0.00815951234330647
2.788,-0.000726694748843126
2.7899,-0.00822772171089481
2.7903,-0.00506563371269486
2.7908,-0.00307891615891753
2.7966,-0.00101112528984926
2.7967,-0.00736181196461594
2.7981,-0.00628509246101405
2.7991,-0.0047928953607661
2.8013,-0.00259392374778811
2.8074,-0.00622960103234727
2.8081,-0.00824590069598008
2.8114,-0.00125727990736157
2.8119,-0.00816218884769748
2.8207,-0.00795143322494729
2.8212,-0.000955987742671915
2.8261,-0.00814667615655518
2.8264,-0.00189095432947495
2.8271,-0.00825697556304084
2.8284,-0.00816318726762866
2.8346,-0.0021111895193533
2.835,-0.00617795725920134
2.842,-0.00342735691160589
2.8489,-0.000868020111683965
2.8504,-0.00145721303361723
2.8554,-0.00312951359188141
2.8556,-0.00779191601802465
2.8602,-0.00246709611113438
2.8705,-0.00719474620686222
2.877,-0.00126460595257294
2.8788,-0.00544491094365629
2.8792,-0.00837945346097246
2.8887,-0.0019951494113668
2.8927,-0.0082541264818552
2.8979,-0.00788769541043433
2.9006,-0.00479753313241105
2.901,-0.00604464704298735
2.9052,-0.0022290211327789
2.9099,-0.00798923047916533
2.9153,-0.00560739137224608
2.9172,-0.00809387020858265
2.9179,-0.00431120468651125
2.9183,-0.00234344735352154
2.9195,-0.000876896007059091
2.9217,-0.00858650345899781
2.9297,-0.000741199096288003
2.9345,-0.00598394229861299
2.9408,-0.0016762543421267
2.9419,-0.007069160325615
2.9484,-0.00416446118851832
2.9581,-0.00665084851105835
2.9647,-0.00340284715144668
2.9669,-0.00124651773205109
2.9676,-0.000937307241027252
2.972,-0.00460954986010487
2.9734,-0.00780853897344613
2.9778,-0.00093728778626101
2.9782,-0.00866030444213939
2.9795,-0.00446882131415549
2.9939,-0.00880385404380313
2.9975,-0.0027606946312333
3.0131,-0.00418806275260986
3.0154,-0.0031028460619118
3.0298,-0.00511444838866426
3.0363,-0.00231032880643456
3.0565,-0.00141928467608565
3.0571,-0.00131601735977371
3.0649,-0.000894891245924345
3.072,-0.00175540712916167
3.0747,-0.00899898477666516
3.0761,-0.0084591441702897
3.0833,-0.00259401748785404
3.0835,-0.00351771600498374
3.0847,-0.00798780118031317
3.0858,-0.00101386143139415
3.0866,-0.00895643575956306
3.0879,-0.00236282985909009
3.0913,-0.00373129588844412
3.0941,-0.00818065782772992
3.103,-0.00756148239723986
3.1073,-0.00160613569308765
3.1095,-0.00803104041310565
3.1138,-0.00360353940734015
3.1241,-0.00182994988436125
3.1294,-0.00921149699394297
3.1314,-0.00811538400963219
3.1385,-0.00125586469375927
3.1403,-0.00100731072356552
3.1443,-0.001371441695456
3.1461,-0.00103849630600017
3.1474,-0.00124243911469835
3.1478,-0.000862524017793742
3.149,-0.00603543465212164
3.1533,-0.00516680542401948
3.1539,-0.00663445847417909
3.1554,-0.00920908258522379
3.1568,-0.00872674860639089
3.1592,-0.00550582858066218
3.1625,-0.00586589894273759
3.1628,-0.00915793070444471
3.1636,-0.00300523302536071
3.1727,-0.00862964231561492
3.1761,-0.00865907640174823
3.1783,-0.00147102579272795
3.179,-0.00860402250243997
3.1842,-0.00801421400466928
3.1846,-0.00826532011139314
3.1869,-0.00088255165976836
3.1882,-0.00904820785644489
3.1903,-0.0026694211916749
3.1956,-0.0070149034569007
3.2013,-0.00161569305617348
3.2014,-0.0094164193408206
3.2026,-0.00118012604595652
3.2033,-0.00886432802567327
3.2073,-0.00102645223225073
3.2089,-0.00932820582562188
3.2095,-0.00428454982587301
3.2166,-0.00656991347837144
3.2171,-0.00102951465885992
3.2201,-0.0088379884892813
3.2346,-0.00142669299397413
3.236,-0.00265510649083645
3.2415,-0.00113259408235633
3.2447,-0.00799457325636332
3.2452,-0.00430966720548609
3.2489,-0.00417932466180693
3.2494,-0.00322362900061135
3.2515,-0.00201420591110191
3.2541,-0.00842053521829111
3.2555,-0.0022792167123975
3.2575,-0.00681118161819105
3.258,-0.00850378441578759
3.2585,-0.00787190480381295
3.2614,-0.000888538586668819
3.2624,-0.00630082188573144
3.2681,-0.00293641963312208
3.2804,-0.00326458591065792
3.286,-0.00851817230120266
3.2861,-0.00933116348510588
3.2862,-0.00090578300835098
3.2878,-0.00537922951877423
3.2888,-0.00716587496173826
3.2894,-0.00580419007930022
3.2906,-0.00232353364815774
3.2962,-0.00628140817400924
3.304,-0.00579760910022431
3.3113,-0.00239507214145851
3.3121,-0.00454728001461291
3.3158,-0.00693771021390388
3.3179,-0.00133565097855293
3.3225,-0.00818122424036094
3.3268,-0.000879977802358489
3.3315,-0.00936815253738743
3.3324,-0.00959200003430105
3.3344,-0.0061737300466489
3.3411,-0.00240655671030954
3.3518,-0.00528859024307105
3.3542,-0.0066910423754627
3.3562,-0.00253784263239343
3.3594,-0.00918262027185479
3.3611,-0.00675954516928146
3.3674,-0.000955113553008591
3.3684,-0.00777212423292584
3.3728,-0.00769075743218606
3.379,-0.00549016478919739
3.3793,-0.00193729266625065
3.3873,-0.00594350741081362
3.3898,-0.00246933160612572
3.3942,-0.00148911685880115
3.3977,-0.00203442781156848
3.3979,-0.00296405360014074
3.3998,-0.00160471250043281
3.4026,-0.00355788639047905
3.4035,-0.00143280398933898
3.4041,-0.00607061357475169
3.4041,-0.00729272331640018
3.4053,-0.00153549553637289
3.417,-0.00975172546560055
3.4203,-0.00942908742720228
3.4236,-0.00321821019832758
3.435,-0.00995376020609617
3.4391,-0.00987065790541353
3.4412,-0.000907056775664827
3.442,-0.00637316617582417
3.4422,-0.0091026699540504
3.4432,-0.00226026324063433
3.4468,-0.00864414939904945
3.4469,-0.00728984217442585
3.4474,-0.00942230195959448
3.4558,-0.00452063538816594
3.4561,-0.00956615449746545
3.4575,-0.0059344265122161
3.4577,-0.00137942210481601
3.4586,-0.00213052570428474
3.4621,-0.00486408795435489
3.4709,-0.00478669495536099
3.4779,-0.00102984606298895
3.4787,-0.009226237004615
3.4817,-0.00676731905147099
3.4834,-0.00666114998582046
3.4835,-0.00400436325951636
3.4852,-0.00528166714179568
3.4863,-0.004772554926876
3.4988,-0.0087832690698959
3.5,-0.00981841840708197
3.5022,-0.00107655859108968
3.5153,-0.00096394544963907
3.5164,-0.00826312113190042
3.5193,-0.00413674312362788
3.5292,-0.00918782417978248
3.5371,-0.00528922520498609
3.5397,-0.00278338794262956
3.5403,-0.00891792157174676
3.5405,-0.00464959901322093
3.5429,-0.00824359715099376
3.5449,-0.00292375195215833
3.5477,-0.00715956011005048
3.5498,-0.00473479742627525
3.5526,-0.00101910174869468
3.5539,-0.00149987488918635
3.56,-0.0029414794447522
3.5602,-0.00177304024977554
3.561,-0.0039275015214093
3.5611,-0.00408466143187658
3.5646,-0.00402445131872309
3.5765,-0.000938821963126113
3.5783,-0.00279255307690285
3.5834,-0.00899594795337721
3.5871,-0.0087107853102486
3.5894,-0.003767865585111
3.5931,-0.00883689209250083
3.6016,-0.00886130130941698
3.6027,-0.00671076173247709
3.6163,-0.010645488691702
3.6182,-0.00965562360253047
3.6224,-0.0011093740642969
3.6248,-0.00401707245636329
3.6281,-0.00123173251052622
3.6335,-0.00277085250185083
3.6382,-0.00981461341948808
3.6399,-0.0107416535534934
3.6404,-0.0102626322878332
3.6408,-0.00835015056489086
3.6472,-0.00485881350780648
3.6603,-0.00289904337010061
3.6656,-0.00951340217341778
3.6657,-0.00695837177850134
3.6663,-0.00153979004342419
3.6694,-0.000976986409155334
3.6777,-0.00767907742113261
3.6801,-0.00862878875419337
3.6886,-0.0108707259422935
3.6927,-0.00778239338782294
3.6944,-0.00210003179017315
3.6994,-0.00283435819598177
3.7011,-0.00926822814901085
3.7022,-0.00544120604764187
3.7126,-0.00111806498578915
3.7126,-0.00106391481063639
3.717,-0.0109040740685762
3.7172,-0.00107801216336867
3.718,-0.00866859844154666
3.7254,-0.0104130744525217
3.7272,-0.0102229944243697
3.7281,-0.00202296271610924
3.7293,-0.00156079731775183
3.7339,-0.00904486421425688
3.7343,-0.00371161109505369
3.7371,-0.00213516431356631
3.7374,-0.00100154498232596
3.7488,-0.00531497640388645
3.7503,-0.0105658967373898
3.7514,-0.0110202102072265
3.7534,-0.0101354319248785
3.7544,-0.00206639623814464
3.7564,-0.0106900698080863
3.7665,-0.00140967670100567
3.7672,-0.003797848903214
3.7675,-0.00100145757646919
3.7741,-0.00181432749840615
3.7747,-0.00119283470988707
3.7772,-0.00144387962651615
3.787,-0.00523609137044856
3.7887,-0.00889537005857566
3.789,-0.00173337480675384
3.7902,-0.00947614683809528
3.7903,-0.0111162110341376
3.7931,-0.00564161836899135
3.794,-0.009179627130528
3.7983,-0.00227348373450997
3.8059,-0.00118570537591012
3.81,-0.00282004124727786
3.8102,-0.00136598191407922
3.8139,-0.00403861854465548
3.8162,-0.0108183469131728
3.8186,-0.00117128626954877
3.8188,-0.00314207844743652
3.8197,-0.0102060284715355
3.8223,-0.00678733700188161
3.8227,-0.00109560682808718
3.8228,-0.00470757167910119
3.8302,-0.00362998367517342
3.8304,-0.00627173268902981
3.834,-0.00924610405182724
3.8354,-0.00202546856732422
3.8375,-0.00133308159430223
3.8436,-0.0111637489329186
3.8525,-0.0110011474605729
3.8556,-0.00183811335271233
3.8563,-0.0113580112258527
3.8565,-0.0011422123613003
3.8588,-0.0110931871072246
3.8645,-0.0106479230460272
3.8667,-0.0101593076792215
3.8711,-0.00955027471013548
3.8744,-0.00112094185788525
3.8875,-0.00190475327803341
3.8883,-0.004727857657715
3.8905,-0.00928099306472996
3.8936,-0.0101005768156499
3.9009,-0.00128361475653405
3.9036,-0.00830415103247351
3.906,-0.00310665361411067
3.909,-0.00120258535404183
3.9191,-0.00897168215039024
3.9198,-0.00222588658615441
3.9216,-0.00647337493836053
3.9221,-0.00706592401187045
3.9226,-0.0109127039660204
3.9228,-0.00791426807233631
3.926,-0.00745288688492041
3.9366,-0.00318720680821905
3.9393,-0.00142973688866199
3.9409,-0.00593024538536424
3.9483,-0.0114343330308642
3.9491,-0.0101120727260611
3.9528,-0.00112274719287964
3.9547,-0.00290322413764077
3.9555,-0.0011637015593382
3.9578,-0.00284928768727966
3.958,-0.00889551162916513
3.9616,-0.0113968771292647
3.9625,-0.00266170166156066
3.963,-0.00162019639345345
3.9655,-0.0115082800752506
3.9774,-0.00677765803397312
3.9827,-0.00145025424873557
3.985,-0.00524694926635316
3.9859,-0.0114042813524886
3.9873,-0.0040610783983781
3.9891,-0.0107533805008262
3.9894,-0.00844903534076158
3.991,-0.0024314278987343
3.9936,-0.00959009455346749
3.9997,-0.00121290169079558
4.0004,-0.00567403381517728
4.0079,-0.0117326140508451
4.0082,-0.00340178507937861
4.0097,-0.0094220159621079
4.011,-0.00800627492705264
4.0143,-0.00931337922476683
4.0165,-0.00834577979742601
4.0179,-0.00104363906155669
4.0215,-0.00118416989927983
4.0258,-0.00872377925831902
4.0269,-0.0116068710641368
4.027,-0.00356506371633358
4.0325,-0.00394846787450298
4.0341,-0.011780172188236
4.0342,-0.00681233888733868
4.0473,-0.0114218516774596
4.0521,-0.00114790439970136
4.0535,-0.00144119647218854
4.0568,-0.0107200263931126
4.0593,-0.0114467360001358
4.0645,-0.00503435945164732
4.0732,-0.00282041244741915
4.0739,-0.00220524301019243
4.0815,-0.0102435094704436
4.0858,-0.0097235998534746
4.0876,-0.00454124800334377
4.0933,-0.00335578063928121
4.0945,-0.00955741948606903
4.0989,-0.00381140611923758
4.1001,-0.00242144128293198
4.1011,-0.00147658242069504
4.1066,-0.00780422193933372
4.1091,-0.00132433294955003
4.124,-0.00949646296104856
4.1261,-0.00298034296961092
4.1296,-0.00680246578167409
4.1309,-0.0035567643958494
4.1329,-0.00112830148062937
4.1341,-0.012170635161902
4.1351,-0.00135819405205062
4.1377,-0.0100565131965604
4.139,-0.0114307999566829
4.1404,-0.00699278015416205
4.1439,-0.00130843182160145
4.1451,-0.0109511429010949
4.146,-0.00173639174874385
4.1486,-0.00990587705309753
4.1488,-0.0079471718154398
4.1533,-0.00133559543826589
4.1574,-0.00785155507403257
4.1679,-0.0123847772306505
4.1825,-0.00324878801943296
4.1912,-0.0119735190210779
4.1913,-0.0107971248612229
4.195,-0.00296329207752333
4.1957,-0.0110151751236263
4.1965,-0.00899690909246953
4.1985,-0.00231375796190836
4.2012,-0.00549761974544705
4.202,-0.0051127146105987
4.2025,-0.00251968301787908
4.2052,-0.00853352312024214
4.2055,-0.0056545985721792
4.2085,-0.00139850714589507
4.2161,-0.00590029846490658
4.2185,-0.0123055951027649
4.2193,-0.00163030931509045
4.2242,-0.00124582885915281
4.2249,-0.0078085669339103
4.2253,-0.0118653659332635
4.2291,-0.0113685663783052
4.2339,-0.00115549204880505
4.2405,-0.00173190185090988
4.249,-0.0124628625627512
4.2536,-0.00324494780689033
4.2542,-0.00911563445476826
4.2553,-0.0120088129238756
4.2607,-0.00258517896510391
4.2644,-0.00656098665978799
4.2656,-0.00921462223647485
4.2669,-0.010726003062917
4.2673,-0.0121707248468041
4.2742,-0.00445757711615258
4.2752,-0.00562599942263287
4.2802,-0.00560264882064843
4.287,-0.00659754006896307
4.2914,-0.0110559666483718
4.2939,-0.00332233632288048
4.2964,-0.0126680545420434
4.298,-0.00683825450413611
4.3022,-0.00906391569496989
4.3035,-0.0088624137357014
4.3038,-0.0104129219754965
4.304,-0.00127718806717869
4.3052,-0.00138390407084277
4.3089,-0.00683850046821011
4.3118,-0.00526799451622839
4.3128,-0.00214360892901322
4.3202,-0.0112265763280526
4.3224,-0.00998314211696538
4.3229,-0.0109656530371867
4.3247,-0.0124243234625006
4.3295,-0.00675471577103437
4.3404,-0.0120816128939634
4.3409,-0.0109744704110426
4.3426,-0.00194472665391476
4.3442,-0.0021211749909682
4.3452,-0.00777073272848128
4.3456,-0.0112271898102723
4.3489,-0.0110454975204437
4.3497,-0.012245739414646
4.3545,-0.00470469000706064
4.3572,-0.0107997947950542
4.3653,-0.00499219266506756
4.3679,-0.00978076735668143
4.3698,-0.00133758534030193
4.374,-0.00385607509891539
4.3804,-0.00281496032240725
4.3834,-0.00723439657934666
4.3887,-0.00575284340136939
4.3908,-0.00121106095610202
4.3944,-0.00133230737865553
4.3945,-0.00275482389270643
4.396,-0.0125977362494574
4.3974,-0.00466946068952989
4.3998,-0.0120802666537774
4.4013,-0.0127481836543284
4.4061,-0.0102313882355283
4.4074,-0.00126638501299059
4.4127,-0.00381780251341368
4.4144,-0.00130127635496535
4.4197,-0.0026754811812939
4.4234,-0.00717893374587764
4.4266,-0.00161927374475113
4.4267,-0.00420345136081224
4.4271,-0.0032711184522638
4.4277,-0.012527645771045
4.4321,-0.00764129887002607
4.4379,-0.00136936648449915
4.4432,-0.00697994092485477
4.4444,-0.0060576545184805
4.4449,-0.0128207682450414
4.4479,-0.00648161335401376
4.4509,-0.00636147728663605
4.4514,-0.0113690297102531
4.4522,-0.011111448696064
4.4522,-0.0132025379616838
4.4585,-0.0130051496737993
4.4624,-0.00666649097893401
4.4682,-0.00407722021255452
4.4691,-0.0104263253019186
4.4743,-0.0125025706537452
4.4752,-0.0132163610992055
4.4793,-0.0132526474329104
4.4795,-0.00181007695289104
4.4827,-0.0132021436173169
4.4882,-0.0125617314502273
4.4912,-0.0039808723787722
4.4915,-0.0106271239528208
4.4997,-0.00234472180227474
4.5018,-0.00724573294223152
4.5025,-0.00818038566584978
4.5104,-0.00977737706371151
4.513,-0.0112284111522074
4.5134,-0.00538816873726589
4.5148,-0.00445085221803332
4.5191,-0.0127552400020772
4.5197,-0.00138735812829616
4.5197,-0.00132710429902616
4.5203,-0.0132937376553848
4.5209,-0.00286440438554614
4.5216,-0.0125259280961183
4.5231,-0.012375211981686
4.531,-0.0124440534691024
4.5325,-0.00925765349080176
4.5355,-0.00830390612629994
4.5386,-0.0118621947197575
4.5393,-0.00319112920388065
4.5449,-0.0127909031426503
4.5511,-0.0130426652699409
4.5549,-0.00621641972695031
4.5571,-0.00355723230918503
4.5626,-0.012519858248238
4.5631,-0.00678131708822516
4.5682,-0.00374925454505881
4.5701,-0.0115718213363767
4.5703,-0.00575856397732188
4.5713,-0.00778467527055415
4.5719,-0.011336816858555
4.5844,-0.00569486083153947
4.5852,-0.00515597031104065
4.5857,-0.00637957442149162
4.5861,-0.00511151710878988
4.5873,-0.0053993616253436
4.5908,-0.0130328358585068
4.5938,-0.00466428369212402
4.5993,-0.0132081982520065
4.5994,-0.00860494647244536
4.6012,-0.0124111250192041
4.6025,-0.00399075778083446
4.6032,-0.0114593933001785
4.6055,-0.00768192970237802
4.6062,-0.0102452342894184
4.6104,-0.011030439817926
4.6116,-0.00867355378411183
4.6145,-0.0136006606097512
4.617,-0.00236905832463119
4.6172,-0.00777780502124426
4.6202,-0.0103297734826988
4.6232,-0.00200017046148293
4.6286,-0.00234970963257286
4.6292,-0.00762311204415056
4.6318,-0.00354560933658554
4.6332,-0.00206489157205336
4.634,-0.00191934960179641
4.638,-0.00148012938633713
4.6455,-0.0126703837766327
4.6509,-0.00528606989632685
4.6539,-0.0131138586168547
4.6836,-0.0132963038760412
4.6944,-0.00416003310136759
4.6993,-0.00898457212677428
4.7037,-0.00514885782375707
4.7044,-0.0043220895371876
4.7057,-0.00661313800941699
4.7086,-0.00784247532443949
4.7119,-0.0105802489162778
4.7134,-0.0100627224319503
4.7157,-0.0126337501382858
4.718,-0.00408246519267763
4.7188,-0.0103760548823875
4.7195,-0.00339080267332292
4.7221,-0.00579902132277876
4.7248,-0.00845703125243968
4.7249,-0.00187936125435506
4.7277,-0.0103896613130994
4.7372,-0.00223581883000179
4.7406,-0.0129851511618293
4.7447,-0.00972361121014131
4.7456,-0.0018044438930902
4.7493,-0.0120115281292499
4.7519,-0.00851345612050647
4.7565,-0.00833564984305113
4.7612,-0.00525246498304988
4.7651,-0.00596557796676311
4.7658,-0.00858314488454504
4.7663,-0.0140099959592259
4.7686,-0.00726536082409535
4.7687,-0.0142253138096757
4.771,-0.00909102719193999
4.7757,-0.010781373844174
4.7775,-0.00989362808082106
4.7794,-0.00824863770125628
4.781,-0.00617262059630264
4.7811,-0.013276672412009
4.7902,-0.00645431340069269
4.7915,-0.00397137207308873
4.7978,-0.01362020475809
4.7978,-0.00311384603716025
4.8009,-0.00146353209979111
4.8013,-0.0138260632871079
4.8021,-0.012038326531238
4.8031,-0.00163427201975175
4.81,-0.0125543405009703
4.8111,-0.00270649525675193
4.8115,-0.00213000079511882
4.8135,-0.00141434482191816
4.8141,-0.00277746167606274
4.8153,-0.011221259690755
4.8189,-0.0034883059494577
4.8202,-0.0143726632107732
4.8305,-0.0110883931638632
4.8381,-0.0141688022492454
4.8567,-0.0106875105547175
4.8623,-0.0137041034706407
4.8651,-0.00547540415094439
4.8689,-0.0145135924618405
4.877,-0.00356304367756799
4.8815,-0.0110070430006912
4.8836,-0.0037656629645948
4.8836,-0.00659598055754884
4.8873,-0.0140488579773965
4.89,-0.0142219878418404
4.917,-0.0139504809767965
4.9173,-0.0130806143956859
4.9195,-0.00250346306342575
4.9211,-0.0115248923193256
4.9211,-0.0106794239649748
4.923,-0.00135154793772507
4.9248,-0.0119684624553464
4.9267,-0.00758898715273482
4.9271,-0.00159630407083977
4.9368,-0.002287590136552
4.9388,-0.00781278623569026
4.9395,-0.0147426825817893
4.9424,-0.00921363925512964
4.9444,-0.00895114686583476
4.9462,-0.0053697284849763
4.9468,-0.0055432619397342
4.956,-0.00548683412623863
4.9571,-0.0138123272801121
4.9581,-0.00170264514772978
4.9592,-0.00581500285009717
4.9593,-0.00211573441768742
4.9637,-0.00137296457575786
4.9641,-0.0135890088493573
4.9643,-0.00540911435814717
4.9767,-0.00459518354142574
4.9774,-0.00681808089042235
4.982,-0.01407922036889
4.9848,-0.0147889595648572
4.9878,-0.0141324456870286
4.9891,-0.0138459062844332
4.9922,-0.0117236694084992
4.9975,-0.012844116933052
5.0031,-0.00199864115846626
5.1121,-0.0126578738929988
5.5788,-0.00672655157473834
6.2707,-0.0145474306344875
6.3731,-0.0191658849284737
6.5377,-0.0142856087279695
7.415,-0.00199400697699481
7.5155,-0.00416136225921271
7.593,-0.0151720998594458
7.8641,-0.00985809999469289
8.4836,-0.00366883988783862
8.5106,-0.0170162154883648
8.9662,-0.015294748757178
8.9888,-0.00251157310959016
9.4144,-0.0103237713863376
10.2166,-0.0184851508131025
10.3014,-0.0276487511374306
10.4426,-0.0308000061312743
10.4571,-0.0309532273572195
10.7605,-0.0130461112477764
11.3881,-0.0072075907309177
11.4769,-0.0316996080492178
11.558,-0.0337308083875794
11.6239,-0.0186167052988111
11.6978,-0.019666103630307
11.7279,-0.0290060409421979
11.9243,-0.037991749252777
11.9431,-0.0246641059071298
12.1966,-0.038037683185788
12.3544,-0.0113282723136514
12.6955,-0.00411844947502615
13.079,-0.0420454621333928
13.181,-0.00608716937899523
13.3248,-0.00683774520405933
13.5198,-0.0407959266235025
13.7214,-0.0406459233110787
13.9324,-0.0228961630996398
14.0587,-0.0292187042073522
14.193,-0.0141023664101265
14.2283,-0.0463085613259935
14.3851,-0.0445517796489359
15.312,-0.0328642891443174
15.3666,-0.00718857990817234
15.3726,-0.025092701666809
15.4226,-0.00806188269162789
15.5164,-0.0503095738806465
15.6509,-0.00435871977455449
15.736,-0.00565268114016249
15.8688,-0.0398461280272038
15.8942,-0.0257820464956264
16.1228,-0.0268488725538703
16.3419,-0.0534033297897523
16.3743,-0.00479187587204066
16.4682,-0.0129597195851119
16.5174,-0.036497007487938
16.6136,-0.0432485370184139
17.0886,-0.00876755336208035
17.0915,-0.038764875601057
17.278,-0.00626038843566334
17.2991,-0.0107965349970236
17.4405,-0.0451101368323208
17.6318,-0.0141388105169824
17.732,-0.00477167676706713
18.2616,-0.0478427469038181
18.2664,-0.055562537544894
18.3523,-0.00651403114096283
18.4007,-0.0631240068659409
18.6221,-0.0203622973645885
18.7144,-0.00659649160266795
19.068,-0.0564459192863715
19.5953,-0.0056214727311783
19.6417,-0.00545831576498301
19.7514,-0.0692970678969012
19.763,-0.012343268138121
19.7936,-0.0480057679966528
19.8005,-0.00475804338014996
19.8701,-0.00520267551866027
19.9445,-0.0686931371373412
19.9935,-0.0541948405461987
20.0028,-0.0451829929176313
20.2774,-0.00546052094822969
20.4163,-0.0496848552881346
20.4832,-0.00655531570686918
20.6715,-0.0261825851463264
20.6784,-0.00522299516627456
20.9765,-0.0626928498926773
21.2643,-0.075991639665375
21.2755,-0.0761768568913865
21.3646,-0.0778675309092201
21.3859,-0.0186382768202726
21.399,-0.00602488055148243
21.4205,-0.00401773708581388
21.4739,-0.0105597407997813
21.4959,-0.00803630127080979
21.5551,-0.00812654932963142
21.5956,-0.0672723714043713
21.6524,-0.0233170275110446
21.7187,-0.034175851599759
21.8249,-0.00412550184272931
21.8402,-0.01024241791389
21.9431,-0.0423207837330715
21.9913,-0.00567831090886628
22.1624,-0.0818368201784132
22.2892,-0.0531367924976962
22.301,-0.0592083825565837
22.3016,-0.0780071326396232
22.3514,-0.0106637930413171
22.4538,-0.00399565672886837
22.4706,-0.077169599504078
22.5603,-0.00629139489578279
22.6777,-0.0335009789521976
22.9525,-0.0187621846264427
23.0045,-0.0846595893736612
23.0851,-0.0721216313315658
23.1638,-0.00584888872442946
23.2302,-0.00770710113222961
23.4909,-0.00321277423856259
23.6962,-0.0608658734055751
23.7316,-0.0841218039026614
23.7344,-0.0777044262329447
24.2864,-0.0843021657558403
24.5187,-0.0385575289544917
24.6868,-0.0907113748080057
25.0424,-0.0450514574866929
25.0577,-0.0054028234175334
25.1008,-0.00669013419834741
25.1208,-0.00687171965841316
25.2528,-0.00652913435233415
25.6885,-0.0392244001139233
25.7588,-0.00135603228035919
25.7637,-0.0214826671606403
25.7727,-0.0696098397749552
25.8522,-0.00133726937501066
25.9755,-0.0811868037978662
26.1503,-0.00103233820845361
26.3436,-0.0122800076641099
26.4328,-0.101393382503623
26.6182,-0.103236219162525
26.6187,-0.0209831136017762
26.7547,-0.0156973985914775
26.8314,-0.00437191295494799
26.8704,-0.00202720869297224
26.8822,-0.0813294551100014
27.0597,-0.0888717005707775
27.0896,-0.0449378926126975
27.143,-0.00116903691059278
27.4399,-0.0946767546451639
27.6241,-0.00698523479890412
27.6826,-0.000921568554378638
27.9007,-0.00382532354466036
27.9068,-0.108756788639809
28.0889,-0.078014634379322
28.1535,-0.00222737808034168
28.2582,-0.0929084648221874
28.2592,-0.11236910754436
28.4208,-0.014061619428233
28.4928,-0.00327025164184747
28.6266,-0.0390017143148143
28.6453,-0.00656880608647015
28.8014,-0.113691418042631
28.8113,-0.0812663412899823
28.8372,-0.0575953456897231
28.9019,-0.00618477006511498
29.0031,0.00131863675499133
29.0556,-0.0447820832876822
29.1142,-0.0948272902028719
29.2409,-0.00788298755258765
29.4249,-0.0339236173384094
29.4435,-0.0672099319973611
29.5147,-0.0424689491613393
29.5418,-0.0222128250937139
29.5527,-0.0826093097658607
29.7904,-0.103427532421076
29.8088,-0.00507454292796794
29.8167,-0.0451331162406099
29.8179,-0.0858808074622104
29.8485,-0.0366769304149095
29.8692,-0.00560906151954299
29.8807,-0.0038287837272506
29.8954,-0.0646470020683978
29.8961,-0.055712586324411
30.0842,-0.123423175409162
30.1102,-0.0526023784287943
30.2554,-0.11980529244596
30.3282,-0.073233202682772
30.3591,-0.123433530036834
30.6218,0.00557908057795231
30.6968,-0.0714146689165247
30.7101,0.00559757303057751
30.716,-0.0541649937905575
30.736,-0.00127798064362139
30.8367,0.0025900558853138
30.8843,-0.125484428245329
31.0785,-0.0998318139456771
31.0844,0.00458842444606589
31.2229,-0.015609368558998
31.2298,-0.00713958321840735
31.4,0.000380687736580398
31.4117,-0.0493207589988174
31.5074,-0.0982743643682902
31.5879,-0.0207394446607267
31.8828,-0.0396074989817237
31.9443,-0.0568643121439933
32.0348,-0.0160139178799952
32.046,-0.00704990988789689
32.0586,-0.0171000220538104
32.114,-0.124722369569248
32.1275,-0.1147359617486
32.1427,-0.0947406442076044
32.1753,-0.116916961739548
32.2213,0.00743730494763639
32.3131,-0.127577057319016
32.3685,-0.00529556667639497
32.5906,-0.104373449751193
32.6642,0.00646330203283441
32.7519,-0.00656707435694415
32.9278,0.0032843392074966
32.9306,-0.00298506970513301
32.9942,-0.135403506961374
33.1324,-0.0654565924814818
33.1735,-0.0182378016247782
33.307,-0.121738501340467
33.3348,0.000510050408770724
33.446,-0.0101594842655786
33.5784,-0.00519687136819158
33.6545,-0.14548944831617
33.6846,-0.00860574510872425
33.7737,0.00661018361947185
33.7978,-0.00403101106221726
33.8094,-0.0441891274318493
33.8499,-0.0433806708575588
33.8885,0.00255435892208311
34.0393,-0.127828430825225
34.0969,0.00876868390918162
34.138,0.00621321156166488
34.2198,-0.148206872797992
34.3193,-0.0978624535815058
34.4594,-0.0577175747189713
34.4831,-0.00995914906496154
34.501,-0.150520958490262
34.5889,-0.0442185001711479
34.6597,-0.094100737014152
34.7278,-0.144772270496702
34.7481,0.00965541274972992
34.9284,0.00301540488760565
35.0166,0.0119590828943998
35.0286,-0.0949732410648565
35.0796,-0.0483449199939656
35.1207,-0.153111422418213
35.2956,-0.00721558794855071
35.3177,-0.152491830170092
35.3193,0.00675600639377905
35.4112,0.0125269373974746
35.5723,-0.00693769533577893
35.5724,-0.00936149471993986
35.6139,-0.134774519211966
35.7096,0.0146876578328445
35.7772,-0.117594430745257
35.837,-0.0966107573296924
35.8554,-0.154081484753888
35.8598,-0.0879145694404997
35.873,-0.00674167613030363
35.8929,-0.000786873760873164
36.0283,-0.0807081427844025
36.0433,-0.0888289042341697
36.1783,-0.0191070989466766
36.4015,0.00530567772630519
36.5166,-0.150000521964024
36.546,0.00861026753717908
36.5914,-0.149148821755922
36.5963,-0.00457303941421117
36.6204,-0.00319999253248682
36.7004,-0.00782124866542944
36.7375,-0.148330457681176
36.8596,-0.148226793869661
36.9121,-0.0491946014465086
37.0709,-0.0654387819234401
37.1657,-0.0112139761965011
37.2085,-0.0244934257766829
37.3186,-0.0103639504271698
37.332,-0.167820211338459
37.4408,-0.168569088768955
37.4765,0.00291912820989637
37.4865,-0.0417754224571141
37.5774,-0.010001625004108
37.6194,-0.168581717169573
37.6202,-0.167238447191139
37.6618,-0.0341924026670739
37.8972,-0.00299943652372292
37.9153,-0.0136774998811404
38.1262,-0.136455072829257
38.1962,-0.0102715687562593
38.1976,-0.00996935878158212
38.2088,-0.0309089006587655
38.2099,-0.175046521120116
38.2834,-0.174606987130574
38.3188,0.02071298746786
38.5708,-0.00334371685143964
38.6312,-0.0781255266033156
38.6578,-0.0215864966030068
38.6816,0.00695805498755675
38.7396,-0.015225240206
38.772,-0.17597947268775
38.7821,0.0209930856953378
38.8692,-0.17906206670844
38.9039,-0.148308428914575
39.1948,-0.0304489816106539
39.3072,0.0127063458038634
39.3867,-0.176285798279125
39.6487,0.00277134121715505
39.6607,0.00897793777392764
39.6667,0.00843315830807967
39.7685,-0.185627218136496
39.8407,0.00150682549945458
39.8889,-0.165295448226949
39.9247,-0.0897243773156049
40.1103,-0.0296102618650878
40.1481,-0.14120380892308
40.2363,-0.000813013781481686
40.263,-0.0817513834385508
40.3207,-0.101228407137143
40.5116,-0.023957737151747
40.5545,-0.185459234368267
40.5707,-0.0557689597932765
40.6255,-0.012786483469128
40.9651,0.0109988970968899
40.9822,-0.194172782988382
41.0131,-0.185318835408665
41.0642,-0.00143275428352041
41.0851,0.0142883780384082
41.127,-0.0166003278593934
41.2904,0.00484411858806766
41.514,-0.010226093861391
41.5342,0.0304181503162155
41.6864,0.0215571305583353
41.7331,-0.0268838767938107
41.7762,0.0237156972067041
41.9364,-0.165611030918797
41.9517,-0.200236054252386
41.9852,-0.200343421016179
41.9952,-0.195496417239319
41.9993,0.0272785613569511
42.0648,-0.00835764795461813
42.1103,-0.00597677456222812
42.1402,-0.200048849414756
42.2881,-0.181472346428635
42.3947,-0.00581117156575317
42.494,-0.0141552591421714
42.5096,0.0326190836936391
42.5223,-0.184223001562493
42.5395,0.0128043606546271
42.6028,-0.00650909953883172
42.6298,-0.0137200749980551
42.6548,-0.120867549147036
42.7882,0.0332647998780615
42.8031,-0.01161357473854
42.8087,-0.199353215345766
42.8119,-0.112962041140214
42.9043,-0.0118825468517016
42.9184,-0.142054639922314
43.0103,-0.0894337014217257
43.0411,0.002526738005308
43.0428,-0.00937937309281978
43.0442,-0.0190028644413118
43.0638,-0.0438775206715647
43.1081,-0.146622966416864
43.1297,0.0172415774273631
43.1398,-0.059424795956339
43.1847,-0.179326456984747
43.247,0.0296548588534691
43.3305,-0.0588654490090832
43.357,-0.211191127117068
43.3685,-0.21218363860455
43.4,-0.195293232095665
43.4574,-0.201853646340432
43.6597,-0.184249194039808
43.7561,-0.213452942347388
43.808,-0.198588564270381
43.8182,-0.00642331465787294
43.8743,0.0378029261214152
43.8955,-0.215002076580653
43.957,-0.0245571548815988
43.9667,0.00404068322017537
44.0464,0.0219919120931138
44.081,-0.0986404493073536
44.3417,-0.21842664257958
44.4806,0.0384369196944974
44.5096,-0.0525385784906192
44.5935,-0.184314951405405
44.6714,0.0309186013429894
44.6879,-0.00499322657726253
44.7403,0.030934413916853
44.7453,-0.0118875306540147
44.7941,0.0114932519589175
44.804,0.0364024480734884
44.9185,-0.222300752438379
44.9522,0.00684716547340258
45.0275,-0.0671334706790674
45.0872,-0.224285022650562
45.2146,-0.117928127057311
45.3047,0.028108926021865
45.3257,0.00269704550792227
45.3535,0.0264886490669056
45.355,-0.227159273393127
45.3801,-0.0969271461136145
45.4304,-0.000575215390156814
45.4726,0.0231040986381785
45.478,0.0078305717856324
45.4989,-0.0690178393451077
45.5079,-0.0782115708210114
45.5281,-0.0992679006780648
45.5298,-0.0378923904305282
45.6806,0.0413111837813247
45.8618,0.0397687711739252
45.9693,0.0446268636974096
46.0251,-0.214817716623884
46.2158,-0.0126730606087406
46.3267,-0.180415613012933
46.3791,-0.211650701155136
46.4573,-0.123479957810574
46.5313,0.0463861899131714
46.5331,-0.208542182616476
46.5817,-0.08534562279781
46.6043,-0.206695355969771
46.6312,0.00345181120677296
46.6862,-0.236511623071436
46.7586,0.0282944032052228
46.7782,0.0474566945210242
46.8127,0.0407228604793701
46.8731,-0.175929168825164
46.9135,-0.217530085450136
46.9254,-0.176947748566874
46.9446,-0.174356523457881
47.05,-0.114762002346147
47.075,-0.00333482752053271
47.1522,-0.170117700272513
47.1869,-0.241375678776855
47.2779,-0.15809447295112
47.3175,0.0481870136298781
47.3254,-0.232699104586338
47.3606,-0.0324481237455672
47.45,-0.00796362435924891
47.4588,-0.134443503985558
47.5891,-0.0137977594407346
47.753,-0.245231764807194
47.7584,-0.177591500016639
47.7774,0.0332248534265247
47.783,-0.155492583481745
47.8867,0.0506372286669787
47.9203,-0.135689703937025
47.9417,-0.17365799769923
48.1065,-0.0337326224987891
48.1187,-0.231922802583234
48.1356,-0.0398308441182991
48.1499,0.0282951582442195
48.1991,0.0100307621297304
48.2046,-0.210292460391081
48.2213,-0.116325894937965
48.3457,-0.250174495454722
48.4021,-0.0786259237791924
48.4122,-0.053302893156129
48.4679,-0.164756825304281
48.478,0.0430328766172678
48.4989,-0.147714421856321
48.501,0.01140937204773
48.5113,0.0532358145255785
48.5446,-0.216948588809529
48.5523,-0.00886065525685353
48.656,-0.0165538887422514
48.7114,-0.221164544019778
48.7566,-0.0319626614200956
48.7961,-0.251014790754034
48.8079,-0.0145788898039712
48.8663,-0.161326869282298
48.9554,0.0476495186692105
48.9922,-0.0171915331821637
49.0182,-0.196603604562995
49.1534,-0.196161162787547
49.2375,-0.237070386326401
49.2606,-0.199513693097188
49.3713,0.0547133046090522
49.4025,-0.126330576506703
49.4627,-0.200516747774145
49.4896,0.0161204630349872
49.5196,-0.241978998033346
49.6577,-0.139545741171872
49.672,-0.10956875381558
49.6918,-0.00849283699038494
49.7614,-0.1695413204122
49.7647,-0.0131193261880682
49.9528,-0.263976535129871
49.9539,-0.0947212226345897
49.9713,-0.0482033103272812
49.9836,-0.176405308870763
50.0286,-0.262462598583738
50.0462,-0.226015427585764
50.1575,-0.113976552178151
50.1655,-0.151697235766008
50.171,-0.0116761683934357
50.1759,-0.262532379730892
50.1798,0.0591542321424399
50.2099,-0.239218920012824
50.3125,-0.261610579070116
50.335,-0.25601215974195
50.3671,-0.256489113622742
50.3702,-0.0135041640363553
50.4133,-0.190442541794241
50.4223,-0.164998016767186
50.4977,-0.154098297747758
50.5909,-0.171778182366396
50.6118,-0.244851119283197
50.6469,0.0237656773829968
50.6854,-0.00180385719163922
50.9174,0.0501305163557859
50.9493,0.0549578762003762
50.9642,-0.255407017619461
50.9658,0.0537344307044947
51.1385,-0.271918511984609
51.2224,-0.00377450628715792
51.3407,-0.184741299589142
51.3913,-0.241997015602138
51.4667,-0.220340550897106
51.5118,-0.0263869936552368
51.5623,-0.0138733537682896
51.5884,0.0638550905455446
51.7077,-0.109296941740084
51.718,-0.0115183189855728
51.7396,-0.0435219006220464
51.7882,-0.062028596434466
51.8247,-0.0305149603045862
51.8505,-0.194483831241179
51.8545,0.00983258025677713
51.8989,-0.0192975692855555
51.9523,-0.0436650816490101
52.0008,-0.0137024266005881
52.0249,-0.028436127088888
52.0447,-0.100264785316718
52.0814,0.0493794411794042
52.0975,-0.281692986731649
52.1083,-0.192193127437953
52.117,-0.01256223138504
52.1318,-0.277817642578761
52.2052,-0.271261069110949
52.3195,-0.203795749760637
52.3413,-0.202648767908762
52.3756,-0.0380893000366243
52.4603,-0.0571857215897538
52.4609,-0.0933193127846081
52.4614,-0.0269379422614833
52.5197,0.054799589939087
52.6226,0.0679372233270499
52.7076,-0.00355786212514886
52.7921,-0.042385310018787
52.8322,-0.147056618009429
52.9659,0.0677625705637439
53.1689,-0.258442570860431
53.2811,0.0721266033848025
53.3131,-0.0827155222094476
53.3549,-0.292157471903849
53.4235,-0.00282678469773856
53.4353,-0.219198114404826
53.4887,-0.208607684161208
53.5048,0.019469407436489
53.5227,-0.282748960741493
53.5651,-0.274250561893894
53.6013,-0.294094500720178
53.603,-0.14172466414643
53.6334,0.0376674710380982
53.676,-0.240295019213789
53.6904,-0.116834487470513
53.762,0.0560823567261224
53.7643,-0.295461755370191
53.9736,-0.0122457543063561
54.2425,0.0518677326026733
54.2522,0.069392923135446
54.278,-0.271304138733733
54.2833,-0.238374273389262
54.3225,-0.0294337027141438
54.3344,-0.258632407762605
54.3687,-0.0142718398229675
54.385,-0.26276187696724
54.3925,-0.301237212604896
54.5326,-0.0449145418645713
54.5592,0.00786210469536286
54.6051,-0.119412926101866
54.6384,0.0132163599433426
54.7328,-0.127927888846692
54.9326,-0.0337367325139581
54.9516,-0.278970338991471
54.9603,0.0705535556070558
54.9683,0.0282820262956207
54.993,0.0802218305903111
54.995,-0.239430868738872
55.0078,-0.0146331779552895
55.037,-0.00869191823245785
55.0405,-0.0955332389203107
55.062,0.0803900820216157
55.0629,-0.0764087695168243
55.0901,-0.0616816689870348
55.1096,-0.297839337416306
55.1107,-0.18245423336819
55.1423,-0.0129363520394392
55.2432,-0.230166398211828
55.2974,-0.243588396823199
55.3952,0.0771433161633865
55.5283,-0.00678415972056712
55.592,0.0829765148504507
55.637,-0.104996304691802
55.6515,0.0551482180963845
55.6987,-0.114826162775472
55.773,-0.0990179620990617
55.7886,-0.152734126887822
55.8173,-0.0184730957269608
55.9286,-0.229271300971327
55.9388,-0.0326673144376386
55.9423,0.0314909155293535
55.947,-0.0103683556100194
56.0866,-0.0850450050802039
56.0981,-0.0509591840379215
56.1245,-0.24442380038527
56.1893,0.0143604755760407
56.2063,-0.0578265164739236
56.2713,0.052357106605065
56.3598,-0.0438650153699953
56.3635,-0.311669277995009
56.3927,-0.0089916158748693
56.4002,0.000877997776328243
56.4227,0.0150685852024708
56.4563,-0.0114778805735369
56.5359,-0.19110822049926
56.5777,0.0874446993567162
56.5912,0.0399518883770682
56.5965,0.0251728705627414
56.6363,-0.00637136882447464
56.7288,-0.0277112043206174
56.786,-0.0114287335962118
56.8227,-0.184744847037102
56.8589,-0.324099456882784
56.8763,0.0888029888038702
56.9641,0.0244201370726387
56.9968,0.0256842158240929
57.0456,0.0819521234471807
57.0648,0.0410051706037251
57.0721,0.0598541426758317
57.0778,-0.315649501439481
57.2188,-0.117763756848547
57.2236,0.0141270109196654
57.2436,-0.0653817211016374
57.2861,-0.327577688787656
57.298,0.0898563743493455
57.3291,-0.311253873851498
57.3767,-0.324899221610629
57.435,-0.0204007188119917
57.4941,0.0844460890244818
57.4971,-0.318292868712852
57.5781,-0.104872315342682
57.5909,-0.330947979386174
57.6417,-0.00859524151117341
57.7036,-0.19435706417287
57.7247,-0.0199161032658282
57.7546,-0.306426242347577
57.8088,0.0861513686126969
57.8258,-0.201391461912493
57.8979,0.0308365835462894
57.9644,-0.12501524157998
58.0623,0.0911416361921624
58.0889,-0.176186949543187
58.1291,0.0887854036473783
58.1515,-0.00320925676208361
58.1573,0.0564782798524632
58.2015,-0.177337473171612
58.2414,0.0912287907758937
58.2459,0.088529594690165
58.2891,-0.189376105606058
58.3404,0.0969927045579126
58.3633,0.00379595925222986
58.3708,-0.0180626810379323
58.3733,-0.000309639278690099
58.3795,-0.01637710985257
58.4491,0.0936772707528135
58.4939,0.0031673388416138
58.5641,-0.000561606562463624
58.5658,-0.0613314650309107
58.5789,0.0926355928439691
58.6994,0.0391810254981593
59.0933,0.0850580851542304
59.1407,-0.178335458906282
59.1634,-0.210516226104261
59.1648,0.0427318946957627
59.2461,-0.0213105223552361
59.2762,0.0746375025318002
59.2857,-0.339542320613219
59.3008,-0.224611543397501
59.3409,-0.0251749046355627
59.3619,0.0539863802443463
59.3887,-0.0677444731227936
59.4173,-0.30989740824797
59.5215,-0.11888096728071
59.524,-0.0253643824896912
59.5436,-0.0161347332941517
59.553,-0.142166760206628
59.6126,-0.0344811190971726
59.7281,-0.34874547381601
59.7289,-0.00212009968615945
59.827,0.066793821375434
59.8893,-0.132026302147466
60.1066,-0.304585972368741
60.1559,-0.237847862490874
60.2094,-0.00642751618866555
60.245,-0.309875296683202
60.2628,-0.3534269824925
60.3068,-0.177525949770505
60.3438,-0.309604572216877
60.3764,-0.0210534681707131
60.409,0.0359044507492001
60.4249,-0.0886208996918754
60.4342,-0.273784976403036
60.4349,-0.00607626972768571
60.4417,0.0520619078663813
60.4442,-0.116512331537891
60.4497,-0.0592589032093471
60.45,0.0954577657109041
60.4999,-0.0109298785921084
60.5742,-0.109588104945217
60.5955,-0.276385217665691
60.6221,0.0317480521963205
60.6308,-0.0154121141515731
60.6457,-0.0225313062261705
60.7379,0.0941936631595794
60.7669,0.0275049723583791
60.7945,-0.248417399136244
60.7946,-0.162507226435608
60.8968,-0.248615844139316
60.9112,-0.361814995558781
60.9401,-0.234577507493633
60.9696,-0.101412473774857
60.9703,-0.0209046878927097
61.0088,0.108812411802482
61.0838,-0.294885838077157
61.0874,-0.354680181217631
61.1008,-0.0194913185950867
61.1084,-0.329112722504533
61.1101,-0.104258614297059
61.1251,0.0676342668707264
61.1421,-0.33591365280224
61.1845,-0.292926598117049
61.2188,-0.0116770096068066
61.2633,-0.00377012796536746
61.2894,-0.282028862211092
61.2928,-0.0433116922161574
61.3313,-0.250090977009172
61.3915,-0.0402127655898923
61.4184,-0.205715496008345
61.423,-0.0546588716175904
61.4652,-0.249007382626523
61.5455,0.0626322863553455
61.6529,-0.0166621762461787
61.6628,-0.135971443140278
61.6665,-0.289544588824612
61.6977,-0.300040574502006
61.7215,0.0912393850694357
61.7942,-0.327334270419868
61.8072,-0.25000126350119
61.8412,0.0591590248934395
61.8502,0.0364667333003652
61.8541,0.109051637131671
61.8625,-0.302923230083181
61.9498,-0.0571808811136876
62.0121,-0.0309400440118068
62.0424,-0.264863261554162
62.0708,0.10846729736096
62.1167,-0.346495772581228
62.1387,-0.00998360060275871
62.1909,-0.00529757052310487
62.3239,-0.329381586808736
62.3372,-0.35514533302554
62.3865,-0.0490292367627774
62.4788,-0.345626875584728
62.4997,-0.11863065420799
62.5382,-0.231268898026343
62.5488,-0.376739520016152
62.5732,-0.360367835205111
62.5865,0.0172115161723028
62.6246,-0.300678049803892
62.6437,-0.0314590176099259
62.6744,-0.0847389349623668
62.6752,-0.0270784409125255
62.7429,-0.258856137579862
62.8475,-0.364775533069498
62.8491,-0.106905226544015
62.863,0.0062161066649935
62.91,-0.316934592142061
62.937,0.0558694375350797
62.9945,0.0664351438198665
62.9962,-0.38246410647394
63.0113,-0.0115991445407531
63.0957,-0.161013273630367
63.1218,-0.158025762061044
63.1379,0.0865373779070069
63.2077,-0.00799044048237363
63.3087,-0.270312269868661
63.3285,-0.378643105410646
63.3352,-0.383533981763961
63.3654,-0.385033156006685
63.4908,-0.250066574763395
63.5202,-0.283572511600816
63.5579,0.0960076763840263
63.5983,0.0610043280975461
63.6389,-0.32194211654955
63.6497,-0.259463670655578
63.7429,-0.295530708033361
63.9908,-0.332864042193911
64.0328,0.125779044167487
64.1033,-0.373106828207256
64.114,0.00448970783337188
64.133,-0.22483112997628
64.1833,-0.200189172231305
64.2919,0.0440032303947788
64.3064,-0.0822737362044137
64.324,0.128984453216319
64.3418,-0.0308590238773689
64.346,-0.248941226706563
64.386,0.0590726154425738
64.4393,-0.159999569190887
64.504,-0.0722522477315408
64.5185,0.129783156311149
64.6814,-0.268151954133558
64.7204,0.0712908282959575
64.7402,-0.0199502468415744
64.7536,-0.294123602332263
64.7538,-0.353116248706456
64.7676,0.0150734326816178
64.8244,-0.105668020230155
64.9985,-0.0461000995756251
65.0141,-0.0689342185122541
65.0355,-0.142252442159673
65.0536,0.07683943933786
65.0997,-0.0742481632227481
65.1583,-0.154671503677704
65.1962,-0.0903999050598117
65.3176,-0.226750737358714
65.3203,-0.348182892856514
65.3262,0.0224779715970556
65.3387,0.0332213299231086
65.3682,-0.00935291500078961
65.3716,-0.0410210975658316
65.4765,-0.386825893915855
65.4859,0.134442217245592
65.5194,0.0365761798995692
65.5428,-0.277882307463784
65.5676,-0.378080969586961
65.6426,-0.292161682314457
65.6578,0.0239331477624205
65.7757,-0.0782115047447576
65.8209,-0.328170573432558
65.8272,0.130264101889296
65.8492,-0.400232786942894
65.875,-0.361055535710364
65.8934,0.102886272996798
65.9185,-0.39823560355542
65.9364,0.138111630580795
65.9761,-0.337280729902915
66.0559,-0.00937455060365266
66.0975,0.131138300631818
66.1149,-0.0176275878557846
66.151,0.139140174390988
66.2511,0.0361900169087477
66.3039,0.0828094651289462
66.3979,-0.137743226500845
66.4742,0.0489859111884954
66.5491,-0.336495490105889
66.5558,0.0829362812648498
66.6256,0.0352367695642215
66.7085,0.104419655802374
66.784,-0.419322163700883
66.8119,-0.404173476633048
66.8586,-0.373929401018074
66.8832,0.142725213471209
66.8855,-0.320281844339789
66.8974,-0.41102419926014
66.9099,-0.393401076006668
66.9172,-0.2320600492164
67.0077,-0.282835365532563
67.0537,-0.365985273286938
67.0905,-0.179552946406261
67.1275,-0.0154571333895035
67.1711,-0.0617215688472612
67.2256,-0.215967996052711
67.2313,0.0866704565590766
67.2316,0.0880377721498178
67.267,0.119160395138522
67.2752,0.111802490840347
67.2891,-0.1442891423427
67.4352,-0.158920294258536
67.4654,-0.017730194316357
67.4834,0.0910800361931052
67.4969,-0.0213690567396014
67.5136,-0.161231159528796
67.5583,0.088773985499472
67.5664,0.0856887448280332
67.5891,-0.24590811398312
67.6185,-0.39444616615431
67.6818,-0.239192047804423
67.6837,-0.238492312997437
67.6864,-0.3845129387431
67.7411,0.084427312668268
67.7509,-0.330414263412251
67.7678,-0.415262964144702
67.7728,0.0698262879789269
67.8254,0.133901009603775
67.8601,-0.0498287286378343
67.8723,-0.185543112276378
67.9246,-0.0303656847889044
67.9877,0.0983960786783911
67.9948,0.0372143438411854
68.0484,0.00207716392787916
68.3011,-0.0159822102654488
68.4838,0.13073275461565
68.4982,-0.0547931955802028
68.4986,-0.258325000729286
68.5653,-0.27568805440518
68.5666,-0.347835553694836
68.6192,0.0308293527238277
68.6912,-0.230412013703514
68.6995,0.149157225889184
68.7136,-0.374295678161829
68.7263,-0.184149492374416
68.7327,-0.147084634475064
68.7516,0.0231516186380247
68.7687,0.0422284249127358
68.8773,-0.331340641329319
68.8783,-0.347816024944834
68.8922,-0.238645833360465
68.9467,-0.180812483329689
68.9475,-0.342881793305139
68.9553,-0.442345992976726
68.9599,-0.348280225854268
68.9725,-0.0990500106144054
68.9773,-0.0111272709192889
68.9964,-0.442732895948751
69.0053,-0.0143091533998643
69.0586,0.124100146456499
69.0958,-0.339889487056539
69.1047,0.149386891043804
69.1591,-0.395315065971346
69.1772,-0.28218276043421
69.3824,-0.081647162992553
69.3961,-0.300942133135919
69.438,-0.367148013541907
69.5141,-0.447420714073971
69.5657,-0.190143471551039
69.6359,-0.232582945104781
69.6497,-0.00130422675044883
69.6738,0.0569909120998915
69.6906,-0.0281607788636791
69.7143,-0.148342163182804
69.7316,-0.0231198176934413
69.7373,-0.103399696770069
69.7625,-0.38699378175933
69.8513,-0.0504272565098631
69.8999,0.14162509154761
69.9193,0.161406959262891
69.9646,-0.040038856493652
69.9848,-0.0535033901315245
69.9907,0.0447841642472326
70.0595,0.139301612867101
70.07,-0.25322299058648
70.0996,-0.016642582198017
70.1115,0.0131092293201505
70.2222,-0.416774128691429
70.2429,0.0156832020945075
70.2472,0.0993511714165578
70.2691,-0.088383696381328
70.2814,0.129176066827625
70.3597,-0.276833541528688
70.3857,-0.018992533299965
70.4042,-0.424354908430871
70.4123,0.121602360824838
70.4208,-0.0500986687023328
70.4244,-0.459111119261721
70.4282,-0.277683885529925
70.4901,-0.237384158883131
70.4988,-0.181055778196765
70.5356,0.0395369634474321
70.5898,-0.0145895351445091
70.7302,0.105286703896695
70.8631,0.12363595717558
70.9464,0.00620244740890996
70.9815,-0.399535155746335
70.9979,-0.464504856904128
71.0578,0.130553347009098
71.0934,-0.280437211600187
71.12,-0.218155174469246
71.1357,-0.432988496250132
71.1801,0.0955645295694012
71.1998,0.027449120375735
71.2235,0.169038318124294
71.3154,-0.0153843318035314
71.3174,-0.399237877787129
71.3535,0.0565067416857801
71.4211,-0.286674872720113
71.4288,-0.232134617205702
71.4307,-0.470079658850679
71.4724,-0.146092491408766
71.502,-0.0146246843615927
71.5724,-0.472640224690707
71.6458,-0.405261832537803
71.6542,0.168668705130202
71.6958,-0.472923145407677
71.8053,-0.456534635664909
71.8329,-0.0249412545907859
71.8331,-0.470379570915995
71.9124,-0.11233532430505
71.9782,0.0140371484558131
71.9979,-0.366008730268163
72.0806,-0.115178811245784
72.1315,0.0074615980179118
72.2234,0.169281158609053
72.2636,-0.436264198481126
72.2968,-0.180249769738936
72.307,-0.478688812720591
72.3595,0.121830887329196
72.432,-0.477095450194355
72.5059,0.0420561423445776
72.5393,0.118103383937409
72.5931,0.0345197186268678
72.6974,0.0344819801701846
72.7502,0.0235111405859101
72.7761,-0.142809786477756
72.7894,0.179422231140279
72.8206,-0.386049798051033
72.9678,0.13038166604376
73.0189,-0.0273380161530667
73.0258,0.171983182458376
73.0413,-0.0530497361319107
73.0486,-0.455479193019698
73.0657,-0.010589396277922
73.0782,0.0217727768468734
73.1447,0.124727043703302
73.1764,-0.22093548767937
73.1946,-0.391458903039506
73.2445,-0.471073545532477
73.3301,-0.483328151485949
73.4308,-0.458413081740574
73.47,-0.161511641881091
73.5929,-0.157521086135162
73.6339,-0.0503658280085233
73.6386,-0.0263305766146829
73.7086,-0.0448552622835905
73.773,0.186619319312271
73.7939,-0.447016726902802
73.8072,0.162951223024564
73.8122,-0.493896961187403
73.8348,-0.0894867239888129
73.858,-0.0258930091164729
73.8677,-0.426320501220033
73.8731,0.155094890709748
73.9027,-0.0163576367929892
73.9057,-0.273953133398891
73.9075,0.0671367428833634
73.9244,0.110561401952566
73.9505,-0.472652023122293
73.9805,-0.493526669990629
74.0097,-0.316830744452119
74.0348,-0.463965672094346
74.0367,0.179675879185098
74.1297,0.170213273157628
74.144,0.147870842205407
74.1679,-0.459887581466049
74.298,-0.0438740891182903
74.3033,-0.323198886391808
74.4095,0.191971897932405
74.459,-0.024832415121594
74.4609,0.182768798238158
74.4787,0.122906285158052
74.5753,-0.492228741022529
74.5786,0.114661572328046
74.6152,0.111953653293895
74.6487,0.131623572626282
74.6713,-0.0866492993700518
74.6939,-0.0542880351431307
74.795,0.177927381571578
74.8101,-0.504058352664558
74.8351,0.00263162904423098
74.8572,0.184193636228187
74.8639,0.177886562804446
74.9271,-0.057006414443066
74.9561,-0.388235088664104
75.0045,-0.375499283644771
75.014,0.176536651862051
75.0357,0.0198609483267518
75.0524,-0.237055335201347
75.0929,0.0218611785053326
75.1081,0.0555354083199688
75.1218,-0.326093018394971
75.1275,-0.456529037693372
75.1279,-0.383162409172982
75.1478,0.0840084089124815
75.1562,-0.02012810099923
75.1574,-0.458367028937673
75.1893,0.0432189909892173
75.2037,-0.513504109495742
75.2046,-0.0263768209287463
75.214,0.106342031374396
75.2467,-0.00591658198867151
75.279,0.161447592322816
75.2801,0.157534596478811
75.3334,0.161751659050125
75.343,-0.24996307018597
75.439,0.159730328083242
75.4988,-0.410179716505993
75.5716,-0.509526049640257
75.5866,-0.0848423988351641
75.5905,-0.321075952686499
75.6419,0.00995797556370803
75.6651,-0.096026187303849
75.7132,-0.20262725278856
75.7337,-0.037797399341386
75.7417,-0.493498518452171
75.7512,-0.0989902388518402
75.7764,-0.504663776100045
75.7808,-0.044209074919948
75.7948,-0.519934705284669
75.8209,-0.0875008566678304
75.8289,-0.296256061423577
75.864,-0.0531168794948513
75.9143,-0.448917631154544
75.9159,-0.351969791731563
75.9919,-0.0146937792561914
76.0086,-0.462613964427973
76.1096,-0.411771221544001
76.1791,0.197231357779117
76.2033,0.116737786209072
76.3472,0.0107991943774834
76.4109,-0.523672352582238
76.4229,-0.0911443126774572
76.461,-0.497487085044952
76.5415,-0.0179596163171425
76.6436,-0.273058426575588
76.6467,-0.0675891194146203
76.6789,-0.078558607558179
76.6916,-0.275533791273205
76.7395,-0.139950242199617
76.7514,0.0831934682400544
76.8916,0.208519908391608
76.9324,-0.34442324309245
76.9563,-0.479226925664221
77.0495,0.208056873795854
77.0537,-0.013344317255445
77.0705,-0.238832970093043
77.15,0.207846528446183
77.1838,-0.201146654755547
77.2631,0.0029577959456617
77.2806,0.172938521129453
77.3644,-0.177580380293946
77.3951,0.0420655712445921
77.4437,0.170990359903215
77.5377,-0.123215042954143
77.5471,-0.442738144859135
77.6094,0.0362872464947515
77.6233,0.128839174773177
77.7326,0.0538240725588679
77.7457,-0.530964257247788
77.7797,-0.0910149936607496
77.7845,-0.430243827999902
77.7965,-0.41733473418806
77.7978,-0.386320936765372
77.8008,-0.0887874917405895
77.8762,0.133841236392954
77.8946,0.179332011616026
77.9809,-0.521931909989718
78.0331,-0.530573330339138
78.1546,0.0815403312434029
78.1962,0.0181323893019254
78.2272,-0.0497501820496211
78.2583,-0.232222973928586
78.2663,-0.020455265897013
78.2813,-0.489080078854656
78.2994,-0.115045808030501
78.4124,0.205859426389949
78.4696,0.172382484639812
78.4935,-0.0987400724902443
78.522,-0.527863707955177
78.5272,-0.422178381906477
78.5524,0.131013219548393
78.572,-0.502509589677345
78.5828,-0.228392243978902
78.6276,-0.151385342134944
78.6399,0.0333956148716652
78.6788,0.0709415483591869
78.706,0.222713876611337
78.7078,-0.0571518002483344
78.7938,-0.184464072628685
78.7955,0.00391879789754057
78.8544,0.196179366261021
78.8549,0.00902749914118317
78.8938,-0.189823054452276
78.9172,0.20314812348343
78.9373,-0.333004627920857
78.9574,-0.0416623803094609
79.0484,0.0665744813713616
79.068,-0.357488109081487
79.0898,0.124374958403038
79.1139,0.2189265436255
79.1528,0.205091743562988
79.1612,-0.252504462204996
79.2161,-0.552752363474326
79.2387,-0.0212173378857585
79.2707,0.0983385240978265
79.2791,-0.349471123228128
79.309,-0.440019453168063
79.3515,-0.140866366025506
79.3698,0.0126660923022399
79.4105,-0.224934201724594
79.4364,0.175107983768612
79.4688,-0.0273569409473282
79.4843,0.216186823212382
79.4986,-0.221742684675476
79.5053,-0.231457323259178
79.5102,-0.0860399348256635
79.5221,-0.537403388607316
79.5953,-0.549478423746066
79.6729,0.100515121658347
79.7388,0.230100810545437
79.7748,-0.0317659274006985
79.8392,-0.140295040298241
79.8395,-0.165554608165834
79.8608,-0.0118453999504311
79.9509,0.11625111643923
79.9579,-0.0212532843753053
79.99,-0.290377187513457
80.0535,0.074655921577218
80.1104,0.0459253598825882
80.182,-0.170378354962565
80.2363,-0.124077242509813
80.2677,0.040226723951065
80.3444,-0.564548966382873
80.3782,-0.488864996441905
80.452,0.229638911366663
80.4773,0.152127953242854
80.5029,0.225434721560887
80.6407,-0.552055877993851
80.6935,0.12326147600902
80.7128,0.236381586413358
80.7173,0.152033364044854
80.7626,-0.560511027434401
80.7651,0.0487887000504514
80.7705,-0.562818926612053
80.7853,-0.408896003981425
80.8048,-0.293543249033249
80.9125,-0.131798078618573
80.9245,0.0967027066095056
81.024,-0.548624802294199
81.0559,0.215814699828215
81.0569,-0.0856012522097984
81.3216,0.199348566312267
81.3609,0.14483230292592
81.4272,-0.02975148054702
81.4578,-0.562103745254348
81.5173,0.0911007675107385
81.58,-0.461227953964141
81.681,0.00258918633751648
81.6865,-0.384158613738208
81.6933,0.145600766988196
81.7467,0.209740766202529
81.8182,0.134720467219566
81.8314,-0.156401869002408
81.8807,0.146343450327151
81.9111,-0.533737486035392
81.9364,-0.218420831480614
81.9604,-0.113339713426072
81.9639,-0.181313682962369
81.9747,0.142736388355686
81.9832,-0.0656680713070443
82.0252,8.23125677698044e-05
82.0713,-0.339182886180623
82.0803,-0.426117555380799
82.1619,0.103763514956043
82.1694,-0.248472142597421
82.2053,0.167765866186159
82.2189,-0.0183590603078159
82.2493,-0.253234982674229
82.2758,-0.377267535817865
82.2779,0.2089327192204
82.2829,-0.529239910747094
82.3091,-0.0225623906107018
82.3565,-0.42673133674819
82.3825,-0.149023189501179
82.4064,-0.476250614049334
82.4108,-0.58077164629384
82.4825,-0.553751212465542
82.4949,-0.465991341460295
82.5096,-0.186552684532444
82.5302,-0.267063735047387
82.5675,-0.480502413231449
82.5741,0.247626906917887
82.5772,-0.0215156786182717
82.6966,0.224703119922012
82.7062,0.126555762028488
82.7166,0.231031909298494
82.7183,-0.167507025585664
82.7479,-0.600747156487188
82.8231,-0.163478361989789
82.8566,-0.368570909700978
82.8711,0.252703127960132
82.8723,-0.584410832239442
82.8928,-0.48768023401648
82.8971,0.235152032443835
82.9073,0.201170305255317
82.9124,-0.122995140418269
83.0034,0.0198934340169359
83.0415,-0.095213385449739
83.0421,-0.146417734523808
83.0646,-0.0224844776182067
83.0697,0.253065718061919
83.1049,0.248447564540683
83.1366,-0.253634317646558
83.1699,-0.60174513589412
83.2472,-0.019252822144054
83.2819,-0.558903831490198
83.3543,-0.59665660368843
83.3867,-0.440025628257601
83.4119,-0.514296253254017
83.4192,-0.466380911887711
83.4347,-0.384586890445959
83.4545,0.178508796419393
83.4642,0.140493872911421
83.477,0.130955982813475
83.4989,-0.274220903012733
83.5457,-0.239718914938294
83.5557,0.230137644055105
83.5824,-0.599420965662716
83.5999,-0.413870042368146
83.6221,-0.583398850475987
83.634,0.0517762625171088
83.6699,0.235121644670002
83.7026,0.0923578128059006
83.7101,-0.592829578611912
83.7177,-0.343456072697236
83.7473,0.199363637543172
83.7538,-0.535997772334213
83.7896,-0.0486750398604414
83.808,0.0974318908299807
83.8287,-0.400075360029035
83.8542,-0.0269092389982148
83.9176,-0.0144084722753632
83.9953,-0.366597336852067
84.0039,-0.40572189308412
84.1021,-0.0447866424260326
84.1337,-0.535139385449838
84.147,-0.239786916161904
84.1755,0.228360951446433
84.2877,-0.459476840204971
84.3277,0.135793067759607
84.5541,0.164698576035761
84.5585,0.204817219395864
84.5675,0.129461844834893
84.5882,0.252954004889148
84.5905,0.0759267797531606
84.6149,-0.19157389118763
84.6307,-0.388763596862191
84.6577,-0.164806205767263
84.6809,0.10228137227223
84.682,0.218902180239041
84.6917,-0.405547946031064
84.7027,-0.186004793448703
84.7501,-0.0900880754356592
84.8461,-0.100568017368047
84.8945,0.0449958314561201
85.0036,0.271339248649568
85.0223,0.207428643190127
85.0491,-0.388535782956382
85.0725,-0.0264960242265033
85.0753,-0.582329642026551
85.0932,0.268571533415908
85.1025,-0.134671253011888
85.1158,0.270858878651211
85.1318,0.227326101652508
85.2439,-0.548355518395397
85.2624,-0.392935572825223
85.2727,-0.268428162160149
85.2877,-0.537089959769062
85.3031,0.245785574492345
85.3203,-0.108531519630048
85.3374,-0.00747121776034021
85.3468,0.271695828285743
85.3764,0.12283883505458
85.3884,0.136549806635927
85.4689,0.13589668886361
85.5688,-0.359642489585895
85.5805,-0.0146347595113809
85.5862,-0.0845156213253802
85.6469,-0.639411227956188
85.7753,0.103308768815424
85.802,-0.635383780453211
85.8257,-0.638722136922112
85.8352,-0.0328285717533703
85.8474,-0.330423519710649
85.8602,-0.408721220963869
85.8987,0.133751293390844
85.91,-0.0136008856599403
85.9363,-0.0299904726764879
85.9401,-0.642488022107614
85.9457,-0.620432716367802
85.9563,-0.044886555077241
85.9609,-0.638876993798561
86.0229,-0.140948087289559
86.0387,-0.370513537954793
86.0413,-0.272898003170909
86.0416,-0.642553422820797
86.0419,-0.0234877100221524
86.1019,-0.0851800866026622
86.114,0.0870318393772038
86.1208,-0.205700934688423
86.1713,-0.521446902207458
86.2098,-0.114256112605503
86.258,-0.327123943156778
86.315,-0.405809806623594
86.3224,0.133637111212394
86.3406,-0.531086021793868
86.3881,-0.648998107893576
86.434,0.0516829789582829
86.4369,-0.000529497813616331
86.454,-0.612969564044846
86.4826,-0.0353526459989553
86.4828,-0.471219797824318
86.4953,-0.525470875541842
86.498,-0.276049879330856
86.4999,0.0258922422733008
86.5108,-0.291683040552101
86.6165,0.224432884665745
86.6634,-0.220475591668091
86.6737,0.226898051216239
86.6926,-0.328281219863584
86.706,-0.537832992041089
86.7338,0.282921816805285
86.7638,-0.0314358886247845
86.8437,-0.550474565670143
86.8805,-0.0489812662257094
86.8831,-0.0718517059585366
86.9067,-0.0233324148213967
86.9852,-0.515231863484431
87.0725,-0.258014188497953
87.0787,-0.359095798139478
87.1427,0.0891866341317495
87.1562,-0.240808555996168
87.1685,-0.610354732169
87.1885,-0.507164392477819
87.2226,0.289567913038908
87.2803,-0.609252844578336
87.3516,-0.0278809084204141
87.373,-0.160330033911407
87.4146,-0.587680274029594
87.4362,-0.20354546272597
87.4694,0.132884284307352
87.5088,0.00341383558837549
87.5593,-0.00760995772645856
87.5697,-0.665639713861964
87.5746,0.168778987764455
87.6483,-0.492024511244452
87.6569,0.16129818949122
87.657,0.015536806786514
87.6601,0.28917973773116
87.6693,0.261278803119254
87.796,-0.506301952243788
87.7992,0.13781340262463
87.831,-0.256130836928804
87.8503,0.239506047065731
87.8998,0.295047090366353
87.9067,-0.65074343340892
87.9259,-0.302971390303412
87.9271,0.259624420014219
87.9404,0.0617032669912589
87.9464,-0.0228454786569898
87.947,0.0390758796581281
87.9577,-0.0863633422053596
87.9742,0.0805339510203424
88.0518,0.197052266061604
88.0674,0.0602315973221152
88.0978,-0.45256033858881
88.1391,0.291799982690023
88.1778,-0.649998564020549
88.1825,0.088354867894239
88.1857,0.254235778671813
88.2079,-0.163754929012882
88.2309,-0.467433211187881
88.2781,-0.568228920467632
88.3065,0.181645772892935
88.3355,-0.603813704133159
88.3656,0.0443342124481347
88.3804,-0.0164211152219025
88.3925,0.0816102424581828
88.4769,0.252530453986225
88.4895,0.0562875897001902
88.5382,0.0131798132361496
88.5541,-0.00918294819611276
88.6545,-0.611182010200281
88.6812,0.170855537242062
88.6978,-0.0562857273681345
88.722,-0.60324409983059
88.7354,-0.515351748629044
88.7591,-0.0877543451339307
88.7606,-0.0675739695917201
88.7895,-0.637216847046616
88.8385,-0.372533618639167
88.8676,-0.47661259229011
88.9319,-0.520768279380789
88.9651,-0.676657281502301
88.9717,-0.129028659841254
89.01,0.0330069350508779
89.0219,0.286115911634667
89.0531,0.0363306056516279
89.0816,0.29975966416761
89.2563,-0.603034999767132
89.2636,-0.024123961209952
89.2733,-0.677915791754117
89.2748,0.264825273432791
89.2953,0.272729710181679
89.3169,0.264489819235138
89.3261,0.133132146960989
89.3401,-0.552590875366604
89.3449,0.0297916526647128
89.3491,-0.0247230014681463
89.3622,0.00928426350778011
89.3714,0.180193383261113
89.3811,0.0590209436920901
89.3883,0.302706977014708
89.4458,0.077378702243081
89.448,0.181872567048771
89.4694,0.304681281101907
89.4854,0.30658178800013
89.5081,-0.516560822578683
89.5286,-0.691427721293465
89.5341,-0.0127467723727506
89.5365,0.238553220046967
89.5688,-0.371360226970054
89.591,-0.335693397143842
89.5935,-0.550886719936713
89.5975,-0.15070781741845
89.6744,0.241931284252061
89.7054,0.308903373118568
89.7072,-0.0830441332348357
89.7198,-0.488778515919023
89.7321,0.191202230914939
89.7555,-0.65020554314242
89.7703,-0.122500877879489
89.7884,-0.606829533187891
89.7989,-0.0549641415622091
89.8313,-0.672511605223178
89.8546,0.0623286170900741
89.8665,0.262654586748852
89.8705,-0.541775683218916
89.8737,-0.512329906151777
89.8777,-0.651821190333223
89.8876,0.161143797577239
89.912,-0.569657659976954
89.9224,-0.000654770595062359
89.9261,-0.156307470581453
89.9354,-0.0307543240404016
89.9402,-0.696628929275363
89.9443,-0.379243504703439
89.9548,0.216332425487053
89.9573,-0.283737980139477
89.9863,-0.167404533854494
90.0216,0.0326967531098035
90.0382,-0.578888501141108
90.0782,-0.431467763918121
90.124,-0.560952128518252
90.1366,-0.589582243835991
90.2098,0.130406064777631
90.2485,-0.214691704812793
90.3312,0.260514324556496
90.3348,0.288527608248614
90.356,0.209162612072078
90.3592,-0.129412665190713
90.3896,0.131921746941373
90.4277,-0.374459545893984
90.4391,-0.243788806566059
90.4445,-0.24720485869247
90.505,-0.4160211765561
90.5538,-0.0622265451640516
90.5608,0.0357728212421904
90.5885,0.206992876743143
90.6333,-0.485823777499192
90.6787,0.315051717426513
90.7376,-0.602262188177178
90.7508,-0.0694671014398267
90.8228,-0.699983683454235
90.8949,-0.105332874216657
90.8995,-0.18375902954466
90.9027,0.0443725582561427
90.9369,-0.0268448158736732
91.0006,0.0930110604827661
91.0088,-0.256594858256676
91.0365,-0.541624217049829
91.0418,-0.470107384896394
91.0773,-0.110614920388841
91.0927,-0.150818957513479
91.1161,0.310025869103995
91.1465,-0.710731967500408
91.1467,-0.0590007218115574
91.2118,0.14664515063923
91.234,-0.310258232156656
91.2539,0.252990105536384
91.2593,0.0384179272565746
91.3891,-0.0235176839382234
91.3948,0.0214611282516444
91.443,-0.199957611223823
91.4449,-0.244675656348349
91.4502,0.0254166720346802
91.4818,0.0391923518399864
91.491,-0.0252662893117162
91.5261,-0.00891371430735433
91.5383,0.206009432218238
91.5692,-0.507829583877765
91.5975,0.325697189132711
91.5982,0.29769906791428
91.6018,-0.255763164037589
91.6117,-0.605422455572011
91.6128,-0.0207233279735703
91.6321,-0.559078654503736
91.6643,-0.71616626904769
91.6784,-0.0246598477793469
91.6887,-0.0893567219329725
91.7872,-0.720138929343861
91.7977,0.0551299907314586
91.7984,-0.0788394121756681
91.9732,-0.516251522424199
92.0463,-0.550091784086248
92.0611,-0.7257070565676
92.1735,-0.480194875736601
92.221,0.235139672012778
92.2338,-0.0338357724852614
92.2356,-0.588376258266692
92.3639,-0.685219923494799
92.3688,0.211304976246069
92.4349,-0.0410769069586792
92.4685,-0.546972873453228
92.4751,-0.0239064110839848
92.5074,0.189068907486771
92.5112,-0.574932512174684
92.5781,0.11529551775962
92.6139,0.19570167693999
92.6189,-0.119999368475732
92.645,-0.046984934026554
92.706,0.324048610566649
92.7114,-0.00350403946302436
92.7617,-0.0208702216840919
92.7692,-0.193372574128006
92.7737,0.335642738754999
92.788,0.197953202105424
92.797,-0.0131828702192962
92.8197,-0.517391774668127
92.899,-0.617735264002391
92.9308,-0.384973409977391
92.9667,-0.593165111973406
92.9698,-0.0260319001396141
92.9756,-0.471466448935544
93.0009,0.331081812624248
93.0216,0.295309457235433
93.065,0.149078182786837
93.111,-0.24631717516111
93.1816,-0.349980126538171
93.2078,-0.512200131472909
93.2469,-0.503537875811915
93.262,0.337460282890561
93.2674,0.279120355903657
93.2849,0.292728867989297
93.2867,-0.031878256848259
93.2996,0.0309240650425409
93.3186,-0.0357355578037328
93.3233,-0.0242502777503972
93.3377,-0.623076971623291
93.3437,0.00870466773052669
93.3518,0.199578207123409
93.4019,0.019534905957812
93.4124,-0.0531639299450291
93.4221,-0.223815695679804
93.472,0.123785828167428
93.478,-0.399092244846273
93.478,-0.452780683193822
93.5276,0.341767236255194
93.5558,-0.727643616271095
93.5598,-0.691669431377434
93.5651,-0.739161155820156
93.5839,0.0285041944991349
93.5943,-0.494009187457053
93.6057,-0.337224483498474
93.6197,-0.729688896727694
93.6447,-0.0249221543504774
93.6638,-0.337052902272461
93.7038,0.249652382612155
93.7394,-0.74781721965752
93.7508,0.0455659655737009
93.7541,-0.564577972314979
93.7754,-0.600517280720553
93.7796,0.168953708891053
93.8543,-0.029142450866857
93.8773,-0.670858482623942
93.8803,-0.674402909331391
93.9396,0.296048718358264
93.9561,-0.391011139267462
93.9717,-0.010284638195472
94.0273,0.341747829881626
94.0451,0.225073491077694
94.0481,0.349166015284311
94.1487,-0.751474602520943
94.167,0.0460872432618231
94.1834,0.27067973146265
94.1971,-0.705012835672747
94.2098,0.190559109860956
94.2226,0.333868962930211
94.246,0.287060540499283
94.2497,-0.094706276457714
94.2511,0.270380004153722
94.2658,0.211750375381996
94.3189,-0.447436148574283
94.3315,-0.719097539900446
94.3342,-0.622688143408425
94.3407,0.0425571081921845
94.3467,0.254546121902138
94.3532,0.298114685433902
94.3837,-0.626118401161122
94.386,-0.187723996069323
94.3865,-0.686178451049486
94.4025,0.34935367703703
94.4373,-0.0491257336671396
94.4402,0.169636157760962
94.4531,-0.696670657984171
94.467,-0.248839416655642
94.4916,-0.0220161309607647
94.4992,-0.0345122567149758
94.503,0.0936860746340642
94.5037,-0.0551598684001533
94.5735,-0.346886491224637
94.6179,-0.106054468144194
94.6335,0.0138287006578537
94.636,0.347206913813167
94.6574,0.269767331613153
94.6644,-0.519410626421219
94.6656,0.34469548436185
94.6678,0.214108704051412
94.6729,-0.653713771114084
94.7183,-0.66272002080143
94.727,-0.729604201676892
94.7679,-0.0548453136902083
94.8912,-0.755436942323939
94.8943,-0.00138254456523157
94.9145,-0.269782026837959
94.9237,-0.147771207511383
94.9292,-0.0256439837287701
94.9417,0.353781328479755
95.0186,-0.0666589740761907
95.0555,-0.554963887005727
95.0618,-0.0500772742513362
95.1029,-0.0354257596405461
95.1106,-0.760394486805822
95.1126,0.232626251218022
95.1169,-0.636047322935667
95.1805,-0.287423718781113
95.1999,-0.204902988215935
95.2104,0.0772922252722026
95.238,-0.710645512709888
95.2396,0.100175280760013
95.245,-0.394381165192002
95.2458,0.345181966675469
95.2511,-0.583473769135537
95.2517,-0.149197721210371
95.2557,0.227014684125194
95.3222,0.360668677370043
95.3538,0.112047770969312
95.4292,-0.138350026847746
95.4463,-0.499023547078039
95.5134,-0.0384242215728676
95.5416,-0.298690040866219
95.5724,-0.774442342348578
95.5761,-0.773166061032597
95.5928,-0.700034719781399
95.6057,0.181795116852655
95.6984,-0.593977493296421
95.7337,-0.174633061677341
95.8719,0.0475661001543841
95.9066,0.224258377963409
95.9165,0.315063548966691
95.9243,0.00254775794731188
95.9438,-0.40276198144285
95.9918,0.0406864025045195
96.0658,0.268239965228815
96.0726,-0.781502851216601
96.153,-0.256723511970378
96.1557,-0.0272012137904625
96.1676,0.312590938044949
96.2005,-0.604041391852391
96.2234,-0.742562423985632
96.2338,0.179096260617158
96.2422,0.320220543137893
96.28,-0.411505124952981
96.3079,0.370039876916906
96.3309,-0.631091366687485
96.3857,-0.0880974794574314
96.4349,0.108501052143126
96.44,0.243034278503217
96.4626,-0.783428737828316
96.4792,-0.0627278045406712
96.5291,0.00391509592380146
96.5747,0.192318792789422
96.6439,0.348481720908921
96.6892,-0.786978494867952
96.7964,-0.0326073041792796
96.8054,-0.328177734319624
96.813,-0.536019343716887
96.8459,0.265788672100641
96.8651,0.260589842706906
96.8708,-0.779978037988371
96.8938,-0.0917435952619741
96.905,0.237627961492748
96.9135,0.288568803145779
96.9725,0.0265755602138995
96.9729,0.363900301766137
97.0132,0.126135312436062
97.0257,-0.76813339895152
97.0646,-0.0500154999753164
97.1063,-0.783674359186335
97.1129,-0.602682075562115
97.1183,-0.779272811795195
97.1631,-0.301912236360636
97.1982,0.13311559476611
97.2094,0.376646725979043
97.2375,0.365355148310783
97.263,-0.080141481632964
97.2789,0.197314427414128
97.2798,0.135085000118082
97.2813,-0.772057872295605
97.301,-0.0418290889222419
97.3037,-0.301273191935664
97.3119,-0.731835344543597
97.3295,-0.675633075176734
97.33,-0.514437501371759
97.337,-0.695790641318169
97.3535,-0.243542295259942
97.3635,-0.0161913366557087
97.3712,-0.0562556137903698
97.3789,-0.142791435606085
97.3852,-0.0592791660608754
97.4256,-0.289806052074042
97.4283,-0.70798632762758
97.4406,0.331427864767434
97.4559,-0.071642147812085
97.4882,0.353797492359959
97.5631,0.318811377201044
97.6061,-0.604943686857794
97.6124,-0.026314833190284
97.6129,-0.0465123434879047
97.6589,0.0950903334838529
97.6825,-0.0760346700680543
97.7052,-0.519847990711284
97.7182,-0.201932216762103
97.7489,-0.00389509125908205
97.7528,-0.652604395085589
97.7579,-0.611899851181747
97.7624,-0.0258645205595229
97.7741,0.0792764362193168
97.8105,0.140078135036148
97.872,0.194789909744912
97.8771,0.0515419678493316
97.8838,-0.706462336154374
97.8972,-0.0180712436716846
97.9514,-0.0275681603793743
97.9517,-0.230606322933568
97.9597,-0.776287292414438
97.9782,0.249456758270966
97.9807,-0.225902808821004
97.9894,-0.245007866157025
98.0325,-0.338954096880698
98.0356,-0.436291918888742
98.0671,0.163573008542613
98.1323,-0.252888998932747
98.1468,-0.326784277708484
98.1477,0.305011101811701
98.1747,-0.80942827952677
98.2106,-0.451375773498128
98.2157,-0.572537806956049
98.22,0.207821584841867
98.2347,-0.00243686061560311
98.294,-0.346208799017163
98.3024,-0.312365129670169
98.319,-0.524739736437354
98.3238,0.033389939209485
98.3297,-0.716894562811234
98.4024,0.163427005558049
98.4101,0.200197148985325
98.4132,-0.0215047745294612
98.4546,-0.610177344303182
98.471,-0.0239426721367124
98.4802,-0.793273215551622
98.5172,-0.148792946936467
98.5538,0.337160684644033
98.5557,-0.817442578120591
98.5694,-0.379562067854749
98.5833,-0.551356576302879
98.591,-0.789998296536723
98.7043,0.0987120305363192
98.7299,0.236834568138107
98.758,-0.680922520116496
98.7627,-0.461685160179201
98.7698,-0.511668184075603
98.7897,0.392177868107424
98.8131,-0.821190636759553
98.8196,-0.406180627193464
98.8403,0.311766025232671
98.8738,-0.243674430929687
98.8748,-0.75068978787715
98.8872,0.231614410682823
98.8979,-0.00808020021715095
98.9135,-0.211510721237758
98.9393,0.0118239919880239
98.9661,-0.796285039030721
98.9821,-0.793196528163563
98.9951,0.150153286250131
99.0783,0.369878964754349
99.1108,0.199600972786314
99.1269,-0.774408803138513
99.1361,0.0185810085175149
99.1394,-0.825383825361428
99.1735,0.0668811910385472
99.2114,-0.824548830581207
99.2237,0.169390151936625
99.2469,-0.813118012746614
99.2612,-0.0404260624355715
99.2642,-0.644007480357686
99.312,-0.0146301756205958
99.3169,-0.0683925891892159
99.3315,0.361413222912816
99.3502,0.232268642964158
99.3918,0.102269359564275
99.434,-0.684006566126243
99.4917,-0.827193064414899
99.4949,-0.318479643255671
99.5004,-0.823049966337422
99.5268,0.21753404885645
99.5407,-0.01819393500692
99.5605,-0.354954396793403
99.5741,0.0337085238215309
99.5968,-0.818542780643369
99.6348,-0.762383196080464
99.6383,-0.676374312486487
99.6414,-0.754856930936825
99.6692,0.182127641081422
99.6818,-0.163560990854748
99.7894,-0.547090422525983
99.9453,-0.195074387259865
99.993,0.403347268975082
99.9965,-0.243932423806186
