0.049,2.27325923866234e-05
0.0607,-0.000308233529008203
0.1511,-0.000551083074912556
0.154,-0.000267122042747869
0.2075,-0.0004436853646336
0.2459,0.000372386484149528
0.2907,-0.00050881494170707
0.3189,-0.000144684641158022
0.3278,0.000343565534373036
0.3362,-0.000469301269760858
0.3824,0.000695268819257855
0.4219,-0.000313247868510336
0.4418,-0.000130003901056275
0.446,-0.0003145316066267
0.446,0.000850760486157676
0.4485,-0.000230818606500816
0.4884,0.000676232096985752
0.499,-0.000384722164059215
0.5175,-0.000393294792705778
0.5219,0.00136748364433115
0.5759,-0.000284578250048129
0.6055,-0.00183923224221683
0.6145,-0.00180030168817535
0.6419,0.000104679098371308
0.6458,0.000708558178598495
0.6487,-0.000134573533771554
0.6514,0.000715931329266173
0.6532,-0.000721896974032243
0.6663,-0.000203992780498874
0.6883,-0.00167714526991258
0.6977,-0.000863951062248014
0.7088,-0.00083707365176533
0.722,5.13444352694403e-05
0.7309,0.0019924898207212
0.7921,-0.000136585923254606
0.8136,-0.000771340056814451
0.8283,0.00244498204106691
0.8359,0.00130808371966551
0.8455,-0.00112795014287004
0.8629,0.000917363941940641
0.8659,0.00161047434861372
0.8719,-0.00109000404519743
0.8807,0.00160519942871074
0.902,0.00114615196603518
0.9023,-0.00168273290514442
0.9329,0.00124292101785317
0.9391,0.000549079603133995
0.9401,-0.00118804324928956
0.9512,-0.00163103166406275
0.9527,0.00151038175770957
0.9697,-0.00165197265742578
0.973,-6.39584832482498e-05
0.9741,0.0017091640120972
0.9856,-0.00013988768846096
1.0351,0.00198577933996047
1.0755,0.00335273705808992
1.0902,0.00320977233322806
1.0993,0.00134999916943457
1.1012,0.00358281741712352
1.1039,0.000453555635380187
1.1092,0.00142090992711297
1.1522,0.00359030878227462
1.1523,0.00370653233561336
1.1526,0.00116800330840605
1.1624,0.00303960261248237
1.2225,-0.00217177020553505
1.2323,0.00225822766854322
1.2611,0.00193145580012244
1.2833,-0.00151752480139367
1.2914,-0.00063526462393626
1.3098,-0.000492845963801614
1.3125,1.23893492465221e-06
1.3177,-0.000196291263033999
1.3253,0.0013445541753514
1.3284,0.00120275385570867
1.3387,0.00231072206937877
1.3508,-0.00086765672750877
1.3557,-0.000191121713890352
1.3738,0.00461726833229181
1.3818,-0.00145983427943008
1.3867,0.00294167529948353
1.39,0.00248432753416772
1.3947,0.00459444337744919
1.3949,-0.00195325855741157
1.4025,-0.00165516408363153
1.4036,0.00242379049649855
1.4073,0.000140102368241246
1.4312,-0.00201248147043609
1.4323,-0.00229862260736979
1.4342,0.00410633125005577
1.4403,-0.00257705317861578
1.4597,0.000870077263261715
1.4666,0.00280021953029141
1.4667,0.00133980048660787
1.4685,0.000175004838162129
1.5127,0.00322706936889139
1.5207,-0.00211746440187266
1.5356,0.00254986189305884
1.5455,0.0010690839509917
1.549,0.00180901202094064
1.5509,-0.00242443320666674
1.5614,-0.00184303359824733
1.5937,0.00124425654171789
1.6004,-0.00291475449210532
1.6082,0.00422915283273095
1.6174,0.000387707610596921
1.6391,0.00455078522259189
1.6424,0.00186305885055948
1.6435,-0.00186577116107944
1.6556,0.00313677066620666
1.6572,0.00449075601592397
1.6729,-0.00328842123297557
1.6801,0.00401940737399298
1.6857,-0.00052571396617318
1.6865,-0.00212333014308475
1.7027,0.00187442194659915
1.714,-0.000170124414939909
1.7228,0.00325661780079489
1.7234,0.00314733375548704
1.7241,-0.00177521685899595
1.7322,0.00317067013596195
1.7439,0.00265741865014157
1.7488,-0.001664241277477
1.7516,-0.00204862912834902
1.7553,0.00298501983167143
1.7557,0.00160908866497067
1.756,0.0023904625863842
1.7568,-0.00396843199424901
1.763,0.00131901381496946
1.7648,-5.7080993168146e-05
1.7729,-8.58487608086378e-05
1.7787,0.000877612187215382
1.7959,-0.00333640949904557
1.8055,-0.00240838964033596
1.8238,-0.00348935877717826
1.8248,-0.00143396567507059
1.8262,0.00422111894802191
1.8307,-0.00360578105966636
1.8331,0.00109201723502705
1.8544,0.000776767243706455
1.8618,-0.00325708558603766
1.8719,0.000188505491068636
1.8773,0.00123989642061684
1.8916,-0.00274133442679769
1.8954,-0.00272210533410622
1.8996,0.00437736049612858
1.9046,0.00166726000334272
1.9093,-0.00466343280654202
1.912,-0.00401405930820919
1.9124,-0.00403665417652532
1.9152,0.0037292612254185
1.9181,0.00122876071580347
1.9204,0.0019729476414776
1.9414,-0.000503269287506436
1.9433,-0.00403517214461968
1.9531,-0.00107854206792357
1.9623,-0.000936208909347425
1.9628,-1.3707897327464e-05
1.9745,0.00140008029402861
1.9756,-0.00457470340124333
1.9784,-0.00369774198739803
1.979,-0.000980319212885883
2.0073,-0.00405311044464396
2.0091,0.00104509416259146
2.0107,0.000186748718645102
2.0158,-0.00450965256281766
2.0234,-0.000873108178979454
2.0262,0.00436398295678009
2.0266,0.00299321054197543
2.032,-0.00440106761593162
2.0369,0.00277269917445366
2.0391,-0.000959433423445066
2.0446,0.00126963415512904
2.0525,-0.00468499007014733
2.0586,6.71963979619328e-05
2.0851,-0.00310138875575072
2.0875,-0.00524122115236469
2.0903,-0.0026747207691562
2.0966,0.00287304439730418
2.1053,0.0011474639650646
2.116,-0.00321005364636129
2.1223,0.00351678820055268
2.125,-1.97626149045504e-06
2.1273,0.00282642528896648
2.1361,-0.00248740501629863
2.1421,-0.00252779827891336
2.1564,-0.00438891281304121
2.1582,-0.00226598507076092
2.1653,-0.00186400787101615
2.1667,0.00362867611946882
2.1716,0.00352396692822632
2.1773,-0.00160169378964836
2.1802,-0.00563065539418961
2.1834,-0.00617319615926615
2.1866,-0.00361332133986769
2.1872,-2.6434356005911e-05
2.1971,0.00458876087146098
2.2016,-0.00407729824580594
2.203,-0.00456490316600933
2.2071,-0.00368202915325355
2.2174,0.00336608010357109
2.222,-0.00503396183978699
2.2349,7.17080898038347e-05
2.2383,-0.00230683575294721
2.2392,-0.00423856823354551
2.2432,-0.00405507337541566
2.2454,-0.00487391323517317
2.2514,0.00390086787044508
2.2586,0.0034931264370841
2.2668,-0.00356858732619036
2.2793,-0.00618610464270164
2.2832,0.00468942389200766
2.2892,0.000942788974122699
2.3152,-0.00378141155014999
2.3256,0.00280010267956099
2.3409,0.00465073933611926
2.3423,-0.00244059462156132
2.3426,-0.00225453413139975
2.3493,-0.000440103803969194
2.3575,0.00425702248121773
2.3577,0.00441747841676499
2.3634,0.00217069003786596
2.3737,-0.00706494983874206
2.3822,-0.00468319727638278
2.385,0.000949385633833622
2.391,-0.0021989399315121
2.3926,-0.00525835829166033
2.3969,-0.00135085084691999
2.4051,-0.00443928738777943
2.4059,-0.00455252136045781
2.407,-0.00542173112051358
2.4107,-0.00252080922101339
2.4108,-0.00695725887300958
2.4124,-0.00497966149128359
2.4175,0.00186677276599445
2.4202,0.00148206132238959
2.4284,-0.00096147504407984
2.4293,0.00183961640756625
2.4311,-0.000502295054972013
2.4326,-0.00102922127278804
2.4351,0.00283104485437313
2.4555,-0.00136707961277871
2.4559,-0.00160925685687285
2.4564,-0.0063820198415514
2.4583,-0.00614533350298929
2.463,-0.00708579076235738
2.4715,-0.00501643879016722
2.4717,-0.00618115314439427
2.4718,-0.00243222683909039
2.4761,0.00443320522260393
2.4788,-0.00719767937149518
2.4806,-0.00550664283012559
2.4879,0.00379805482342288
2.4907,-0.0015506168933892
2.4911,-0.0047667086962333
2.5077,0.00316295144934209
2.5083,0.0024631373343289
2.5106,-0.0069477187863316
2.5175,0.0032144850296052
2.5176,0.000241683712419949
2.5309,-0.00601834521568989
2.5334,0.00106379121609601
2.5364,-0.00626852983685344
2.5366,0.00407760570060711
2.5543,-0.00521488850453045
2.561,0.00158924914218028
2.5641,-0.00124625088334218
2.5644,-0.00388982238365765
2.5707,0.000486383096483411
2.5718,0.000559562839480776
2.5726,-0.00395995017906037
2.578,-0.00562384957274986
2.5856,-0.00646719881883273
2.5857,-0.00711532205379584
2.5938,0.00133673608367735
2.5939,-0.00218292304973033
2.5972,0.00235457348882973
2.6001,0.00232343440213834
2.6026,-0.00179867745614448
2.6173,0.00443772356253769
2.627,-0.00448578743151673
2.6271,-0.00459703246995025
2.6318,-0.00339744390373076
2.6319,0.00445734777003093
2.633,-0.00213478774332332
2.6376,-0.00624055508794008
2.6381,-0.00294619122290163
2.6432,0.00182228174404298
2.6467,-0.000974504786617647
2.6508,0.0044273127706389
2.6513,-0.00290564975715712
2.6537,0.00387329029382855
2.6576,0.000589556786527279
2.6598,0.00317780720219574
2.6689,-0.0030229828732069
2.6704,-0.00432149059856313
2.6752,-0.00487974261831381
2.6825,-0.00217131251531288
2.6853,-0.00263021501150806
2.689,0.00347539485563475
2.6903,-0.00552874037358464
2.6938,-0.00496873648901897
2.697,0.000622863479394997
2.7069,0.000116582196311832
2.7075,0.00476712956792502
2.7076,0.00466086075974026
2.7295,-0.00452421423706717
2.7357,-0.00570014350047465
2.7383,-0.0063850300939432
2.739,-0.00537352009426906
2.7466,0.00182825640896622
2.7573,-0.0057506168270991
2.7758,0.00376256173852196
2.7765,0.0016257804982529
2.7805,0.000500751340716032
2.7879,-0.000705646850409192
2.7886,-0.00533506283214891
2.7917,-0.00227790641614112
2.7922,0.00404608766024239
2.7934,-0.00686326083457667
2.7957,-0.000763792830222432
2.7981,0.0049779076578722
2.8015,0.0040401347135135
2.8048,0.00433926566953025
2.8125,-0.00433551439336854
2.8153,0.000677844941700201
2.8158,0.00319293329120063
2.8164,-0.00380897282997239
2.8179,-0.00677836220265249
2.8194,0.00503702896830394
2.8222,-0.00580609810209287
2.8324,0.00293176052587008
2.8389,0.00202787626507606
2.8442,-0.00674109792097344
2.8489,-0.00511400985695376
2.862,0.00316006152838755
2.8675,-0.00508111962113977
2.8889,0.00303465290199867
2.8931,-0.00659977816825297
2.899,-0.00341947903273354
2.8996,0.00172011769373848
2.9023,-0.00676167771675384
2.9117,0.00329506037755989
2.9226,-0.00603916451131958
2.9305,-0.00043248502338944
2.9327,-0.00360421309116221
2.9338,-0.00507756233832213
2.9437,-0.00693408563221887
2.952,-0.00630013688947528
2.9523,-0.00334700989060011
2.958,0.00416989921651156
2.9607,-0.00388648756046184
2.9701,0.00161354774275857
2.9755,0.00469730216515973
2.9759,-0.00623332036955659
2.976,0.00403130107037786
2.9774,0.00435598741403354
2.978,-0.00382648843575728
2.9836,0.00200891750193266
2.9863,0.00201629545978887
2.9875,-0.00638563430030592
2.9919,0.000453533044237897
2.9925,-0.00720782731295833
2.9929,-0.00689716660567763
2.9945,-0.00669631935233195
3.0046,-0.00611748267251366
3.0077,-0.000224130073176454
3.009,-0.00330012532017276
3.0093,-0.00649609659980843
3.0099,-0.00736641008701122
3.0155,0.00210716712724501
3.0167,-0.000830771208435888
3.0209,0.00424856652435368
3.029,-0.00686302166289954
3.0296,-0.00270683705958108
3.0326,-0.00287952203968578
3.0327,-0.00382650892044678
3.0372,0.0020394809747466
3.0386,-0.00167827981945168
3.0473,-0.00733541556607831
3.0474,0.00459370081153798
3.0565,0.00493302902648818
3.0573,0.00469299679773494
3.0574,-0.00663861122815312
3.0647,0.0050973628743054
3.0734,0.000679762776711446
3.0779,0.00470714037705999
3.0855,-0.00713328468397378
3.0862,0.000827206696693228
3.092,-0.00657600898915778
3.0941,0.00140766587601959
3.0961,-0.00753535234300839
3.0987,-0.00662241314032519
3.1086,-0.0065179463280769
3.12,-0.00314582181640466
3.1219,-0.00740029193942249
3.1233,-0.00341938454442614
3.1246,-0.00752629185086073
3.1272,-0.00722214958585932
3.1336,-0.00654338840798108
3.1351,0.00397900323058709
3.1427,-0.00471345212797569
3.145,0.000377217531378093
3.1477,-0.00336288843256183
3.1617,0.00357099137556594
3.1635,0.00234247766175066
3.1642,0.0053391394574156
3.1664,-0.00147524878182193
3.169,-0.0007278075959265
3.1698,-0.00562465153069125
3.1729,-0.000839808809466991
3.1745,-0.00756680482651539
3.178,0.00375988172646036
3.1865,-0.00759564532873425
3.187,-0.00622602165806763
3.1915,-0.00328720149686035
3.1934,-0.00272839005937842
3.1959,-0.000132880080307984
3.1985,-0.00709191289639843
3.202,0.00145682117004764
3.2022,0.00411308111474007
3.2033,-0.00710740175296332
3.2037,-0.00433286682751444
3.2123,-0.00361695744812351
3.2137,-0.00604686351519623
3.215,0.00447088411818264
3.2188,-0.00287234303200812
3.2217,-0.00172610331139422
3.2257,0.00338745912845306
3.2335,-0.00349050139705875
3.2431,0.00391244019848314
3.2513,-0.00616974726823516
3.255,-0.00509490256181921
3.2631,-0.00757020358730065
3.2649,0.00425603606095892
3.2659,-0.00560803397402765
3.2717,-0.00644113870246299
3.2731,-0.00343150270041503
3.2747,0.00134567132394148
3.2754,0.00222839695698651
3.2877,-0.00751229143742993
3.2912,-0.00361234788536358
3.2928,0.00359678682916709
3.2933,-0.00279906321976719
3.2947,0.00418993406576496
3.296,-0.00195466736512673
3.2973,0.00124688753718116
3.2981,-0.00718878594453765
3.3,0.00472678458305076
3.3007,-0.00769397549020923
3.3038,0.000393514562743835
3.3071,-0.001384358469672
3.3119,0.00449578552623509
3.3156,3.86836838650595e-05
3.3199,-0.00757116254771439
3.3307,-0.00105230977940041
3.3436,-0.00738883481268138
3.3489,0.00265656070410358
3.3547,-0.000694779397344636
3.3618,-0.0088646244774746
3.363,-0.0023249799902807
3.364,-0.00344221294121549
3.3768,0.0046160062083147
3.3772,-0.00131764283086788
3.3809,0.000596046339142564
3.3809,0.00453972115450041
3.3821,-0.00104658761904153
3.3831,-0.00825998364725367
3.3832,0.00370186693453123
3.3854,-0.00631951519131713
3.389,-0.0028381785828171
3.3924,0.000130463623896127
3.3936,-4.61755633192062e-05
3.3941,-0.00355749683769435
3.3945,-0.00591767393429077
3.395,0.00480667141810631
3.3968,-0.00642046492223702
3.4037,-0.00867198647922685
3.4103,-0.00294918257553611
3.4132,0.00377124513550475
3.4147,-0.000530717791804136
3.4166,-0.00745342855341846
3.4183,-0.00075443957081367
3.4185,0.00343008345953111
3.4187,0.000764834749753973
3.4187,-0.00811301702208755
3.4189,0.00235540213738705
3.4213,0.00101944510088803
3.4342,-0.00193935798399014
3.4346,-0.00559660393608619
3.4357,-0.00181352387703493
3.4411,0.00348044614051179
3.4423,-0.00697053918641677
3.4432,0.00500959237710363
3.4502,-0.0087977389416003
3.4564,0.00315513142550339
3.4568,-0.00591268616531382
3.4595,-0.00873137615914654
3.4602,-0.00579713025638418
3.476,0.00429929377308991
3.4785,-0.00742406020476905
3.4788,-0.00629372418468321
3.4848,-0.00748626107264716
3.4854,-0.00557438331410909
3.4865,-0.00635419628305156
3.4902,0.00132640352273095
3.4904,0.00305690209235943
3.4906,-0.00641399507793627
3.4916,-0.00826670269603369
3.4936,-0.00157456811168144
3.4975,0.000140877960091768
3.4996,-0.00234042899203279
3.501,0.00496813816676989
3.503,0.00557737709285622
3.5062,0.00214935683892037
3.5119,0.00208915096546702
3.5123,0.005590855342541
3.521,0.000321860463953438
3.5216,-0.00449207119316464
3.5257,0.00351327927794642
3.5269,-0.00125659894204189
3.5271,-8.96439556625772e-05
3.5293,-0.000951212610803331
3.5319,0.00314226507559434
3.5359,0.00143602676074783
3.5424,0.0053570506097369
3.5444,-0.00695937615570008
3.5487,0.00554246329248231
3.5523,-0.00898064800044551
3.5535,0.00313030014035398
3.5601,0.00536189460785996
3.5622,-0.00368677606859347
3.5626,-0.0028616413988054
3.5764,-0.000254337001982741
3.5765,-0.00295522393278214
3.5796,0.00293084985023517
3.5807,-0.00477673233450471
3.59,-0.00675373726028727
3.5909,-0.00767085812567014
3.5917,0.00503464173814416
3.5929,-0.00665897368837598
3.5942,0.00469532386793015
3.5946,0.000495475675213353
3.608,-0.00944111465390662
3.6105,-0.00241619175941121
3.6202,-0.00348300996137141
3.6203,0.00198415690931997
3.6216,0.00267744943050507
3.6257,0.000309584817770769
3.6439,0.0052570549288764
3.6441,0.00486412034105266
3.6517,-0.0092310174702761
3.6576,0.000657305219238236
3.6577,-0.00971438840166217
3.663,0.00115999474529316
3.6674,-0.00573796597591647
3.6736,-0.00559934673093254
3.6824,-0.00172056363295292
3.6849,-0.0102798919510882
3.6878,-0.00302704252998121
3.6935,-0.00611965096422118
3.6943,-0.0105099568862412
3.6951,0.00524631886915872
3.6982,0.00246233261172968
3.7026,-0.0073516123988826
3.7063,-0.000541475957889226
3.7068,0.00482511679661313
3.7073,0.00413670690476264
3.7094,0.00156677368102542
3.7157,0.00426219257801241
3.7237,-0.00180905895167749
3.7292,-0.0106290711964263
3.7308,0.00165063251686481
3.7368,-0.00080464573697947
3.737,0.000225238254477844
3.741,0.00278000661844979
3.752,-0.00651692922877789
3.752,-0.0102560834112051
3.7521,0.00367236250792757
3.7533,-0.0105997586762236
3.7535,-0.00603280551917518
3.7621,-0.00650894119564649
3.7659,0.00197333567920355
3.7713,0.000219412600459989
3.7731,0.00400143531171215
3.7741,0.00198966211048823
3.7758,0.00391450390874715
3.7834,-0.0103069370234321
3.7854,0.00256385693206207
3.7875,-0.00801304102714617
3.7964,0.00174884934826425
3.8041,-0.00927367437633686
3.8079,-0.00766788998926327
3.809,-0.00962834799709134
3.8121,-0.000279504700285926
3.815,-0.00914378518256287
3.8184,-0.0101096537425103
3.8229,0.00434824645605669
3.8347,-0.00234047535966431
3.8524,0.000539227036985945
3.8571,-0.00757514704926399
3.8694,-0.00129132439136193
3.8713,-0.00368604146842255
3.8758,-0.00720219960404922
3.8777,0.00471662696954001
3.8835,0.00415564729861861
3.8865,-0.00964859573153642
3.896,-0.0107573326001291
3.896,-0.0112645440999675
3.8978,-0.0104307798521956
3.9001,-0.00247481272081451
3.9001,0.00130384166801978
3.9026,0.00493741707519879
3.9029,-0.0100108369605949
3.9052,-0.00277152764977462
3.9073,-0.00720811105000152
3.9078,0.00338316249390314
3.9092,-0.00983680077562576
3.9117,-0.00703875335407611
3.9153,0.00161612716082482
3.9163,-0.00470264833360545
3.9185,-0.000363159906560551
3.9224,-0.0108084362266534
3.9256,0.00404014924770557
3.9267,-0.00181902762268837
3.928,0.000354028426800657
3.9283,-0.00476793764133765
3.9365,-0.0080923956506096
3.9372,-0.0104067376341344
3.9376,-0.00112415993518145
3.9376,0.00423428314263852
3.9421,-0.00606313352800036
3.9421,0.00199797834630733
3.9428,-0.00221438109024685
3.945,-0.00108501648942427
3.9453,-0.00701902335804094
3.9465,-0.0047703569648565
3.9483,-0.00257039214061594
3.9488,-0.00719107738531388
3.9494,-0.0048140581372178
3.9508,-0.00474464410430686
3.957,-0.00595322549287891
3.9668,-0.00347325393285747
3.967,-0.0072637103456854
3.9692,0.000526734060240397
3.9714,-0.00512387540448689
3.9726,0.00108603978236177
3.9771,-0.00792281083869417
3.9784,0.00327627375569239
3.9853,-0.00211293556954972
3.9887,0.00359561216112736
3.9891,0.00516250551973352
3.993,0.00533178481627727
3.9981,-0.00985843548572252
4.0004,0.00176122126040479
4.0005,-0.00122352863209052
4.008,-0.0072014154883826
4.0088,-0.00731965310294314
4.0215,0.00237438066216544
4.0268,-0.0113242951784933
4.0282,0.00528988751639226
4.0292,-0.00726172213678478
4.0308,-0.00649951187002262
4.0318,-0.00935475385701867
4.0373,0.00217946738932628
4.0393,-0.00556622240739912
4.0425,-0.00928804044679676
4.0438,0.00279884926311347
4.0448,-0.00173061293104215
4.0468,0.00136807867126887
4.0479,-0.00719679351612523
4.0484,-0.00109509049654655
4.0559,-0.0114217399242706
4.0562,-0.00900326312939992
4.0606,-0.0108143190122467
4.0644,0.000436482330016474
4.069,0.00375970977136664
4.0773,-0.00384503140878234
4.0852,0.0019852334885897
4.0866,-0.00224119870402895
4.0899,0.001455993896057
4.0907,0.00315269540040308
4.0912,-0.00547143875063938
4.092,-0.0115167771448048
4.0954,0.00496565764552148
4.0961,-0.00856817275745314
4.0968,-0.00298711674627761
4.0969,-0.00902384897427044
4.0984,-0.00666950843647829
4.1001,0.00428373855054165
4.102,0.00594822627660907
4.1046,-0.00702508308576633
4.1078,-0.0116349733733117
4.111,-0.00423392766097219
4.1239,-0.0072648549048715
4.1317,-0.00550212179402632
4.1351,0.00349809236599885
4.1367,-0.00407163801787558
4.1371,-0.00584601295916443
4.1378,0.00341381374634153
4.138,-0.0112825778072727
4.1398,-0.00743633414575307
4.1401,0.00400071256542223
4.1404,0.00180684858978264
4.1415,-0.00236870822608015
4.142,0.00440391772632331
4.1543,0.00581438025086101
4.1558,0.000828718538135931
4.1582,-0.00302000292933347
4.1586,-0.00196808287527883
4.1608,-0.00610208883935837
4.174,-0.00140908398669026
4.1743,0.00573979493101895
4.1749,0.00452839997137389
4.1813,-0.00319728031092925
4.1819,-0.0042193123292833
4.1847,-0.00718728318924722
4.1851,0.00590327253033696
4.1873,0.00514407900661862
4.1895,-0.0118447645735724
4.1937,-0.0059861094381457
4.1939,0.00578552432863333
4.196,-0.00291725381809371
4.1968,-0.00151787101652268
4.1993,0.000528784885983846
4.2,-0.00795574474532135
4.2014,0.00129385807387905
4.2071,-0.00194371352163447
4.2089,-0.00196367785329254
4.2094,-0.000520943894968262
4.2208,-0.0061181208844916
4.2213,0.00337086938391007
4.2225,-0.0111841927509158
4.2275,0.00197134187221959
4.2292,-0.00907158731908453
4.2308,-0.00895835182199978
4.2337,0.00536496561859234
4.234,0.00348999946326156
4.2402,-0.0111717118577435
4.2403,0.00601664712970429
4.2423,-0.0117924056705467
4.2479,0.00471519878453552
4.2548,-0.00793024102777018
4.2557,-0.00897391777839296
4.2562,0.00437989324512156
4.2585,-0.00718474684471282
4.2598,0.00182237623774739
4.2673,0.00218348752956388
4.2698,-0.011202054972439
4.2698,-0.000225993022486826
4.2739,-0.0097599656940206
4.2742,-0.00710017641083471
4.2754,-0.0110626616246465
4.2813,-0.00974159480399184
4.2841,0.00321882037524368
4.286,-0.00634210315820738
4.2908,0.00378795875502824
4.2928,-0.0098090926235983
4.2937,-0.00869023994597562
4.2949,0.00105481984174105
4.2954,-0.00726548605007338
4.2958,-0.00572694607016455
4.2973,0.00476414542129611
4.2977,0.0048514710557539
4.3004,0.00214552833082138
4.3058,0.00429184978631536
4.3069,0.00456262231826976
4.3109,-0.00972208315163758
4.3203,-0.00706241179506328
4.3219,-0.0110606065020686
4.3312,0.00268601419241143
4.3325,0.00344473118768818
4.333,0.00479817755923939
4.3342,-0.0083830017413602
4.3367,0.0012028566889235
4.3412,-0.0117483487928682
4.3446,0.00393573087161148
4.3452,-0.00790978685187138
4.3467,-0.00932628862141893
4.3505,-0.0020712677757011
4.3505,-0.00863891987635945
4.363,-0.0116119569303974
4.3676,0.00553935918806037
4.3689,-0.00809979785945014
4.373,-0.007318667730142
4.3741,0.000693964693174287
4.3784,-0.00295704617501702
4.3793,-0.000531418645619119
4.3855,-0.00439417812682752
4.3868,0.00420481545360385
4.3896,-0.00933873261459972
4.3902,0.00236675082919913
4.3905,-0.00443325016520202
4.3917,-0.00749801179745813
4.3937,-0.00824537969913575
4.3993,-0.00658759437606449
4.4028,0.00354408131621398
4.4048,-0.00523328172967297
4.4076,-0.0059602793811866
4.4098,0.00541913889307644
4.4161,-0.0100931497909418
4.4197,-0.0038632724527039
4.4237,0.00203054805887248
4.4239,-0.00769921707960641
4.4244,-0.00232746451546095
4.425,-0.00584277650371856
4.4286,-0.00240747055379664
4.4303,-0.00680732089290448
4.4406,0.000841083593143388
4.4454,0.00421325558431285
4.4499,0.00110879831030708
4.4568,0.00578520852740017
4.459,0.00463346485377247
4.471,-0.00355069013034459
4.4761,-0.00836932063163687
4.4797,-0.0103738426584714
4.4821,0.00574727153647547
4.485,-0.0103916955967795
4.4856,-0.0131143061304
4.4863,-0.00930853301051293
4.4875,0.00389179834084974
4.4898,0.00247436275223301
4.4924,-0.00964514542534189
4.4929,0.0054784590655137
4.4938,-0.00344788531126561
4.4949,-0.0131415323045072
4.4992,0.00265189108732145
4.5076,0.00579597777652552
4.5077,0.00592119076778719
4.5102,0.00393818478960473
4.5109,-0.00908917378873131
4.5128,-0.00525209974485197
4.5138,-0.00507138916436656
4.5228,0.0048071228358566
4.5288,0.00490549785781003
4.531,-0.00480647369230791
4.5362,0.00256970518755217
4.5366,-0.00777859299480799
4.5403,-0.00192113069851363
4.5442,0.000184920440324809
4.545,0.00307442728039042
4.5537,-0.0137354342859615
4.5578,-0.0102655813028871
4.5607,-0.00887039294644953
4.5616,-0.00232364866852919
4.5625,0.00500638297563238
4.5758,-0.0106246562506014
4.5787,0.00484878168484304
4.5788,-0.00766254992201443
4.5826,0.00199874911491005
4.5872,-0.00864786405208484
4.5882,0.00319198268778287
4.5912,0.000160265738203158
4.5915,-0.00867575435534285
4.5933,0.00107331294669866
4.5963,-0.0101886326726843
4.5994,-0.00604370050898062
4.6027,-0.000561384106925189
4.6033,0.0052400231779286
4.6055,4.94570206557299e-05
4.6083,0.000131589644486674
4.6107,-0.00915491998404594
4.615,-0.0136300366051811
4.6185,0.00350745091614524
4.6244,-0.00349926597870542
4.626,-0.00340190835315024
4.6264,0.00525501769460934
4.6266,-0.00936732269378115
4.628,-0.0085780493057408
4.6294,-0.00203837818928321
4.6296,-0.0101124455917816
4.6356,-0.00257891066397153
4.6357,-0.0105639353713611
4.6363,0.00219494649071006
4.6363,0.000616075745704769
4.64,-0.00811896396600797
4.6504,-0.00906916632626587
4.6506,0.00574358490530624
4.6509,0.00568025571006636
4.6562,0.00108679466197081
4.6604,-0.00888726962397168
4.6653,-0.00910470085400128
4.6661,-0.00242914865081367
4.6717,0.00521256484674382
4.6741,0.00207805259941196
4.6742,-0.00957001805325941
4.6744,-0.0103143518545545
4.677,0.00265187526969513
4.6771,-0.00632885535782357
4.68,-0.0108047674141014
4.6827,0.00305694903746012
4.6868,-0.0116798358688159
4.6875,0.00258060990667452
4.6906,0.00579477882767243
4.6933,0.00216163277581316
4.6936,-0.00974121385955407
4.709,-0.0106155089077244
4.7116,-0.0117334514568528
4.713,-0.00115878732871089
4.7154,-0.00261594691581823
4.723,-0.00729540808425622
4.7243,9.86600698293927e-06
4.7249,-0.000654729152880229
4.7251,-0.00891953063508133
4.7253,-0.0092438901021259
4.7318,-0.00348416874429969
4.7331,-0.0113585737781507
4.7343,0.00442838598408191
4.7345,-0.0106800600033221
4.7377,0.00507574972024738
4.7382,0.00166469123730728
4.7405,0.00609607291027725
4.7407,-0.00216061047588312
4.7413,0.00606273458374851
4.7424,-0.000490154933908471
4.7447,-0.00584527033562132
4.7448,-0.0106673822360772
4.7478,0.00483020836023318
4.748,0.00167016336167602
4.7496,0.00473686299626941
4.7518,0.000919256473296493
4.7529,-0.00598992418806965
4.756,-0.013645374352409
4.7617,-0.0107315581408045
4.7632,0.00556789165022487
4.7637,0.00434124422186333
4.7668,-0.0108112081920506
4.7686,-0.00939123121884045
4.7728,-0.00278900724708997
4.7731,-0.00740283638583517
4.7731,0.00573131564162654
4.7734,0.00523063378077193
4.7742,-0.00981081275321039
4.7748,-0.0104515801561016
4.7748,0.000726773686472448
4.7776,0.003859188489165
4.7792,-0.00515374397835178
4.7897,-0.00437562483507836
4.7924,0.00486455863947199
4.8047,0.00255285797385696
4.8072,-0.000351626429424989
4.8081,-0.00981284488152845
4.8087,-0.0138456552058859
4.8106,0.00189734488037896
4.8127,-0.012643669961224
4.8171,-0.007817111130211
4.8192,-0.00759119986816614
4.8197,-0.0100596726313631
4.8268,-0.00274649346684264
4.8277,-0.012140627671263
4.8303,0.0037221536374874
4.845,-0.00454409638949382
4.8486,0.00466886171588232
4.8491,-0.012090057138086
4.8507,-0.00155668108169049
4.8559,-0.00787903715683935
4.8564,-0.0148032177268629
4.8573,0.00542982269058445
4.8591,-0.0125082564136481
4.8603,0.00270151838159816
4.8648,0.00197144118035641
4.8697,-0.012210301795232
4.8702,0.00603629282207141
4.8709,-0.0110464153265832
4.8724,0.00258470152709656
4.8845,-0.00801119178767706
4.8856,0.00225865181200202
4.8863,-0.0100828827385984
4.8889,-0.0140070127037051
4.8902,-0.0108828548770994
4.8926,-0.00763669089019903
4.8946,-0.0147212689284641
4.8949,-0.00151197923777247
4.8956,0.000908222643464462
4.8988,-0.00220845262872071
4.9069,-0.0148210418191947
4.9086,0.000800356235764355
4.9132,-3.91075464278856e-06
4.9161,0.00552409873314819
4.9163,-0.0129764500276153
4.9166,-0.00763171284677178
4.9263,-0.0122818255967818
4.9282,-0.0124646132686728
4.9296,-0.00477034982459124
4.9303,0.00606374813414146
4.932,-0.00788285063989935
4.9338,-0.0118151356701199
4.9373,-0.00230579100894879
4.9416,-0.0100387530523998
4.9452,0.00185326152869347
4.9453,-0.00953557007197592
4.9462,-0.000256614243223652
4.9466,0.00597663008913862
4.9468,0.00491324998185583
4.9522,-0.0141441747743567
4.9522,-0.0113722360798825
4.9536,0.0059141545314958
4.9551,-0.00538251816202884
4.9565,-0.00952267017462649
4.9679,-0.00514533741220013
4.9722,-0.00299500359960003
4.975,-0.0125713600053956
4.9812,-0.00779900872664641
4.9828,0.000727465056013621
4.9838,0.00550131553968569
4.9868,-0.00949343480580911
4.989,-0.0119553171447953
4.9918,0.0055899828047945
4.9959,0.00317532238086748
5.5109,-0.0147468291530988
6.1209,0.00191657548211843
7.2519,-0.0220748346124653
7.801,-0.0240933538558972
8.0181,0.00596012611226371
8.2467,-0.0107015347192512
9.4025,-0.0159094691590376
9.6862,-0.00715298655132379
9.7687,0.00845059265104453
9.866,-0.0245518381802086
10.0255,-0.0110024683495471
10.0397,0.00445491532954811
10.1742,-0.0251696442795399
10.315,0.007984827278678
10.4085,-0.027751884708465
10.4313,-0.000374937611466564
10.6312,-0.0054632334135043
10.6578,-0.00742245031289634
11.05,-0.0341575887741659
11.19,-0.0128997389272865
11.3517,0.00865543394403545
12.7847,-0.0211846324189544
13.2177,0.010929139264876
13.4218,-0.0409501119085487
13.4293,0.0108367123903772
13.7424,0.0109197926979103
13.8088,0.00820477304855949
14.502,0.0102268880199912
14.5687,-0.0209145915422919
14.658,-0.0273777796384689
15.1028,-0.000956418406511617
15.4604,-0.0370383701211665
15.8411,0.00677782480191524
15.9017,-0.0488471448068069
15.9633,-0.0369278358241516
16.0704,0.0157932650922987
16.104,-0.0306232639998676
16.2083,0.0171422157804919
16.766,-0.0403805238745711
16.8185,-0.0428340298432488
16.8318,-0.0369126576454413
17.2218,0.019738790890198
17.2325,-0.0263267303056125
17.3615,-0.0060394074918797
17.4987,0.00817427512748736
17.5775,0.0165861678930206
17.757,-0.0549352548498163
17.8826,-0.0563718678319844
18.2718,-0.0489100064518553
18.2814,-0.0222197177533694
18.4056,-0.0303601460760206
18.4904,-0.00580448401262501
18.7138,-0.00445308080452378
18.8347,-0.0562987222196476
18.9304,0.00222920065680299
19.1502,-0.018477698395575
19.2208,-0.0619786336303392
19.2827,0.00740932181806286
19.4302,-0.0190943200069995
19.5988,-0.0452264978359516
19.6829,-0.0312633509982909
19.7179,0.0198736685335525
19.7514,-0.0372070175615598
19.7617,-0.00611982103250597
19.8399,-0.0127056206911433
19.8597,-0.0119442183919247
19.989,0.0224733166621434
20.2276,0.00829111384561187
20.2597,-0.0585095312465391
20.2668,0.00991151489967379
20.367,0.0152039501807124
20.5463,0.00754997355967291
20.5736,-0.0394808029946674
20.6085,-0.0310844233061189
20.6159,0.00963799228610185
20.7559,-0.0364516289038797
20.7945,-0.0390395841840565
20.9352,0.0142248538052989
21.1425,-0.00175494896494044
21.1537,0.0092807317236705
21.2076,-0.044762190615053
21.3492,0.0170609730570419
21.3996,-0.0344962061882974
21.6196,-0.023897802134794
21.9914,-0.050659965583673
22.0936,-0.0050248501362482
22.2605,0.0151884363019761
22.2918,-0.0394007183737486
22.4097,-0.0626626668042363
22.4374,-0.0264897704130007
22.4575,0.00281337046115127
22.6293,0.0237786973392318
22.7553,-0.0398535978143748
22.8986,-0.0511632798965174
22.9107,-0.0458175423817764
22.946,0.0331779913969896
23.0305,-0.0133306669076418
23.2048,-0.0748687126657153
23.2115,-0.0404547463775842
23.2313,-0.00597807746616752
23.3918,0.0137508573100362
23.5672,-0.0641860836278845
23.5822,-0.0641054031335244
23.6051,0.00431750795902275
23.8225,-0.0175095122553977
24.2155,0.0109397155924498
24.2779,0.0226566879730825
24.4169,0.014660255925051
24.4287,0.00892994447054818
24.5126,-0.0537877298031617
24.5911,-0.0668943194233584
24.8562,-0.0617678192386499
24.9296,-0.037117021475737
25.1186,0.0237655935548879
25.1327,-0.0236002700150024
25.2557,0.0164100020163218
25.3546,-0.0629234020016263
25.5456,0.0110200650046188
25.5968,0.0215889968792951
25.7283,0.0138547450202964
25.8136,-0.0786021504026522
25.8375,0.0199362095412212
26.1337,-0.0728090479617194
26.1513,-0.0386458263993532
26.177,-0.0697801475706079
26.2223,-0.00363708374899119
26.2558,-0.0271899971948031
26.2851,0.012512664790389
26.4216,-0.026059268881987
26.6345,0.0184257914384851
26.8682,-0.000518476709014948
26.904,0.0258072117297949
27.0681,-0.0418453571922051
27.2162,0.00953276366755418
27.4086,-0.0413856108543946
27.4194,0.0417409794415065
27.4817,0.0344744865363857
27.5449,0.023693043951134
27.7595,-0.049560671897062
27.8599,-0.013080049322113
27.8629,-0.0225422083553823
27.8882,0.0217320022490419
27.9147,-0.0495475166746679
28.0103,-0.0803110510464293
28.2455,-0.102432112088824
28.3212,0.016899395834578
28.6097,-0.0376061791942917
28.6423,-0.079214409376732
28.7654,-0.00622109020011763
28.8056,-0.00259751886856208
28.8925,-0.0107662767105694
29.0521,-0.0784179496655923
29.1334,0.0288802459136441
29.2004,-0.0598186737056494
29.3185,-0.06723765818845
29.3208,-0.064333365633388
29.3497,-0.0096423144083424
29.3671,-0.0435832767227922
29.534,0.0280104392255289
29.5549,0.00898101922975769
29.5567,0.0242315034746561
29.562,0.031603026473185
29.692,-0.0345782375521146
29.7307,0.0254425227536395
29.7357,-0.0954882926978371
29.8012,-0.0475106385596682
29.9409,-0.0910073677906702
30.1551,-0.000370733865477035
30.2274,-0.056639372225245
30.4457,0.0406323122473324
30.5737,0.00309015027794146
30.6693,-0.0359405822401762
30.7008,0.0241254261841419
30.7109,-0.00258377710875024
30.7841,-0.0191055998445115
30.8647,-0.0988319336756618
30.9093,-0.0966536604334252
31.0486,-0.0294141046892804
31.1871,0.0278270724737411
31.3123,0.0232349086589458
31.3703,0.0314633068544303
31.4374,0.0507757786353054
31.565,0.0229509653244442
31.7094,-0.0944524802263267
31.9076,0.0249327334604175
32.042,0.0335583430870656
32.0863,0.0124115934676823
32.1936,-0.00898547394593407
32.2948,-0.0804952832228238
32.5089,-0.0935096171848357
32.5433,0.0231539072139455
32.6388,0.00698713868540324
32.6412,-0.114201406044948
32.7899,-0.0630585799251477
32.8434,-0.109004146671964
33.0307,0.00923772548079427
33.2131,-0.109264210222058
33.2181,0.00484603095789993
33.255,-0.0398971278581968
33.2855,0.00821706732641303
33.2871,-0.0696226807931666
33.3672,0.0185862095210041
33.5078,-0.112751624881852
33.5611,-0.0281771724643889
33.5628,0.0230960502855382
33.6186,0.0288620963516095
33.6209,0.0136749419706987
33.6212,-0.0182321745864797
33.6403,-0.100977496930021
33.678,-0.0677484423559136
33.7274,-0.0699335601588729
34.1067,0.0176859224699939
34.1283,0.0237461278092681
34.1401,-0.106898015102203
34.1804,0.0311912698220098
34.2233,0.0283466460990383
34.3472,0.00397274513212409
34.4837,0.0430655496338801
34.6576,0.014104421018601
34.6804,-0.116093964979598
34.6925,0.026670529627232
34.7599,-0.104142715333381
34.8269,0.0182450124818629
34.8521,-0.00918966245234287
35.118,0.019074915987062
35.141,-0.111515631354031
35.1988,0.0397373898342295
35.2094,-0.0779390907166686
35.2618,-0.0017397305071043
35.48,0.0165595749832974
35.556,-0.014904477974703
35.6033,0.0328142293909224
35.6272,0.0367056985555436
35.6418,-0.053209185491383
35.661,-0.118068244648356
35.7681,-0.123502201018916
36.0412,-0.0468713087876935
36.2277,-0.10802419263355
36.2734,0.00347511118762611
36.328,-0.101220395968184
36.3472,-0.104640653730158
36.5256,0.0418211033411637
36.5398,-0.126571446747938
36.647,-0.0781808843253557
36.7104,-0.127044012654061
36.8006,-0.0208039640078255
36.9537,0.0362176587690826
37.2228,-0.0521747525861969
37.2631,-0.0180232123475221
37.2823,-0.0372798381817745
37.3102,-0.0489190383824365
37.4498,-0.0830475905175518
37.5098,-0.0457652851864552
37.5266,0.0382084261650775
37.6184,-0.0479606942529003
37.6437,0.013052294798527
37.653,0.0169223365503797
37.6688,0.0460551435418282
37.6708,0.00763532022266133
37.708,-0.0588541891269259
37.7135,0.0202835667704093
37.7138,0.0527717928186675
37.7516,0.0314506415794966
37.7562,0.0545638279828893
37.8204,-0.0903526333381777
37.9136,0.0180723384409589
37.9248,0.0382109364483156
38.0563,0.0379139855410386
38.0876,-0.13768647305487
38.1351,0.0236207836358844
38.2507,-0.066782781904962
38.503,-0.123942104237891
38.5729,-0.119257917480184
38.9829,-0.042793712469539
38.9977,-0.104128993379156
39.0156,0.0102936850770874
39.2657,0.0320359191331647
39.2979,-0.129022281322591
39.3338,-0.0994668470850826
39.3464,-0.0813989782342119
39.4451,-0.0480053749571354
39.5029,-0.138837321944287
39.5146,0.0141681269986975
39.6064,-0.00416263317784171
39.6133,0.000779410811588832
39.6378,-0.0408589616583228
39.7041,-0.00548877484692412
39.7407,0.0366797659730764
39.7669,-0.140847151414647
39.7904,-0.0894562165715627
39.8893,-0.100350354881336
39.9249,-0.102176592888405
39.935,0.0213566954963085
40.0892,-0.0602644450453411
40.1817,0.0157479322141327
40.2829,0.00294678483567878
40.3591,-0.0665132843978853
40.4021,-0.031050052866938
40.4445,-0.02003964879286
40.5272,0.0375542124603925
40.5321,0.00385982039037458
40.5741,0.0289276222399693
40.7612,-0.0306675040635582
40.8415,0.0231221695833241
40.8544,-0.0196016852695493
40.8645,0.0214532426877412
40.8901,0.0335828655375323
40.9846,0.0452096383431666
41.0499,-0.132755651115829
41.1052,0.0269370820122035
41.1142,-0.0220622513185802
41.1305,0.037465487711259
41.1617,-0.13925540751157
41.1655,-0.093754254375753
41.2436,0.0164741931496337
41.3287,-0.137641837122551
41.3362,0.016144368034908
41.3854,0.0548719633742891
41.3947,0.0449148613591603
41.4298,0.0225358006539125
41.4409,-0.144979763614714
41.495,-0.0681351129665728
41.5223,0.0199636944300323
41.5265,-0.153737278868661
41.5402,-0.0600822202703952
41.5912,-0.143199093652434
41.634,0.0175707504084315
41.6554,0.0373237851002202
41.7247,-0.0208450092709569
41.8789,0.03320057094259
41.9248,0.0861093184534525
41.9303,-0.0112510774064702
41.9919,-0.0683717554811594
42.0265,0.0337829626704078
42.0266,0.0360495267152672
42.113,-0.0663640346214223
42.1878,-0.101767905688789
42.3034,0.0394920407172421
42.3145,-0.142573366460454
42.3698,0.0368950558183627
42.3798,-0.0599880840205316
42.5446,0.0188982706977896
42.6367,-0.152968244057661
42.6383,-0.0543236389315922
42.7432,0.0290078225905077
42.9772,-0.00661571765657243
42.979,-0.0455670435408919
43.0553,0.0229529796051651
43.0694,-0.105974691444878
43.1328,-0.115179620559395
43.4511,-0.0561874875133199
43.4598,0.0281408612578886
43.5548,0.0333586569758779
43.6254,0.0795787614659744
43.6273,-0.151807463212464
43.6683,-0.0934696597792097
43.6869,0.0299894645230054
43.7502,-0.16380428735318
43.8229,0.053240367627275
43.8277,0.0356994175389573
43.9074,-0.0281369424992022
43.9514,-0.0762436354158211
44.0027,-0.128264897314182
44.059,-0.0631975368477384
44.1575,-0.152832661420611
44.1941,-0.156830135735319
44.204,0.00693078100466238
44.2737,-0.144486268923842
44.4212,0.0339387403994067
44.4764,-0.131554329811657
44.4904,0.0383642821814618
44.5946,0.0528904870404219
44.6363,-0.133785203445697
44.6401,0.0175476458581656
44.6413,-0.0580349747279456
44.7081,0.0553771464198576
44.7206,-0.131063582272326
44.7279,-0.0588051786784973
44.7653,-0.104682471355432
44.7806,0.0496646499083795
44.8847,0.0161531382195861
44.9664,-0.000888849614682385
45.0519,0.0340968979529137
45.122,0.0449760194606199
45.2037,-0.145057255563728
45.2608,0.0520658223325086
45.31,-0.116701643823269
45.3394,0.0511406887339589
45.3646,-0.00454655997290843
45.3993,0.0139079055988205
45.5884,-0.131409603638531
45.639,0.0390084950366045
45.6651,0.00858841348986061
45.7911,0.012626141527484
45.8122,0.0527157811873096
45.9141,0.0406601715596722
45.9433,-0.109537366369402
45.9878,-0.0764594001224879
46.1446,-0.0567839733315694
46.2838,0.03457299315086
46.4618,0.0209912799006133
46.5438,0.0154912414592587
46.5632,-0.0351320021710677
46.5831,0.0524105411671769
46.6589,0.0291553249321126
46.7188,0.0614223441937511
46.7703,-0.136705166343297
47.0511,-0.175265647329738
47.0677,-0.109019533520339
47.1451,-0.128805701401788
47.1882,0.0434287051398243
47.2211,-0.159489766229207
47.4218,0.0142979566475958
47.588,0.052846438371084
47.589,0.0304708700590552
47.6046,-0.170120585716994
47.7218,0.0365406904998906
47.8064,0.0631195216554445
47.8354,0.0102908403651512
47.8482,0.0143867719746851
47.8511,-0.16598571811884
47.8718,-0.00543620822030277
47.9627,-0.0779580382498821
47.9861,0.0127499324944296
47.9977,-0.128661493031338
48.0135,-0.0391959988115147
48.0735,0.0210343652982985
48.1472,-0.051412185004061
48.2072,0.0083015543706324
48.3901,-0.0359868598245257
48.4059,-0.178053635208023
48.441,-0.17602151489281
48.5274,-0.0751184992740406
48.5291,0.062615944229357
48.576,0.0075982408672246
48.6048,-0.00654173419966497
48.6389,-0.0339853051816945
48.6743,0.0508338759107403
48.6753,0.0658608788484969
48.7353,0.0248190854028749
48.9008,0.0536254006885386
48.9399,0.0339196378025406
49.0092,0.0420449164857217
49.0109,0.0303695377875641
49.0262,-0.17907945738763
49.0299,0.0402212763080385
49.164,0.0164479165126394
49.1707,0.0569202469025356
49.2046,-0.0637633259232331
49.2308,-0.0876713100162192
49.2379,-0.0244285953998258
49.2662,0.0675962985472438
49.3012,0.0297204335627583
49.444,0.0692098555749183
49.4831,0.0141954881675588
49.4919,-0.0483556561119798
49.5205,-0.108419545503068
49.6121,-0.17773282146716
49.6138,-0.0950884818667816
49.6384,0.0101743866482451
49.6718,0.0277215837964988
49.6805,0.0479968412874783
49.7848,-0.0153452460761301
49.7926,-0.186164611041107
49.8461,-0.138594974165947
49.8483,-0.18607069965023
49.8562,0.0149799022540762
49.899,0.01645089307506
49.9127,0.0172954673724206
49.9346,0.0161218410565667
50.0958,0.0620657634258848
50.1378,-0.063004594369005
50.1413,-0.156914769117925
50.1589,-0.0470406562042527
50.2582,-0.183473605823572
50.3016,-0.0153299156581426
50.3158,0.0151122224140749
50.443,-0.154257089555827
50.496,0.0334343413393867
50.6003,-0.18677753096739
50.631,0.00520491808048718
50.6526,0.011530260476377
50.7985,0.0178256924256743
50.8416,0.0695904626736166
50.8711,0.0479159002710716
50.8797,-0.161837279085951
50.8877,-0.183179104057231
50.892,-0.00268453700271465
50.9636,-0.0469812264252383
50.9741,-0.16637957381451
50.9776,-0.146244701703097
51.0636,0.0438830180124299
51.0776,0.0744315416414665
51.1053,-0.188824256955314
51.1404,-0.0693209961914576
51.1563,0.0731862491743911
51.2332,0.0148772720696897
51.2462,0.0188930703743111
51.2883,-0.157247216870772
51.3738,-0.0778871075827112
51.5099,0.015265161343514
51.594,-0.199037684114799
51.6463,0.0638247623586992
51.6567,-0.0890348888527726
51.6569,-0.0617169237818516
51.6656,0.0476425920141637
51.8086,-0.128994108522861
51.8309,-0.139571365173964
51.8423,0.0759527229211869
51.9528,-0.160934765389491
51.9923,0.0210405472782114
51.9976,-0.0362164144679724
52.0159,-0.127933956918902
52.0456,-0.0508737166485034
52.0718,0.0334936400866539
52.0977,-0.193274979061712
52.1003,0.0562583781044879
52.1807,-0.150207856988729
52.2148,0.0427214145462784
52.2229,0.0454737758997297
52.3084,-0.0711305680797096
52.3589,0.0146837565413378
52.3802,-0.0753407117593596
52.4692,0.0432156278726268
52.71,0.0508775068954606
52.812,-0.170439345443874
52.8399,0.00079935905404227
52.896,0.00490213812540219
52.9015,-0.199086539101202
53.0074,0.030100500315875
53.0418,0.0776399363674614
53.0667,-0.201491106803246
53.078,0.0291379355136741
53.1481,-0.199431669139756
53.163,-0.197331619204142
53.2681,-0.0878405183308288
53.345,0.00530228430709911
53.4011,0.0104135336619819
53.4112,0.0212919461469951
53.47,0.0148117664845913
53.5025,-0.0394681693079804
53.5333,0.0476006278172818
53.5794,-0.203765487380814
53.6032,0.0235481519062404
53.6144,0.0289893617421839
53.6145,0.0511499914922453
53.6482,-0.00124388060023506
53.6685,0.0835091262872965
53.7189,-0.207956923058205
53.7594,-0.117910070347833
53.7604,0.0798192350264131
53.7915,0.0739931236654456
53.7993,-0.0769454781307886
53.8341,-0.0681999277491201
53.8716,-0.0837141522376115
53.8864,-0.206952134510907
53.9011,-0.197020592639156
53.956,-0.137437632211444
54.0235,-0.190832631732881
54.0539,-0.156560051219287
54.0917,-0.0240726685984498
54.1172,-0.19508291065624
54.1689,-0.0184739743518634
54.2163,0.0789801490921107
54.2586,-0.173296634270521
54.3054,0.0421625337478986
54.3663,-0.121162906085765
54.3686,0.0433450843648657
54.3802,0.0497031049810133
54.4439,0.0221833497516641
54.5288,-0.0474059431456766
54.5951,0.0437680397656663
54.6496,0.00984642047141904
54.7914,0.0520802041072059
54.8249,0.0326114490225322
54.8356,0.0518313893756712
54.8454,-0.180537682664799
54.8893,0.0794817999217159
54.9047,0.0165581160009225
54.9922,0.0441707815790053
54.9936,0.0646924215457787
54.9988,0.0214655930610022
55.008,0.0310646557318393
55.0738,-0.0795623936008738
55.0872,0.0868454162118795
55.094,-0.203162396783206
55.1227,0.071184246404961
55.2011,-0.128825104235887
55.2087,-0.193354228158981
55.3328,-0.0151087678581661
55.406,-0.0771155407914392
55.4425,-0.175642261936439
55.5293,0.030229828786041
55.5416,-0.204799642023985
55.5497,-0.195116221453866
55.6394,-0.155051385342425
55.671,0.0402957256778436
55.7729,-0.194647061413256
55.8076,-0.160197365562858
55.8252,-0.214003699287424
55.8739,-0.20618744890912
55.8934,-0.0586881458670518
55.9145,-0.193941815006653
55.9992,0.0257554854115867
56.018,0.0775758033598279
56.1083,-0.0526992099708963
56.1141,-0.182634894994095
56.2681,0.0159185671102051
56.4256,0.0377837842083864
56.4786,0.0456918394246557
56.4921,0.0519941752678363
56.5799,-0.190593116900082
56.6065,0.0717041707427981
56.6145,0.0408351811381138
56.6598,0.0769032511370256
56.6847,0.026412927910819
56.8057,0.000107452766904714
56.833,-0.0620228836851453
56.9286,0.0856040011312942
56.9549,0.0301168572557344
56.9746,0.00647634864937174
57.0262,0.0417144313768105
57.1034,-0.051978432568319
57.2277,0.0114779431339898
57.2322,0.0335599058059159
57.2338,-0.156511931448236
57.2714,0.00832799012466978
57.3328,0.0308972423708269
57.34,-0.202379542172579
57.409,0.0483947196820509
57.6011,-0.212819897579124
57.6343,0.041560701263144
57.6398,-0.00203652082266359
57.6594,-0.0520035310711506
57.7573,0.0153085957882908
57.8302,0.0129103164320981
57.8779,0.0371630985010398
57.9014,0.0746720072230858
57.9823,0.0129347540681835
57.991,0.0923648174556462
58.0241,0.0391920666756178
58.0686,-0.105105346190761
58.1036,-0.241111615353205
58.1098,0.0276399337685191
58.1373,-0.0833430844554073
58.1485,-0.201196534639948
58.1918,-0.207150476224584
58.208,0.0167618441090482
58.2177,0.0869134482787572
58.2417,-0.000364697497104771
58.2616,-0.221637092079362
58.273,0.0826815981106819
58.4174,0.0140725830748494
58.4595,0.0366595778639223
58.5567,0.0284854450433372
58.5798,-0.215214910218968
58.5827,0.0447689258103523
58.701,-0.0544163739575438
58.7104,0.0450255204609391
58.7853,-0.106038316445684
58.8165,0.028527502570995
58.8294,0.0169516166670292
58.8304,0.063515048065284
58.9332,-0.19036058705931
58.9433,-0.0974908057019945
58.9443,0.0278886353286296
58.9793,0.0483700718770521
58.9954,0.0359099227672459
59.0216,-0.0613457550655028
59.1145,0.0298194010917356
59.1159,-0.0535106851916467
59.1192,-0.166421363983247
59.1593,0.103320402051068
59.1687,0.0703313829089112
59.2463,-0.220900348722964
59.2569,0.0606489307425093
59.2643,-0.241888850922251
59.2788,0.000505743964552607
59.4202,-0.138204441826971
59.4534,-0.182720224245656
59.6348,0.0197332155415069
59.6919,-0.248417897406966
59.7519,-0.150469220430395
59.7579,0.0313814126118643
59.7714,0.0384652294976888
59.7824,-0.0920742689253089
59.8652,-5.69635839866578e-05
59.9702,0.0375552277980375
59.9756,0.0434490104503524
59.9892,-0.153534061176757
60.0547,0.0490887549620638
60.0584,-0.20701589745569
60.0887,0.039119740023537
60.0944,0.0437608812242374
60.0949,-0.110428845434072
60.1099,0.01117264960169
60.1297,-0.223390457316292
60.1394,-0.199316469976552
60.2442,-0.112480184100761
60.3771,0.0803138534504271
60.3798,-0.212919439948934
60.3842,-0.130533660049934
60.424,-0.208274117720819
60.5181,0.0371719304706488
60.5538,0.0464474543874687
60.5607,-0.241593415812865
60.6446,0.049370702606879
60.6475,-0.21350491791469
60.7041,0.0339863860388476
60.7615,0.0546405432811028
60.8106,0.106333027162989
60.881,0.00323200895068965
60.9505,0.0498468037870268
60.959,0.105521128860865
61.1365,0.0126924562904875
61.1879,0.0561386440889322
61.1949,-0.14289239494633
61.2225,-0.260179857906024
61.3844,-0.160824519075042
61.4065,0.0751502773713213
61.481,-0.196477631828166
61.5839,-0.222620230675169
61.6545,-0.26424285842959
61.673,0.109471502797248
61.7693,-0.098297972308842
61.778,-0.00368562546425721
61.7859,0.0518573533828572
61.9146,-0.260310285378139
62.006,-0.165683123832125
62.0369,0.0245126712448851
62.0488,0.10477722569955
62.1667,-0.0213697673496114
62.1799,-0.260442788841949
62.2168,-0.187984686440288
62.2278,-0.268617354680963
62.3604,-0.276650520477411
62.3665,0.0483335785747627
62.4015,0.0485335652476309
62.4455,0.0419573232502302
62.4875,-0.139100699521769
62.5107,0.0258251804371739
62.5158,0.0184096952025143
62.5256,-0.137657292748244
62.5304,0.0210268426606817
62.5777,-0.225975604764514
62.6292,0.0107220181397594
62.6389,-0.0315685279346383
62.6959,0.0260233978618842
62.7098,-0.101622405525909
62.816,0.0404729179494154
62.8797,-0.230448587087601
62.9247,0.042106405383322
62.9825,-0.242634427486038
63.0034,0.115196073765617
63.2059,-0.236981190477394
63.2071,0.0209778934928124
63.3129,-0.235043083205973
63.3559,-0.227006596743443
63.3559,-0.175464577391942
63.3874,-0.260264808786083
63.5326,-0.141270158988974
63.5344,0.021721148379612
63.5396,0.0273906465034912
63.5515,-0.265483023983123
63.5797,-0.00786037941032447
63.5805,-0.160510233753172
63.5998,0.120166982397137
63.656,0.068166979913336
63.6615,0.0522545026074255
63.6872,-0.178916611629369
63.7118,0.0153231151306628
63.7157,0.0416075273065317
63.7184,0.0160564005808794
63.7307,-0.242889933673787
63.7376,0.0336828327889762
63.7761,0.0431391193907444
63.817,-0.167618069586489
63.8478,0.0790839334917592
63.8734,0.0957536926685023
63.9282,-0.200147336372474
63.9334,-0.0673963156466257
63.9417,-0.277286297659586
63.9714,-0.0669262312300134
63.977,0.0554798879490761
64.0333,-0.0375666344437633
64.0624,0.0248768549051022
64.0675,-0.0549167421294641
64.0953,-0.277572903932793
64.1172,-0.281951031494074
64.1676,0.0890176366479238
64.1841,0.0495840360875093
64.1973,-0.0858514145763678
64.2468,0.020899919386224
64.2941,-0.210386776499291
64.3529,0.0487438094083075
64.4157,0.0602868663687843
64.4778,-0.155235129071173
64.5191,-0.145599848982428
64.6008,-0.215950459735893
64.6034,0.0543784444663231
64.6629,-0.231979160911379
64.7585,-0.246379000751276
64.7878,0.0938196763892591
64.8189,0.0429886309322427
64.8767,-0.131875700033206
64.8975,-0.278103582118646
64.9437,-0.218184488871046
64.9522,-0.132023576244677
65.0009,0.0145638402484138
65.1038,-0.0855923378554309
65.2354,0.0155240875713787
65.2834,0.052587939179503
65.3735,0.0216022310772956
65.4032,-0.267508449448869
65.4166,-0.269050528466778
65.4321,-0.0374586095870342
65.5144,-0.191564628675991
65.5215,-0.249876008351507
65.5305,-0.24724761515813
65.5658,0.114565142629758
65.6372,0.0532271094648564
65.6698,0.00868126333186581
65.6722,-0.288409127161643
65.6959,0.0727196284497609
65.7957,0.0453601037487488
65.7991,0.0776593820448426
65.8081,-0.0158974159805183
65.8392,-0.0970758886262928
65.8824,5.98486074210314e-05
66.0118,-0.0354908819746527
66.0129,0.0585912806517399
66.0692,0.0543002428079262
66.1076,-0.148834303182241
66.1123,-0.289303791769328
66.1201,0.0190357272498716
66.2684,0.065255398361785
66.2979,-0.150025921389059
66.3668,0.0234945935001747
66.472,0.119709933039914
66.4941,0.0353774077857594
66.5454,-0.284857221689322
66.55,-0.284121667106518
66.5734,-0.221649955791221
66.6835,0.0528181531050507
66.6956,0.00331746796895516
66.7836,-0.0420295689461199
66.8315,-0.183309077734137
66.8869,0.134634871595409
66.9875,-0.171393809419527
66.9981,0.0565055933003862
67.0175,0.0434446254224667
67.1058,-0.0310188222843522
67.1545,-0.266019427904666
67.1564,0.0275822774644325
67.1589,0.0615425973922754
67.1956,-0.13041161367056
67.2678,0.0718953476118998
67.2767,0.0440134090799944
67.325,0.0222441437003056
67.3284,-0.257095702356523
67.3526,0.0187685626076188
67.3869,0.0312049716223726
67.4395,0.0242596029680726
67.4588,-0.238519567777445
67.4809,-0.30118103268731
67.5166,0.0574115073418682
67.5737,-0.2806275047611
67.6144,-0.247146965017691
67.6312,-0.297853111885132
67.6573,0.0227205024836223
67.6942,-0.283716508439312
67.7092,0.073209116351336
67.7354,-0.300746796765225
67.8559,-0.0118075447905568
67.856,-0.0705370076893672
67.936,-0.28528469228813
67.9541,-0.255797368220485
67.9608,-0.285863913595051
68.015,0.0977642873526747
68.0615,0.053870133067889
68.0919,0.0874359292680964
68.0939,-0.261570906581809
68.1141,-0.302864814977411
68.1238,0.0382725214955428
68.132,0.0740192824749357
68.2024,-0.308365757214005
68.2212,0.00738133394307283
68.2367,0.0742878418144244
68.2442,0.00529328206526714
68.2576,-0.250239841661383
68.2658,0.0420985812290837
68.3086,0.0102324673385965
68.3328,-0.184501603600381
68.3342,-0.193468704873368
68.4009,0.0758833373514847
68.4633,0.121361111122084
68.5088,0.0659570860944427
68.5278,-0.200644429733757
68.5632,-0.227117324436747
68.5956,0.108991886565349
68.6071,0.0607070345027836
68.631,-0.304085631624403
68.6762,0.0569622244584025
68.6945,-0.10706264206172
68.7377,0.0249535932934037
68.8076,0.0272397523182235
68.8255,0.016146334768095
68.8273,0.102368410040711
68.875,0.0262323570112954
68.9601,0.0653453071474246
69.0033,0.047537633455093
69.015,0.0639422760371957
69.0533,0.0852295957756866
69.1258,-0.0228905189306516
69.1355,0.131680221073552
69.2111,-0.228050317492631
69.2816,-0.158956360198147
69.2925,-0.229661482299434
69.297,-0.0522995015765417
69.3287,-0.0600969707743388
69.357,-0.226133678099799
69.3754,0.00938895566902431
69.4637,0.0574777881431032
69.5025,-0.183896494142942
69.537,-0.0582253635549677
69.6111,-0.290305223532727
69.6356,-0.319016094039767
69.6886,0.0231045349933794
69.698,-0.133911687107727
69.7383,0.0213251942525972
69.7638,-0.101980104163474
69.7638,-0.132202381385397
69.8004,0.00112315448004097
69.8635,-0.229104814541813
69.8686,0.0480386219476685
69.8864,-0.0800048499946371
69.9124,-0.29363823742537
69.9393,0.0312021717067239
70.0805,-0.248029580992082
70.1178,0.0634067600384611
70.1594,0.0574265070975741
70.1838,-0.321928616980799
70.184,0.021897450458809
70.2243,0.0501634219999971
70.2434,0.126149314149217
70.2535,0.0399511934861039
70.2549,-0.0149078977068058
70.2612,-0.180207923270345
70.2716,-0.0107476419277504
70.2882,0.0120294543601318
70.2932,0.120251294168355
70.3126,-0.214434398538572
70.3901,-0.0186581811222766
70.4408,-0.32122245673321
70.4594,-0.126370429550363
70.4885,0.102287623366749
70.5466,0.0557499025228907
70.557,0.0399921202455289
70.5865,0.0834681424919097
70.6874,-0.299230067713964
70.7213,0.152409170098167
70.7647,0.0775609391895529
70.8246,-0.112773634279407
70.8534,-0.239845506593994
70.8595,-0.231816310703351
70.9127,0.0631544208308696
70.9173,-0.225314393278083
70.9623,-0.297078576422749
71.0181,0.0844203400386476
71.0365,-0.307568432471228
71.0428,-0.224559965347268
71.048,-0.125954690547701
71.0622,0.017655443565971
71.0977,0.0438473625253692
71.1175,-0.109766915992111
71.1887,0.0458426794648688
71.2087,-0.0370529067445915
71.2366,-0.00379061755197085
71.2562,-0.012845089325495
71.2848,0.0412176475678621
71.3194,-0.275245412861651
71.3645,0.123397703434264
71.5171,0.146567261366968
71.5463,-0.261095143213097
71.5792,0.014368370228965
71.5991,-0.142427650669646
71.6394,-0.193097035404463
71.675,0.0207629988147175
71.7144,-0.312445618484958
71.72,0.0491921089391099
71.7341,0.00409715744832795
71.8124,0.0775844136600199
71.8915,0.101005809207933
71.9301,0.027206023181634
71.9567,0.00615121776196759
71.9702,-0.3340433934072
72.002,0.0455673911780821
72.0124,-0.338470373519655
72.0509,0.142454832882123
72.0879,-0.0596730893351634
72.1094,0.0477548059536446
72.2163,0.0618043917961018
72.2223,0.131603296888883
72.3233,-0.271905582464086
72.3387,0.0249099888933273
72.3498,-0.197577398357581
72.3548,0.0261421958774264
72.3705,-0.193962406136237
72.4278,-0.268396427052352
72.4896,0.158923371580002
72.4959,-0.0398710818024028
72.5754,-0.314978095424451
72.6652,-0.269370003928955
72.6774,-0.318243746460837
72.7201,0.159473675959063
72.945,-0.271223175496289
72.962,-0.304549628755481
73.0334,0.0578693763415146
73.0775,-0.322098552418893
73.0822,-0.199002520078778
73.0897,-0.301226017097775
73.1032,0.0295574254572983
73.1604,-0.304393288009521
73.1914,-0.298027100733577
73.2348,0.0674000991642316
73.2369,-0.172719033646359
73.2677,0.0567896011056064
73.3317,0.0751102844020579
73.3835,0.126083176488834
73.3872,0.0431758231340353
73.3898,-0.32799275866607
73.402,0.0719408237015529
73.4893,-0.0117386321371811
73.4987,-0.151895656559361
73.5078,-0.194149171551302
73.5318,-0.19038831660373
73.5518,0.0923901552931738
73.6435,0.0517239969720862
73.6482,0.157794478623458
73.6539,-0.185745838911416
73.7768,0.0316057508986631
73.7972,0.0571931592054398
73.8513,0.145461221992335
73.868,-0.0933428614866472
73.9891,0.0231284198179367
73.9916,-0.107545912869412
74.0102,0.0900080424178782
74.0477,0.024433278781089
74.0501,0.0595472145514151
74.0536,-0.0258657281997756
74.2078,0.0635841983043548
74.2321,0.136797248378571
74.247,0.0343713730113677
74.2837,0.14174425458495
74.3098,0.106143129618189
74.3516,-0.048871415533327
74.3778,0.0538741901949322
74.3813,0.0252732077842523
74.4045,-0.209807779637003
74.4183,-0.351741582783689
74.4201,0.138541352598224
74.4395,0.0143589677335996
74.588,-0.270157566995834
74.5903,0.0387478671038224
74.6424,0.0599160297259118
74.6918,0.0840509318338292
74.6942,-0.00490654026101822
74.7126,-0.170587256736965
74.7428,0.0228813474408724
74.7612,0.0609578225732719
74.7838,0.0989227401130535
74.7946,0.0777873717082258
74.8167,0.0445289159837898
74.8309,0.0699627419294444
74.9323,-0.282569419351248
74.9858,-0.27458383386184
75.0678,0.138480754904435
75.0797,-0.207475116962044
75.1266,0.0309290781333402
75.1554,-0.218065895001118
75.2,0.0253783038591706
75.2101,0.0180958959269333
75.2128,-0.350920904565243
75.2135,0.0472927176735567
75.3086,0.0231446233738666
75.3133,-0.218186650833943
75.3203,-0.337706516442481
75.3234,0.026467145676861
75.3412,0.10397195386436
75.3614,0.0555826389280725
75.3805,0.137442839682777
75.3899,-0.137637452556007
75.4255,-0.222655407777253
75.4257,-0.335521457257812
75.5334,0.0589355998743315
75.5409,0.0563825729947496
75.5612,-0.368706226710117
75.5886,0.0999757111495398
75.6302,-0.158291581754312
75.6539,-0.279615013340162
75.6741,0.162148468962215
75.6988,0.126011640189006
75.7075,0.0234166599072125
75.7133,-0.360146645774748
75.7225,-0.243576640418667
75.7399,0.0231545122082935
75.7814,-0.307298673011914
75.783,0.0625977807091118
75.8222,0.161755606172633
75.8641,-0.150833122921455
75.8772,-0.0730809387689959
75.8964,0.0338994581182845
75.9122,0.0773096176707071
75.9241,0.0181552122638919
75.9302,0.170527849596027
75.9321,-0.294418457528977
75.9552,-0.35280090915829
75.9631,0.172492167846784
76.0271,-0.0874513582521246
76.065,-0.0811800670937828
76.1013,0.0122945175456266
76.1049,0.010556761823139
76.1414,-0.309977638183014
76.2304,-0.149650233686216
76.2448,0.0989742541402308
76.2625,0.0415031671834498
76.2675,-0.360853504995205
76.2775,-0.0148184019193138
76.3624,0.0821334841515267
76.3666,0.0432211773139954
76.4183,-0.127583376757514
76.4623,0.0285031219654712
76.4907,-0.0572585730121347
76.5202,-0.207565750011028
76.5472,0.0930888636555665
76.5781,-0.346081339511613
76.5842,0.00753119977163408
76.6614,0.0286231384257576
76.6993,0.023788596597754
76.7036,-0.00986792492349764
76.7198,0.182333097762523
76.7568,0.0596781020690997
76.8113,-0.116035051834601
76.8374,0.0780756935426865
76.8552,0.0626284504203483
76.8699,0.0777961997858085
76.8773,-0.18487432219402
76.9979,0.0710102947121527
77.0263,0.0614428029216469
77.3079,-0.104366699549715
77.3287,-0.0457647431529722
77.3425,-0.0900360981650152
77.3968,-0.337555411127084
77.4333,0.0298973893131915
77.4625,-0.265486793587954
77.5277,-0.331106476805672
77.5331,0.080402694654893
77.549,0.0589136932269412
77.6566,-0.22741792146266
77.6818,0.0407717190956163
77.7133,-0.334229574511838
77.7336,-0.277015025137501
77.7971,0.0847820682313341
77.8815,-0.331427775305784
77.977,-0.320481785106068
78.0472,-0.341976423469731
78.0774,0.111070512667368
78.1191,0.139758921476343
78.1352,0.000543034658051056
78.2187,-0.104542452955101
78.2251,-0.220594336741783
78.3249,0.162834646767294
78.3406,-0.331245243695889
78.3835,-0.294449667575023
78.4551,0.0952288342281662
78.4636,-0.224270286763982
78.4927,0.126784322442006
78.5755,-0.388351384498719
78.6169,-0.233950480704721
78.6189,-0.330477047437043
78.633,-0.304335065602785
78.6379,-0.10987564718566
78.6418,-0.0629477266598144
78.6989,0.0303742265806477
78.7091,-0.269881552554665
78.7177,-0.295293590845546
78.7897,-0.357604047213968
78.8188,-0.384367851460382
78.8196,0.0254198040002933
78.8399,-0.0727940681424286
78.8616,0.0983492716540439
78.8721,0.104243468846249
78.8803,-0.323063180078137
78.935,0.0181707571775434
78.9361,0.0376793003898541
78.9385,-0.360053448510257
78.9455,0.0705401496586404
78.9492,-0.00318606385548037
78.9656,0.0251950092565778
78.9934,0.110532925100841
78.9987,-0.3696286865041
79.0867,0.194166026277074
79.0949,-0.0201714092353598
79.1673,-0.227502019936225
79.1734,0.0368109928613336
79.2054,-0.244698915264635
79.2578,0.0458343141373234
79.3257,0.062550457653316
79.3419,0.18243260157341
79.3632,0.194983904279539
79.4572,-0.111087721400409
79.493,-0.381679317722799
79.5417,-0.247804119400072
79.6793,0.0334682683794227
79.6819,0.0559112354562785
79.6874,0.0277466949616354
79.7046,0.101565459298115
79.7087,-0.00977289745367216
79.8895,-0.20331844568102
79.9258,-0.0519145389845903
79.954,0.0827435557774692
79.961,0.0280714951934726
80.0108,-0.354548606959227
80.0146,0.0142047039266515
80.0215,-0.184649454002582
80.0736,-0.00544011548521439
80.077,0.192112898958953
80.1156,-0.0317686982682233
80.131,-0.0166420025854848
80.147,-0.347420045756124
80.1525,0.197437910271304
80.1623,0.0473942275972945
80.1768,-0.373433246944899
80.2224,-0.357858411278812
80.2644,0.0668753643019357
80.2656,0.0405049715567571
80.2935,-0.315259116467061
80.3067,-0.0121582595161556
80.4144,0.199937683041284
80.4236,-0.407800459950153
80.4418,0.128707084581265
80.4716,-0.382308918877612
80.4874,-0.0391594825239139
80.5064,0.0586744732544133
80.554,0.0846263827183265
80.5553,0.0577509379776302
80.6759,-0.0266011709838239
80.7105,-0.376655948811347
80.7254,-0.255208701117795
80.8324,0.103636048572568
80.8351,0.0696530560498303
80.8679,-0.138904493854085
80.8978,-0.289412270051443
80.9102,0.117560152525485
80.9103,0.0506324372524034
80.9401,0.0277734846706608
80.9948,0.0322856475782629
81.0502,-0.379925319941506
81.0773,-0.161012268806743
81.1165,0.116027269759172
81.1463,0.045856656497989
81.2043,-0.299572263682947
81.2118,-0.238461918274979
81.2503,0.206799485088851
81.2597,0.206408576035855
81.2972,0.0869981024659978
81.34,0.0349062605841652
81.3657,-0.244452681578707
81.4664,0.0912833249596758
81.5313,-0.211966503456949
81.5546,-0.377055190049177
81.5726,-0.230017913375235
81.6011,0.0953117528246139
81.6115,-0.340880795530765
81.6269,0.0447969276761029
81.6715,-0.328577135791249
81.6877,-0.0247691319838026
81.6933,0.201283413237235
81.7859,-0.237643880141448
81.8442,-0.347513480564814
81.8651,0.112999242253395
81.89,-0.151385719537842
81.9115,0.0572147598754782
81.9397,-0.00781545897807234
81.9752,0.112750716065094
81.9869,-0.407283156791834
81.9982,0.0367428369894043
82.0155,0.131339546290249
82.0317,0.0373568088274681
82.0365,-0.0967117831106066
82.0831,-0.324267677346626
82.102,0.183399037725522
82.143,-0.203999903119708
82.1484,0.211837318412705
82.1742,-0.0903474862084011
82.1893,-0.194060154272719
82.2549,0.209578281306491
82.2576,-0.0189739852525292
82.3011,0.15979601966005
82.3026,0.0781499525245977
82.3135,-0.130774654111391
82.3217,0.0653160055000512
82.3345,0.202147204231252
82.346,-0.361840812395386
82.3494,-0.19007834668254
82.3934,0.0378884183179338
82.4073,0.213635982626144
82.4096,-0.0570972766243187
82.4131,-0.378472599123498
82.4146,0.212598239592211
82.4367,-0.410343890545121
82.5506,0.0290854628142796
82.5642,0.0693607688986475
82.5706,0.124318530780883
82.6063,0.0346272004378534
82.6066,0.11540039538626
82.6313,0.05021600224336
82.6425,-0.398265840324072
82.6625,0.0860221590431109
82.6864,-0.325011355671833
82.753,0.102658830188517
82.7593,0.113566270372061
82.7667,-0.0400209928212263
82.9086,-0.261589692172038
83.0073,0.114795880735002
83.0203,0.129590057493033
83.1016,0.0746454346004128
83.1068,0.0509957516412953
83.1601,0.0398981517730732
83.2084,0.0906567543003831
83.2365,0.0372487550469316
83.2446,0.0930011134874178
83.2796,0.153390216344988
83.3739,0.219038627955825
83.4261,-0.273155245598161
83.4928,0.177452159387073
83.5268,-0.307527314397788
83.5825,-0.32949362326481
83.5911,-0.218509615710602
83.6107,0.0712087216747506
83.6272,0.0891244854368551
83.6434,0.129346593961543
83.6769,0.127836038983617
83.6818,-0.0254238747295403
83.6824,-0.418813592224708
83.6876,-0.0389997189910503
83.7471,0.0250111638884931
83.7583,0.0433335370289001
83.7625,-0.0675267946470512
83.7671,-0.429959906889707
83.8458,0.11755974843156
83.9164,-0.336255677172403
83.9354,0.112790212117659
83.9808,-0.247003963864742
84.0006,0.125887841444154
84.0018,-0.309463398237682
84.026,0.0403572652804343
84.0269,-0.395213167420863
84.0344,-0.303049729273695
84.0919,-0.172188178331993
84.0965,0.112051001336809
84.1717,0.0400095580181983
84.2086,-0.248545872837809
84.2144,0.0606963567729792
84.229,0.0116031975596655
84.229,-0.213582429854426
84.2467,0.220541545595154
84.2593,-0.171022707920727
84.2852,0.195018582883421
84.2903,-0.0610229997245142
84.2959,-0.397428142860477
84.3123,-0.391941315991673
84.3274,0.20784934941598
84.3345,-0.0597453659614757
84.3483,0.0213220510901522
84.3568,0.184298684780984
84.3745,-0.00755593239442476
84.4175,-0.022763168266053
84.4227,0.127983127367145
84.4528,0.0530277086475195
84.4605,0.105841706258943
84.468,0.0782850553190286
84.4731,0.197451483538956
84.4792,-0.0366853374781613
84.4966,0.0886539858327779
84.5026,0.133277383254708
84.5358,0.135092595676781
84.5537,-0.142149355900614
84.5829,-0.424155067317955
84.5836,0.222453132773552
84.62,-0.392928650604318
84.7087,-0.11606752608003
84.7195,0.0895305002204765
84.7388,-0.121350134995907
84.7834,-0.382006443321487
84.824,-0.201615251769525
84.9241,0.130511669582518
84.9567,-0.400551327929705
84.9572,-0.00221889987780344
84.9688,-0.385526279636579
85.0035,0.0980627035165895
85.0464,-0.407882622409943
85.0468,-0.273871455394897
85.0837,0.183954066768507
85.0954,-0.232840210530753
85.1087,-0.23843140865884
85.1494,0.00694808561043203
85.2399,-0.0717954140630894
85.2783,-0.0118233198018771
85.2838,-0.41120597873585
85.2912,0.0301522428469099
85.3207,0.220234861614884
85.3409,0.138787136822955
85.3715,-0.33961572271447
85.3717,-0.317416907580395
85.4088,-0.389556428331147
85.41,-0.233828401503601
85.4919,-0.298318260700924
85.5151,0.0507145900124186
85.5285,-0.291463030235661
85.5509,-0.418552272523229
85.5715,0.147511781998048
85.5997,-0.445142743634946
85.62,0.046945448983891
85.6274,-0.220328634834502
85.651,0.231905445988772
85.6859,-0.40067051791037
85.6883,-0.0693969694655863
85.7073,-0.35342603418961
85.7434,0.0663098308971684
85.7815,0.0448099425113497
85.7973,-0.345582837797735
85.8153,-0.178338305254897
85.8196,-0.148527071046445
85.8472,-0.125164249174233
85.8482,0.131746179055355
85.85,-0.347054564666038
85.8608,-0.369032696307144
85.87,-0.439769674139569
85.8815,0.0806808201931943
85.8927,0.22831191431743
85.9233,0.119297441405394
85.9254,0.121017926177373
86.0357,-0.442086706129516
86.0913,-0.255302281674446
86.1002,0.131660274769885
86.1146,-0.410293803902576
86.2267,-0.0725526014470859
86.239,-0.0674770756200331
86.2479,-0.253874498550815
86.269,0.145443356225115
86.2936,0.176873313662412
86.3034,0.160936986179635
86.3048,-0.417344495365526
86.3154,-0.125052027774998
86.3282,-0.0299628966287173
86.3597,-0.357677005707373
86.3778,-0.12490736549357
86.4199,-0.094158768804931
86.4357,-0.454243269968103
86.4833,0.236265098110565
86.504,0.10003321565533
86.5051,-0.433142475824837
86.524,-0.452427105835511
86.5708,-0.148940137453025
86.5714,-0.428486150926844
86.6177,0.0584063136006421
86.6689,-0.353817865616492
86.6843,-0.423866561305545
86.7061,-0.364907128789525
86.7724,-0.189552493258972
86.7943,0.0964239973070704
86.8091,0.0839825866636943
86.8486,-0.0656905457236547
86.8735,-0.365279427316182
86.9051,-0.386513719721592
86.9103,0.0926284862082838
86.9111,-0.315122236386216
87.0258,-0.208830098192607
87.0975,-0.0553870312123479
87.1186,-0.0486534161851182
87.1766,-0.413078996889325
87.1799,0.184780405636175
87.2237,-0.217078452972459
87.2761,-0.0834465360308059
87.3474,0.0439583236230305
87.3578,0.048455350797397
87.3682,-0.342563296729566
87.3701,-0.0786964987285899
87.3731,-0.296365920385611
87.418,-0.0858191908477437
87.4238,-0.0783892919915274
87.5356,-0.114113388850015
87.577,0.0542357472911732
87.5812,0.117161080926266
87.6071,-0.337256825049209
87.6199,-0.392234752788156
87.6384,-0.201337122358041
87.6487,-0.32350430828879
87.6499,0.0631755468710082
87.6883,0.122675618036141
87.6933,-0.0186041334946196
87.719,0.162878030895598
87.7326,-0.258187056006221
87.7841,0.240686153201651
87.7915,-0.239387299693348
87.8866,-0.229935687795944
87.9116,0.203677788040793
87.9298,-0.212986003893505
87.9484,0.226037415134456
88.001,-0.102695629976793
88.0302,0.246263529640117
88.0549,0.137816156697397
88.1218,-0.464628034662354
88.1631,-0.443188745813245
88.1673,0.15411982718544
88.1707,0.0909177741669822
88.2124,-0.0971547929928818
88.2333,0.0556510787617412
88.2467,-0.266233145173672
88.2854,0.0545744153499612
88.3095,0.0641627614512146
88.3114,-0.465426605066497
88.3334,-0.122013048924046
88.3684,0.129306696344827
88.3782,0.162599943813035
88.3985,0.0726158875856839
88.4346,-0.0254768122567555
88.4428,0.0906582683910955
88.4569,-0.466330482551982
88.4573,-0.0780032535420219
88.4613,0.163138111862636
88.4629,-0.468611225312657
88.4821,0.213590830584678
88.5251,0.247615862401631
88.5262,0.14529153574756
88.5395,-0.435387608811141
88.541,0.246268181656973
88.5587,-0.407255284339584
88.5657,0.249656341625851
88.5933,-0.471136356760766
88.598,0.160798059826774
88.6182,0.217052969456603
88.6514,-0.138306514012541
88.6685,0.110335764265272
88.6693,-0.318204799190511
88.6959,0.184276662229522
88.7215,-0.414064585180398
88.7354,-0.438041917903689
88.7506,-0.397236582106743
88.7694,-0.458227131140433
88.827,-0.0401801305004312
88.8493,0.0499414446536974
88.8698,-0.213861761300251
88.8844,0.078394241071237
88.8859,0.0438060451915305
88.9001,-0.42191642312163
88.921,0.0430801026053018
88.9316,-0.324349722399646
88.9576,0.252342001814199
89.0002,0.0494899561477666
89.1121,0.160775414054811
89.1149,0.0960624084664516
89.122,-0.474645342425092
89.1405,-0.00514531753188407
89.1629,-0.456074126112625
89.2469,0.0212387192149492
89.249,0.233333210649718
89.2717,-0.0600283633877012
89.279,-0.472359927803538
89.2953,0.202663784292753
89.3481,-0.272261038348148
89.4215,-0.291083757391036
89.423,-0.462199648841917
89.4682,0.00941292284301198
89.4757,0.0471866628825381
89.5647,0.0439250258496173
89.7547,0.0456835798823221
89.7569,0.0681079154304172
89.7633,0.247498106160606
89.7981,-0.419048805913519
89.8199,0.0270598844765573
89.8694,0.241434744381678
89.8712,0.0095813548026058
89.896,-0.487213193470609
89.907,-0.452764154482836
89.9181,0.0622380197750658
89.9872,0.0205467479009513
90.0626,-0.325189887764481
90.0761,-0.372817524821102
90.1296,-0.345000663336506
90.1599,-0.387425103690731
90.2428,0.200583061457451
90.2499,0.167399869220517
90.2641,-0.427742773788822
90.2747,-0.0666968396277809
90.2807,-0.371146356856045
90.3062,-0.489640993889765
90.323,0.162009404595281
90.3386,-0.339585035321022
90.3401,0.215430403627025
90.3621,0.0488278288851376
90.3673,-0.436564957298728
90.3761,0.24388972869933
90.4063,-0.435771134234756
90.5065,-0.491869993970226
90.5775,-0.0195884319718687
90.5969,-0.0978385252955434
90.6019,0.0313254874141364
90.6088,-0.0279882977841481
90.6149,0.224527940749638
90.6733,0.0600627393338442
90.7054,0.259439719049723
90.7155,0.0386502616605355
90.7204,-0.0844285463845438
90.744,-0.0449754004198155
90.7614,0.138060373072548
90.7914,0.128057238726001
90.806,0.0437329432432705
90.8271,0.0469444205724017
90.8367,-0.460680802209154
90.9541,-0.378288952372344
91.0293,0.0646200533760322
91.0387,-0.337268996314421
91.1053,-0.224688525391841
91.1575,0.255123151327695
91.1744,-0.0262657422878192
91.2473,0.238859875865771
91.2578,-0.342291279513319
91.263,0.0906041144210121
91.2839,0.0559672980978547
91.3418,-0.122407967543865
91.41,0.178050054538204
91.415,-0.396107659248813
91.4195,-0.307181765132242
91.4235,0.212888040054779
91.4441,-0.326197351624515
91.4672,-0.463830820867884
91.4687,-0.196916938079127
91.4803,0.267475065893407
91.5095,-0.18418209216064
91.5452,-0.132076345053676
91.6406,-0.349160309965185
91.6672,-0.214138629106117
91.6886,0.0476350818383224
91.7335,-0.143523894818884
91.7474,0.195202051288845
91.7704,0.0432524383729316
91.7748,-0.20956171666019
91.7753,0.0491719603400469
91.8181,-0.492848743419501
91.8519,0.0553883936464388
91.8953,-0.501612753898854
91.9243,-0.440970986718895
91.9778,-0.312566437406304
91.9831,-0.121436353239105
91.9843,-0.377410541800785
92.0009,-0.368331647323913
92.0219,-0.272512586611739
92.0347,-0.488174472049906
92.0636,-0.273212809309186
92.067,-0.35364429523031
92.0739,-0.483508681559513
92.0885,-0.344682126479981
92.1051,0.0480153758358171
92.1103,0.0482119598133153
92.1388,-0.46635623743154
92.203,-0.193650117910394
92.2139,0.0726680721101616
92.2162,0.0666153367367883
92.2965,0.272570953479075
92.3193,-0.0762013928597298
92.3337,-0.238564033265661
92.3499,-0.139375923010732
92.3636,-0.406799072674715
92.3769,-0.303828998666177
92.3903,0.00684147041229721
92.392,0.0463446812417629
92.3987,0.132209464795807
92.4281,0.180754302554959
92.4366,0.272907529116068
92.4653,0.0350664901212241
92.48,-0.426231239684256
92.5566,-0.49424782300062
92.5674,0.172325973652832
92.6122,0.00424578197242909
92.6641,0.128274608563856
92.6772,0.0378456755713472
92.6849,0.18742829025301
92.6978,0.0500553374285602
92.7095,0.131699623684597
92.7484,-0.214173817420942
92.7543,-0.252963229872293
92.8201,0.13206994165725
92.8226,-0.513449457925717
92.8771,0.0468447172405604
92.8874,-0.0891215195045021
92.8927,-0.251652943020105
92.8995,0.207613367121752
92.9006,-0.458857999646128
92.9046,-0.435742738904807
92.9282,0.0185772953265797
92.9597,-0.413719859901875
92.9816,0.238139910435351
92.9822,-0.331176350961982
92.9947,-0.383776967448185
93.0532,0.156397652603815
93.0693,0.0582681070151523
93.0754,0.0575096823246497
93.0791,0.199613834740546
93.1094,0.0505933518673487
93.1332,-0.29849739584121
93.1544,-0.394651019078012
93.2007,-0.383075088241696
93.2169,0.128151724031653
93.2214,-0.424661733986866
93.2441,0.242344297282955
93.2454,-0.387633456223426
93.2681,0.185747681773762
93.272,-0.479379561227816
93.2764,0.0694574674649431
93.2946,-0.340980388403835
93.2969,0.178452178895014
93.3036,-0.481073656713022
93.3247,-0.420539052620043
93.3424,-0.292798873117292
93.3484,0.0456331520442461
93.3582,0.163500016464454
93.3675,-0.158742900019462
93.4435,0.0603212353242952
93.4505,0.169454427132862
93.4517,0.179172934161016
93.6112,-0.420201519207168
93.6161,0.112097818914421
93.6293,0.0587527944491768
93.6629,0.185247749999007
93.6811,-0.345492335239754
93.7084,-0.0219804187140937
93.7434,-0.299986576193277
93.7877,-0.0745317732180126
93.801,0.0630821280730487
93.8216,-0.22400742444286
93.827,-0.0197766426663435
93.9019,0.188885201923284
93.9493,-0.294285420733644
93.9853,0.0303762277907111
93.9959,0.131352725152354
94.0138,0.202455290686785
94.1755,0.0504495042692383
94.2091,-0.48550006927772
94.2203,0.048733511375417
94.2411,-0.528028876216737
94.2645,-0.479672733709819
94.272,-0.412692211305469
94.2808,-0.467148222787173
94.2843,0.0124661728579269
94.3262,0.0943362103325001
94.3796,0.169889589516885
94.3814,0.255650454365664
94.3944,-0.448919344499316
94.4031,-0.477147384440769
94.4437,-0.488040259961664
94.4611,-0.00219863904246154
94.4657,0.135372829448812
94.5008,0.193521118009571
94.5028,0.194909665282026
94.5455,-0.230533646942192
94.5736,0.180924154538928
94.5739,0.0103530987176441
94.5949,-0.200471358793308
94.6157,0.101911139834399
94.6236,-0.0787145149132584
94.6293,-0.432172528494235
94.7278,0.251473358893875
94.7537,-0.451743669279466
94.76,0.208478134899494
94.8154,-0.024084905243754
94.82,-0.0756374627953846
94.8355,0.171731744130895
94.8431,-0.0116084635856453
94.867,0.279636934722788
94.9228,0.182053213092317
94.9557,-0.53440895698138
94.964,-0.451046126224156
94.9653,0.125634094622399
94.9933,-0.385997257458541
95.0065,0.0747796874620832
95.0073,-0.122707220364532
95.1135,-0.0650655758358738
95.1287,-0.190127746151845
95.1364,-0.00275913050924714
95.1601,-0.436505196084852
95.2267,0.0746683804344599
95.3049,0.292455929667312
95.3179,-0.487816289821779
95.3821,0.243500986227545
95.4174,-0.501155195830435
95.4429,0.131750016486947
95.4542,0.117037985389487
95.4829,0.125337572584016
95.5279,0.222025466836598
95.5376,0.0490047083740279
95.5985,0.064081754569429
95.6207,0.0557533617391499
95.6789,-0.363368047468384
95.6929,-0.338502083847501
95.6958,-0.205478032901709
95.7023,0.266595382212927
95.7279,-0.0824854265858335
95.7555,0.0129968787644827
95.7611,-0.501250519493624
95.8078,0.0084181349158996
95.8417,-0.54379081862038
95.856,-0.529296762464
95.8619,0.0346608995916569
95.9185,-0.287587849963771
95.9859,0.169553488679924
96.049,0.215725644001907
96.0641,-0.506958839431647
96.0712,0.298692513501379
96.1163,0.263059839626976
96.1383,-0.029214518558689
96.1901,-0.489419296617385
96.2663,-0.509012155675364
96.268,0.199767554229581
96.2699,-0.417960450389387
96.2886,-0.424212237397072
96.2952,0.0421312566928123
96.3018,0.14005330607516
96.3022,-0.479980069723425
96.3828,-0.486103127682753
96.4093,0.263924253670879
96.456,-0.43827810992012
96.4744,-0.551766808022805
96.4788,-0.508831211797855
96.4958,-0.292685450612765
96.4962,-0.550375106415586
96.5195,-0.155436357722849
96.5308,0.0645747603817313
96.5803,-0.209734362693965
96.5899,-0.110322405117046
96.5964,0.112092114942868
96.5975,-0.502412866668763
96.5983,0.0409967735302956
96.6164,0.197148447307612
96.6259,-0.510984586090061
96.6622,0.0621992108918761
96.7267,0.211704927015091
96.7585,0.0667879045908109
96.7639,0.0163396160766212
96.7868,-0.381427071215072
96.8277,-0.249221324231172
96.8462,0.00144048297708821
96.8695,-0.298211944501901
96.8848,0.271785140729193
96.9204,-0.47699879878715
96.9341,-0.429559478362322
96.9573,0.0668577724763253
96.9703,-0.243867916812775
96.9965,-0.427972169864915
97.0008,0.0579373091869257
97.007,0.114055104498107
97.0307,-0.5634626934784
97.0352,0.215106854426637
97.0682,0.299845894817963
97.0861,-0.0307723486721159
97.1018,0.201843048158793
97.1217,-0.575009180648337
97.1505,0.0500751626798603
97.1685,-0.0145046786320933
97.178,-0.527348571758793
97.1864,0.239413707181896
97.1876,0.142663408266657
97.1924,-0.447521561298302
97.2144,-0.00880596282902957
97.2239,-0.488731293121504
97.2562,-0.264962969550282
97.2577,0.211553136327367
97.3223,0.149525557059746
97.3408,-0.00580650720176834
97.3531,0.139614954826385
97.3747,-0.568883291612465
97.38,-0.430289751078263
97.3808,0.23113667437616
97.3888,-0.57914398249082
97.466,-0.176850115644996
97.4834,-0.505558402095474
97.5199,-0.267098914568351
97.5442,0.102620388954591
97.5925,0.179824657639372
97.5975,0.261722545280278
97.6752,-0.324423029151347
97.6761,-0.173895319638405
97.7108,-0.289807932143646
97.7654,0.261260492381581
97.7817,0.307393256190224
97.7844,0.22699310038864
97.7862,-0.523464534229134
97.8383,0.155113522655611
97.8402,-0.494326649202876
97.9322,-0.202463733895357
97.9526,0.0509869645960066
97.9551,0.303465792826174
97.9691,0.0752760487071811
97.9719,-0.0293871138725166
98.0146,0.198545834846087
98.0175,0.153880373558437
98.0513,0.191385800458036
98.0887,-0.465459146268955
98.1061,0.220660217051815
98.1159,-0.344848320639699
98.1171,0.247081237957488
98.1195,0.221819776581924
98.155,-0.405706092981561
98.2149,0.0628244730285701
98.2227,0.288970770646287
98.2597,0.216831115286524
98.3283,-0.0114678217395152
98.3452,0.256131971109554
98.3612,-0.0515433750079808
98.3657,0.174704590078221
98.3726,-0.584488841691595
98.3901,-0.586491822396837
98.435,0.300323018652719
98.4546,0.163531639072161
98.5027,0.0186490530138315
98.5219,-0.0779618984921484
98.5387,-0.525377998934957
98.5411,-0.2526323322964
98.5423,-0.592467997174623
98.5477,-0.0810175705899496
98.5647,-0.0952329694590617
98.5738,-0.41125917904732
98.5845,-0.550183208811944
98.5862,-0.0983382557343191
98.6009,0.0589750706454595
98.6159,-0.00517896837891385
98.6652,0.194383968866305
98.6919,-0.310510248305661
98.7223,0.17348625269986
98.7235,0.0591843479651288
98.7236,0.180551090001714
98.7362,-0.584615960721109
98.7568,0.316889364373935
98.7987,0.0831688848925864
98.8011,0.0512945561068818
98.8067,0.0657958347211434
98.8506,0.314706761913158
98.8997,-0.300478457813469
98.9141,0.111488883562757
98.9272,-0.115117805063349
98.9366,0.11798596352925
98.9686,-0.520069434824364
99.0181,0.0506422355354772
99.0385,-0.268796075443248
99.0586,0.0524087525163424
99.0682,-0.519434492942864
99.1339,0.180457405027312
99.1469,0.0802510651344051
99.209,0.00794151721332526
99.2606,0.15865761204391
99.2683,0.118789688885883
99.2736,0.0779542572404921
99.3024,-0.492023562584436
99.343,0.229037667612033
99.3596,0.234225907426804
99.3983,-0.201498917822377
99.4341,0.0351836097332949
99.4376,-0.208821971005165
99.4397,-0.342475681773294
99.4741,-0.239379411927914
99.4855,0.211965382218793
99.5962,0.0852866414455491
99.598,0.053411358967125
99.5986,0.111020032726216
99.6038,0.181322745440056
99.6297,-0.461195517893614
99.6404,-0.351409951218088
99.7117,-0.367961655500153
99.7404,-0.115060246135172
99.7582,-0.377289735850738
99.7623,-0.550548507776256
99.7922,-0.182636459953656
99.8606,-0.00294210177045784
99.8687,0.22655334498225
99.8772,0.188028336838073
99.8902,-0.349045654922989
99.8903,-0.106523678724727
99.9458,-0.168150815305452
99.9662,0.0772753802826003
99.9689,-0.471135344749968
