0.1532,0.000358798390027615
0.1815,0.000304363669089203
0.1857,-0.000172869978202955
0.2256,0.00104747366404631
0.2304,-0.000246484708995659
0.309,0.00103297109889544
0.5317,0.000751125797118779
0.5828,0.00217678101954866
0.6413,-5.43321614804304e-05
0.7217,-0.000376290425695758
0.7737,0.00344694341758633
0.8168,0.00365368728058413
0.8352,0.00380627525718413
0.8756,0.000551927242215866
0.8934,0.00253348606359016
0.965,-0.00112534388226682
1.0163,0.00112851785686918
1.0306,0.00390942179953635
1.0323,-0.00116327176188746
1.0363,0.00453521298404502
1.0731,-0.00113470987059472
1.0895,-0.00109820476366118
1.097,0.00229770205088897
1.1128,-0.00105681653175016
1.1661,0.00443448972666638
1.1789,-0.00115976893970982
1.1852,0.00236777160960377
1.2067,0.00519609109794916
1.2535,0.00182529160833655
1.3064,0.00255438593530122
1.3189,0.00532899052725044
1.3259,-0.00147711371582937
1.3263,0.00421528856931275
1.3492,-0.0015727459515027
1.3507,0.000810711979329026
1.3728,0.00513744666437255
1.3884,-0.00100447958661309
1.3918,0.00451597244415858
1.3926,0.00599620526370259
1.3944,0.00187663122256554
1.4332,8.6051834639056e-05
1.4438,0.00691162752269769
1.482,0.00548703961936803
1.4827,0.0057727003062289
1.5064,-0.00176713344570878
1.5332,0.00586286921346324
1.5437,0.00715344630425307
1.5646,0.00756801477351154
1.5712,0.00634602114164196
1.6336,0.00789637631827178
1.6482,0.000150298047424613
1.6512,0.00738440057641543
1.6529,0.00289152801711001
1.6646,-0.000670772168666067
1.665,0.00784742667485627
1.6935,0.0019775052323705
1.7058,0.00345766211727261
1.7071,-0.00147202317606743
1.7259,0.0024539654443767
1.7307,0.00762313585815377
1.7657,0.00418082806635622
1.7823,0.000701683003940579
1.8182,0.00344455608745919
1.8285,0.00547496394487856
1.8594,-0.00151895600465313
1.8631,-0.00204493921832638
1.8667,0.00324685409859815
1.902,0.00883097316695425
1.9095,-0.00192755590175375
1.9155,0.00385853214281795
1.9164,0.0052155143069903
1.9289,0.00837403238730206
1.9305,0.00720411055760595
1.9345,-0.00215015680970576
1.9425,0.00873787714221397
1.9541,0.00163371549350311
1.9687,-0.00174375499889834
1.9745,0.000481480617125829
1.9862,0.00546337668039198
2.0185,0.00816226962553968
2.046,3.67535638545746e-06
2.069,-0.00223980503360943
2.0708,0.00372768156536241
2.0792,0.0100068126080117
2.0824,0.00795845085696767
2.1048,0.00160873564263309
2.1124,-0.00125317806065173
2.1221,0.000618241664164465
2.1235,-0.00134722435493018
2.1459,0.0101143209439498
2.1467,0.0086233912745004
2.152,0.00970612952037486
2.1629,-0.00187498158876442
2.1835,-0.00172814664338228
2.1853,0.00558503959872825
2.2078,-0.00094184478543502
2.2244,0.00486531770492959
2.2347,0.0105216864631239
2.2462,0.00319869571239195
2.2487,-0.00237976604938295
2.2638,0.0045020717663764
2.2651,0.010451837804899
2.2713,0.00222005577907902
2.2733,-0.00177117691737605
2.2762,0.00486077025711662
2.3028,0.00355253107529796
2.3089,0.010872005762439
2.3113,-0.00259185340174817
2.3397,-0.00249458917513534
2.3419,-0.00200001709054698
2.3427,-0.000189096371146835
2.3452,0.00943169986198233
2.3541,0.00746405975146747
2.3588,0.00143812239328245
2.3634,0.00342046252079919
2.3731,0.0069195981180088
2.3948,0.0110974709678171
2.3991,-0.00266826643343698
2.4093,-0.0027586371598094
2.4105,0.0116962939416365
2.4203,0.00676524030470382
2.4222,0.00149951063033482
2.4234,0.00955801123502198
2.4236,-0.00262807463985038
2.4263,0.00956415560767621
2.4464,0.0049932195583966
2.4604,0.00208682353218981
2.4723,0.000267854869772322
2.5117,0.00491843619089405
2.5155,0.0112810616519505
2.5213,0.00388763682544191
2.5239,0.0089938560659335
2.5368,0.0116015144158172
2.538,0.00244220319874078
2.543,0.00179523509538537
2.5473,-0.00163674313069295
2.5488,0.00963021643868789
2.5522,0.00899794954852018
2.5754,0.0123111179028994
2.5852,0.0110722703350814
2.5893,0.00674940974839888
2.5949,-0.000528529082789664
2.5964,-0.0029558547385431
2.6028,-0.00169968137158083
2.618,-0.00220346445221598
2.6241,0.0027113188003911
2.6346,-0.0029734351704449
2.6567,-0.00084516008143698
2.6573,-0.00027914277666552
2.6614,-0.00263104574361162
2.6761,-0.00198481819991292
2.6849,-0.00111790942422774
2.6938,0.0123078499025717
2.6987,0.00412661725969876
2.7062,-0.0024083691498693
2.7122,0.0107209686874357
2.7178,0.00535046911962311
2.7215,0.00981170062586445
2.7242,0.00354279219021203
2.7271,0.000191982850881178
2.7302,-0.00214234739641395
2.7364,-0.00185057520355691
2.7417,0.00375974605282181
2.7557,0.00986054459575669
2.7573,0.00634996732699156
2.7654,-0.00238845375273167
2.7715,0.00343145971799474
2.778,0.00853721959518383
2.7838,0.0134795030485586
2.7901,0.0127054309821619
2.7965,0.00916501515941226
2.7979,0.0122882417383976
2.8012,0.00641611148262955
2.8142,-7.74359199380292e-05
2.8198,-0.00321232480939138
2.8224,-0.000665206750295244
2.8228,-0.00326605697523297
2.824,-0.00288545809591767
2.8293,-0.0032531361098731
2.8317,0.000400796535608094
2.8372,0.0133272480554529
2.8464,0.00795893961755212
2.8479,0.0130289957909193
2.8547,0.0125455267610537
2.863,-0.000498893147335533
2.8662,0.0112001992434632
2.8706,-0.0021803287454687
2.8729,0.011662985622173
2.8736,-0.00249018374841947
2.8785,-0.00326945228457909
2.8921,0.00611959511298732
2.9077,-0.00109199365500245
2.9089,0.00413680626694068
2.911,0.013589872858244
2.9161,-0.00086527453886287
2.9166,-0.00118078897883622
2.9243,-0.00195157953536729
2.9252,0.0141547547664085
2.9266,0.000480818857654164
2.9298,0.00481505041418862
2.9517,-0.000952065451040873
2.9522,0.0124575248451797
2.9565,-0.0029495531619923
2.9596,0.0138173336142042
2.9695,0.00989887761216712
2.9707,-0.00144779375282544
2.9854,0.00500430791133155
2.9859,0.0143344244602432
2.9911,0.0130089092857699
2.9919,0.00566572707577295
2.9943,-0.00346125349649995
3.0007,0.000694121951916316
3.0025,-3.40472963848981e-05
3.0256,-0.00336741224320036
3.0317,0.0129954990577628
3.0395,0.00436641534010507
3.0445,-0.000357439617566069
3.0506,0.0146301706988234
3.054,-0.00312282345622705
3.0624,0.0108995033346937
3.0683,-0.00055861823933645
3.0695,0.00902191078405012
3.0872,0.0139259354219359
3.0908,0.0142218285192643
3.093,-0.000792469530770834
3.1025,0.0146688237930204
3.1128,0.00969785931849021
3.1243,-0.00356063586498756
3.1343,0.00429677229072034
3.1349,0.00483059270229225
3.1381,-0.00333215738936143
3.1385,0.00224259682633976
3.1416,0.00567506067964807
3.153,-0.00316251408586599
3.1579,0.00190154428637124
3.1747,-0.00286472408771399
3.1799,0.00356871654378121
3.1831,0.0153389208162484
3.2089,-0.00326997035790999
3.2127,0.00995587856563596
3.2327,0.0137885695489417
3.2347,0.012539545002102
3.2406,0.00895743896420376
3.2449,0.00787620942918377
3.2693,0.00801452628830246
3.2771,0.00424346908107243
3.2966,0.00353878147908482
3.2989,0.0101953312927345
3.3013,0.0103812374163574
3.3129,0.0147518512881497
3.3259,0.00602350557514697
3.3515,0.0131484226984866
3.3525,-0.00102465123133921
3.3696,0.0147700528091006
3.3781,-0.00147148572936384
3.386,0.0159698863162832
3.4061,0.00563561337060259
3.4224,-0.00383868189770942
3.4309,0.0159357480386766
3.4314,0.0164948662350519
3.4436,0.0144590103914854
3.4478,0.00563109720653276
3.4538,-0.00239052665725836
3.4598,0.0101608194882732
3.4621,-0.00287703859840782
3.4663,0.00566019877750623
3.4685,-0.00286553099615094
3.4714,0.00981860055429262
3.4724,0.0131751617671134
3.4789,0.0163946885712805
3.5045,0.00858817631701037
3.5216,0.000379503107685863
3.5257,0.0138695571798264
3.5426,-0.00370441876361483
3.5473,-0.00395538349943259
3.5497,0.0165676173491045
3.5632,0.0126356684419675
3.5678,0.0170588995209875
3.5681,0.0168695919610524
3.5731,0.0156565782251894
3.5912,0.016460793939383
3.5953,0.0116157035621653
3.5973,-0.0011950781498129
3.5992,0.0173981580396783
3.6019,0.0132674148365304
3.6035,0.0146140940202426
3.6078,0.0130692004058708
3.6139,0.0174301001834558
3.6159,-0.00294631111513111
3.6296,0.00700495185925032
3.6447,0.0116222422555001
3.6453,0.0065471536320274
3.6532,0.0078754712341258
3.6566,0.000127976150454234
3.66,0.0140951123792989
3.6616,-0.0041821533777151
3.6639,0.0168093603169357
3.6775,0.0153560140962519
3.6833,0.0108481317805431
3.69,0.000529141737831917
3.7091,0.0149941754529221
3.7132,0.0143347846854209
3.7372,0.0116870563727587
3.753,0.0120387105506388
3.7634,-0.000504004807866387
3.7649,-0.00401850329048337
3.7709,0.0161362624999155
3.7921,0.0170417060601813
3.7983,0.0147745225613951
3.8031,0.00558969283748079
3.811,0.00730027952103196
3.825,0.0143697773327025
3.8376,0.0169898122846885
3.8391,0.0167641676279788
3.8411,0.0168206526294834
3.8519,-0.00293452444255138
3.8519,0.0171387433075494
3.8533,-0.00173352002709493
3.8683,0.000334345872821995
3.8744,0.0158642841407741
3.8993,0.00635699941711421
3.905,0.00487662692441493
3.9076,0.0179612988266222
3.9279,0.0160953149833629
3.9368,0.0105902260553838
3.938,0.0045121677776363
3.9466,-0.00373670476270904
3.9475,0.00709519068987374
3.9586,0.0189875590737993
3.9671,0.0169230633937949
3.9722,-0.00206197639229266
3.9728,0.017543866344377
3.9778,0.0055498997461525
3.9785,-0.00396748442802641
3.9806,0.012523017823876
4.0015,0.0114040715857597
4.0037,0.0124365258761934
4.0052,0.00297130072769392
4.0098,-0.00076875956891076
4.0105,-0.00256226696299588
4.0168,0.0145852297936395
4.0201,0.00867074168067461
4.0247,0.00721884029286102
4.0372,0.00655370893557894
4.0467,-0.00463187249993435
4.0474,-0.00285940607443624
4.064,0.000751109772144432
4.0708,0.0127238600583857
4.075,-0.00454015803715979
4.0978,-0.00276056812157766
4.0986,0.0176167232815292
4.1045,-0.000860979942993723
4.1106,0.0184349081724724
4.1144,0.00939042435278825
4.1148,0.00945051306913847
4.1448,-0.00394117898933732
4.1453,0.0197072712722504
4.1503,0.00969220985681396
4.1524,0.0167944768857593
4.1539,0.0158052808307021
4.1576,0.0190133500765173
4.1622,0.0170976377476526
4.1717,0.00304044865917508
4.181,-0.00450494060781992
4.1887,0.0144559262646418
4.19,0.016835626106193
4.1997,0.0196938216969809
4.2288,0.000744884890871766
4.2303,0.0151596425810272
4.2311,0.00213267093351721
4.2372,-0.00487592438182638
4.2496,0.00944142983829011
4.2503,0.000167574006618487
4.2781,0.0154038621096877
4.2806,0.00868765091121659
4.2942,0.0127690201719055
4.3077,0.0194023869376787
4.3133,0.0132174446456768
4.3355,0.0177513119865784
4.3356,0.0199393060490012
4.3379,0.0191346140197153
4.344,0.000567016111348018
4.347,0.00987734766059667
4.3556,0.0157760134054685
4.3608,0.0169788634590704
4.3615,0.00336615725437728
4.3677,0.0140472061588071
4.3721,0.0179818477754221
4.3839,-0.00341081080271888
4.3846,0.0197692694510998
4.3924,-0.00396674776039063
4.4001,0.0161990035563573
4.4247,0.0213133854163425
4.4252,0.00247884599101145
4.439,0.0141779222975282
4.45,0.0202909548244987
4.4576,0.0122772221500735
4.4629,0.0171278628785325
4.4667,-0.00265039700028868
4.469,-0.0028527736296784
4.4728,0.0121217014842001
4.4904,0.0141437043546855
4.4951,0.0211600633399165
4.508,0.0217708767685627
4.5175,-0.000765928884350231
4.5194,0.000400718034616609
4.527,0.0066427060388321
4.5308,-0.000399544479269487
4.5348,-0.004450712049894
4.5407,-0.00257779659504909
4.5408,0.0129106563299439
4.5461,0.0216177076098472
4.5473,0.0144607786208324
4.549,0.00350650052272172
4.5496,0.0219630301097249
4.5603,0.00601131863670457
4.5655,0.0173940767104632
4.5719,0.00701528026710285
4.5779,0.0199282739186364
4.579,-0.0038314843385665
4.5795,-0.00389095300076558
4.5817,0.0128381079465925
4.6024,0.0221510074270297
4.6056,0.0204337579921825
4.6057,0.0184399067218664
4.6062,0.0118591033652899
4.6094,0.0175072170613007
4.6101,-0.00168093078395248
4.6152,-0.000841314755304801
4.6252,0.015711624053905
4.6297,0.00884598595109498
4.6369,-0.00518549012915948
4.6392,-0.000554450539587137
4.6397,-0.00189305743392865
4.6534,0.0158535974730762
4.6591,-0.000851200082388814
4.6758,0.00812654393312773
4.6769,0.014400262446749
4.68,-0.00521220614139217
4.6831,0.000820762959994781
4.6833,0.00409615333546132
4.6835,0.00807854834739352
4.6906,0.0226193227671274
4.6958,0.0218839686707941
4.6989,-0.00535921884676593
4.7095,-0.00126199238130642
4.7166,-0.00314987883385598
4.719,-0.00439033188087734
4.7261,0.0224535567496149
4.7312,0.00990628847828123
4.7316,-0.00474819791289072
4.7609,-0.00142581604833847
4.7662,0.0179759362681207
4.784,0.0119941314056922
4.7893,0.0197362310285598
4.7909,0.0150210437177138
4.7967,-0.00113853104791239
4.8004,0.00491249481908085
4.8099,0.0114693260500607
4.8119,0.0201791970314309
4.8122,0.000662747364038374
4.8195,0.0226533049059503
4.8264,-0.00502135866153264
4.8442,0.00949360248342135
4.8445,0.0194131147753582
4.8516,0.0202528192687081
4.8616,-0.00561807432060402
4.8653,0.00273007947188031
4.8678,-0.00165620097964592
4.8688,0.0156527871083494
4.8689,0.0205314837206156
4.8754,0.0221054445683615
4.8793,-0.00542310454041051
4.885,-0.00439851147180992
4.8893,-0.00511352084306615
4.8976,0.0189400787500551
4.909,0.0167095342692445
4.9094,0.00365528656181091
4.9096,0.0071292387101165
4.9146,-0.00333423586465109
4.924,-0.00515703639459808
4.9317,-0.00571912717825374
4.9372,-0.00147772033483307
4.9374,-0.00277633605164596
4.9404,0.0196349331178443
4.9411,0.0117205150090864
4.9426,0.00732911476968123
4.9657,0.00751466126181555
4.9683,0.0104796998283634
4.9687,0.000231435653036627
4.9976,0.0232640883174486
5.0013,-0.00524851415390692
5.0029,-0.00349135284159097
5.0072,0.00118302024509642
5.0131,0.0151494061681046
5.0267,-0.00557318305104193
5.0303,0.00447125658015946
5.0306,0.0165049977436889
5.0348,0.0221615082091056
5.0408,-0.00298749674248011
5.0436,0.00720115069492966
5.0457,0.0118560834816304
5.0466,-0.00570146096526258
5.0491,0.0217676980648962
5.0499,0.0140651969704706
5.0515,-4.70846646134504e-05
5.0532,0.011780011575639
5.0558,0.00299060847718913
5.0586,0.0102755528315699
5.0592,-0.00529098552207152
5.0679,0.0231933050477409
5.0698,-0.00583544003907921
5.0706,0.0212105940165461
5.0734,0.0148129687306424
5.0859,0.0199885702701215
5.0921,0.0238625937796293
5.0978,-0.00558205944002843
5.1013,-0.00243884198989974
5.1233,0.0145587772432503
5.1289,-0.00548851118333538
5.1457,0.000812192888400176
5.1521,0.0216402698561762
5.1704,-0.00273092264960262
5.1708,0.000239199846936877
5.1766,0.0210456220469348
5.1985,0.0197125022841451
5.2056,-0.00594581608036737
5.2136,-0.0014643359489197
5.2159,0.00181962073189812
5.235,-0.00029962258773697
5.2441,0.0222623071154366
5.2663,0.00466439874982871
5.2779,0.0192861294124285
5.2983,0.0197750533041994
5.301,0.00149338149033529
5.3045,-0.00585730058569389
5.3063,0.0244553715277096
5.3094,0.021509881832519
5.3104,-0.00476167052055221
5.3168,0.0183423328642833
5.3471,0.0241257302127833
5.3524,-0.00523543464863785
5.354,-0.00103986229713726
5.3542,0.0216385141004993
5.3603,-0.004907649113985
5.3631,0.0159376570480747
5.365,-0.000280381974429922
5.3661,-0.00354643276824085
5.367,0.0241429645598075
5.3788,0.00786548276029908
5.387,-0.00123228001796516
5.3889,0.0161721415891689
5.3946,0.0261194335981818
5.3988,0.0173538709960548
5.4022,0.0117224043697801
5.4096,0.0173980615907556
5.4109,0.0176328988110104
5.4153,0.0223042276926098
5.4185,0.0242102008050544
5.4336,-0.00400819587579271
5.4392,0.0178783765380111
5.4422,0.0251790954218398
5.4499,0.0142377890994778
5.4537,0.0196227800975057
5.4659,-0.00324347131885094
5.4777,0.022621323160962
5.4812,0.0183140401909165
5.483,0.0209798315135838
5.4855,0.0182456607889181
5.4929,-0.0039542858713002
5.4974,-0.000247586166953973
5.4994,-0.00151603726967053
5.4998,0.00777822662641192
5.4999,0.00729790272809971
5.5158,0.00534405849121278
5.5197,0.0245612736038456
5.5223,0.0201908250632261
5.5255,0.0140352141797289
5.5273,0.023277090700212
5.5281,-0.00317665379605181
5.5362,0.0267156455631214
5.5389,0.0196487303276323
5.5429,-0.00264272119641973
5.5474,0.0264745858995177
5.5484,0.0267675139640788
5.5518,0.0267309799292761
5.554,0.0165071278186844
5.5592,0.0145863162345661
5.5653,0.0136672649428435
5.5654,0.0266571607401787
5.5669,0.00906851772102968
5.5677,0.00623832798831536
5.5691,0.0246732677796322
5.5782,-0.00274762548093488
5.5833,0.00513228916331787
5.5847,0.0236596226235131
5.5863,-0.00323987068611675
5.5878,0.021776631383192
5.5916,0.000696161016473518
5.5951,0.0188940016131403
5.5995,0.0270708977436884
5.6014,0.0201213351251655
5.6042,0.0223874375477271
5.6117,0.0102834933078242
5.6163,-0.00532242679247918
5.6183,-0.00286197270077349
5.6193,-0.00313159339260149
5.6255,0.0146124861748484
5.6309,0.00136892148792178
5.6411,0.00442025573387905
5.6522,0.025190023883324
5.6655,-0.00596614217782854
5.6679,-0.00615438828245463
5.6696,0.0123587121827216
5.6744,0.00935079813304895
5.6846,0.0212746420641228
5.6928,-0.00649904113841426
5.6946,-0.00589059439881012
5.7076,-0.00633784974631979
5.7095,0.0194507026784203
5.7114,0.0272952471759114
5.7143,-0.00339480706169404
5.7172,-0.00260487129984366
5.7249,0.0138156154114499
5.7283,0.0210164603097462
5.7417,0.00811221383007599
5.7433,0.0247703354600102
5.7625,-0.00609755827617331
5.7639,-0.000684320931182647
5.7679,-0.0024771051538206
5.7768,0.0179203937013703
5.7792,0.0200468720691145
5.7859,0.0199003326182687
5.7865,0.00224963309701209
5.7883,0.00840122482802741
5.7923,-0.00609984659993579
5.807,0.0215473867010054
5.8125,0.0278303222556078
5.8313,0.00396259193453563
5.8373,0.00479765024763879
5.8394,0.0242521232761232
5.8446,0.02669181767408
5.8532,0.0196662341929583
5.8552,0.0198564942592032
5.8631,0.0125065288874007
5.864,0.000880191121929386
5.8761,0.0251662475240257
5.8781,0.00937114643613324
5.8809,0.00166731394639719
5.8834,-0.000544554560277355
5.8898,0.0223768277010157
5.9072,-0.00540166264321673
5.9084,0.0284845980793715
5.9087,-0.00215230309497194
5.9117,0.000172560124350518
5.9245,0.00386756082832296
5.9288,0.0286089691241997
5.9341,0.00760198292107095
5.935,0.00732860669596747
5.9392,0.00600839612530812
5.9433,0.0285574785724965
5.9572,-0.00627714220293818
5.9641,-0.00431734639724546
5.9658,0.00019399935231057
5.9712,-0.00682407905906501
5.9997,0.0284129160589996
6.003,-0.00687323836134279
6.016,0.0152598443588543
6.0166,0.0239581811504417
6.0193,0.028910012057743
6.0194,0.00940423423530579
6.0195,0.0284158398971508
6.0196,0.0290331130426269
6.0235,0.0248471925026204
6.0382,0.010273746415856
6.0402,-0.00696947510605384
6.0538,0.00492455149872573
6.0538,0.017972457967077
6.067,0.00293290588873951
6.0922,0.0213614465073686
6.0974,-0.00225863253176506
6.1025,0.0168614513024821
6.1105,0.00241883750448668
6.1124,-0.00449936491918468
6.1144,0.0199148083410376
6.1215,0.0256234749481274
6.1267,0.0222241333300994
6.1297,-0.00599358984125065
6.1431,-0.00704692583575373
6.1574,0.0179544728005174
6.1579,0.0270081698351676
6.1634,0.0276677506149863
6.1654,0.0297237378716
6.1746,0.0227632505963351
6.1889,0.0192364868142683
6.1939,0.00754522763786358
6.1987,0.0132631802520429
6.203,0.0156260109524045
6.2183,0.0267314178336102
6.2234,0.014873799462281
6.2311,-0.00608987201851363
6.2328,0.00896885008392623
6.2381,0.00676545337249479
6.2388,-0.00713118432118787
6.2395,-0.00532521359102667
6.2399,-0.00344426609760706
6.2617,0.0299059613916883
6.2739,0.00996431500093564
6.2762,0.0292578573882727
6.3024,0.0167512841549939
6.3035,0.00257771487272773
6.307,0.0167411073515247
6.3129,0.0275802807356884
6.3151,0.0248845271875133
6.321,0.0150695760928636
6.3268,0.0279128159247692
6.3281,-0.00131198538261845
6.3308,0.0283190632543553
6.331,0.014049641546432
6.3407,0.0304684234577905
6.3418,0.00398372357093457
6.3613,-0.00731060542810447
6.3825,0.0304619937964468
6.3857,0.006981361522584
6.3867,0.015568871025299
6.3913,0.0104589550558591
6.4036,0.0267451457952586
6.41,0.0303917230164945
6.4139,-0.00736943501683474
6.414,0.0279682589464407
6.4143,0.0300719062465644
6.4207,0.00520098720720163
6.4246,0.013077501482921
6.4305,0.0307397443769828
6.4332,0.0300340597644695
6.4384,0.0182208104734967
6.4474,-0.00720802244377605
6.4482,-0.00423876523047273
6.4497,0.0311227460827537
6.4551,0.0228962323103987
6.459,-0.00403685760498629
6.4592,-0.00653499360165188
6.4659,-0.00693698026962775
6.4801,0.0311323261079623
6.4894,0.00846681571145425
6.5004,0.0110436974519112
6.505,-0.00743097737327503
6.5067,0.025107756331086
6.5289,0.000345353965135686
6.5371,0.0299539917188012
6.5384,0.0268431647938234
6.5504,-0.00566065282643091
6.5528,0.00530217060222871
6.5535,0.0199820712554919
6.5553,0.0286974488216005
6.5579,0.0231001678260405
6.5641,-0.000957222929689472
6.5641,0.0111343577189196
6.5752,0.0315896232565285
6.5801,-0.00119513624415468
6.5803,-0.00760120134784525
6.5843,0.0203825885920024
6.5979,0.00622770974080122
6.6065,0.000265295655697884
6.6091,-0.00382674374679404
6.6104,0.0140701042021565
6.615,0.0276023955035782
6.616,0.0211097844741657
6.6164,0.000314169091875982
6.6414,-0.00544345640152599
6.6435,-0.00415002964640632
6.6517,0.032150125374514
6.6535,-0.00197563422757252
6.6588,-0.00243206680603425
6.662,0.0228917930620911
6.6632,0.0129438104170294
6.6689,0.0161970050825273
6.6689,0.00105889091991429
6.6695,0.00750329650409309
6.6766,-0.00338067758027272
6.681,-0.00360411924636939
6.6812,-0.00723820037305423
6.6935,0.0112293240259778
6.6936,0.00415560848539442
6.6939,0.00408661247125863
6.6983,0.0275848339286169
6.7054,0.0284848066415266
6.7148,-0.00769047204891837
6.715,0.0322733692887542
6.7156,-0.00672965393613456
6.7276,0.00803861455532306
6.7277,-0.00623155260192476
6.7301,-0.00538110049618545
6.7323,0.0100658079169609
6.7328,0.003655100305342
6.7336,0.0319521181284319
6.7382,0.0252542720784179
6.7412,0.00948861252470312
6.744,0.0299277711774364
6.7461,0.0210906737114707
6.755,0.00318883774906986
6.757,-0.00127237467098773
6.757,-0.0077138458123942
6.7575,-0.00316637053350721
6.7584,0.0324342506102422
6.7644,0.00146652491368293
6.7682,0.00632293987065147
6.7747,0.00756586801425563
6.7773,0.015082745231445
6.7786,0.0281259289608018
6.7815,0.00624919286267733
6.7846,0.0296456644605598
6.7856,0.0192366480017965
6.7874,0.0327267979702848
6.7877,0.0311756240968393
6.7882,0.0190842744674145
6.7889,0.0184095763820711
6.7897,-0.00778824791336152
6.7909,-0.00535556250073199
6.791,0.0235049997829169
6.7954,-0.0016880305879825
6.8016,0.00454970390102449
6.8064,-0.00781593270001935
6.8122,-0.00595479550099665
6.8159,0.0308429720111771
6.8171,0.0148698223010131
6.8191,0.0121799022372899
6.8264,-0.00650551970465951
6.8295,0.0291518217164608
6.8334,-0.0076277997907388
6.8379,-0.00612947783929396
6.838,0.0329460704043258
6.8415,-0.0076148049059066
6.8443,0.0147146924896768
6.8449,0.0331029374303204
6.8452,0.032934593844983
6.8491,0.00359454346643773
6.8492,0.0330466320314571
6.8511,-0.00789205501273127
6.8519,0.0314770184185829
6.8577,0.0138318797216277
6.8593,0.0222694151752654
6.8596,0.0117282583657206
6.8599,0.0327770069361577
6.863,0.00875767868742816
6.8641,0.00964722945838759
6.8712,0.00707968661056846
6.8835,-0.00497345280958061
6.884,-0.00690101726807502
6.8862,0.023575878196656
6.8883,0.0328984402621639
6.8884,-0.00721221104438996
6.8982,-0.00358637738624168
6.9108,0.026273581526878
6.9148,0.0280178704404621
6.915,0.000303062544653621
6.9172,0.0139237949334463
6.9258,0.0289436011567989
6.9267,-0.00795238806951026
6.9288,0.0320158691324997
6.9295,0.0101495949581798
6.9388,-0.00244599956013225
6.9436,-0.00788319243092417
6.9438,0.0198855823279462
6.9478,-0.00748680040534477
6.9506,0.00546644813447372
6.9513,-0.00794387163719268
6.9521,0.0333608447711535
6.9548,0.0315474051274318
6.9589,-0.00656714260811775
6.9601,0.0323662174452366
6.9605,0.00930367075056715
6.9639,0.0193009394904866
6.9706,-3.94934994263352e-05
6.9758,-0.00513586021743428
6.9779,0.0101958348696485
6.9888,0.0302610880780936
6.9906,-0.00493811595815608
6.9912,0.0274969495564328
6.9929,-0.00463399404878562
7.0044,-0.00605678140498878
7.0067,0.0111861998443867
7.0073,0.0327301005234037
7.0093,0.0235270227308018
7.0109,0.000382870218561315
7.0155,0.0332457436914373
7.0223,0.0339025557002719
7.0229,0.0128817631863534
7.0297,0.0208945474358035
7.0375,0.0339183109995389
7.0408,-0.00235327006539787
7.0489,0.00495696459143513
7.0512,-0.00331021676870513
7.0539,0.0130969277035238
7.0548,0.0125106127601793
7.0552,-0.00655100937932751
7.0554,-0.00762933262744525
7.0565,0.033624970334567
7.0815,-0.00637084594205017
7.0913,0.00824244738432878
7.1114,-0.000702525669621146
7.134,0.0310033837468406
7.1344,0.0341186612770148
7.1417,0.0338210601961331
7.1474,0.0320508140188975
7.1485,-0.00771916923539084
7.1508,-0.00812269519760278
7.1549,0.00955915534454732
7.1559,-0.00621264267979171
7.163,-0.00707968759636302
7.1679,0.00858641449990838
7.1782,0.0197550256926489
7.179,0.0225191554752673
7.1832,-0.00321755113998545
7.1866,0.0210987721881333
7.1924,0.0334195204113934
7.1998,0.0319495644189889
7.2003,0.0346675525898341
7.2007,0.0340179454077214
7.2083,0.0285934351408805
7.2193,-0.00799517514179637
7.2302,0.00308904405252441
7.2469,0.0315411472322662
7.2475,0.016361856022284
7.2475,0.00581232801263543
7.248,-0.0031763949091852
7.2504,0.0340792369299638
7.2541,-0.00270697614982041
7.2565,-0.00355927471041895
7.2601,0.0242209552310362
7.2636,0.00102881565971114
7.2683,0.0130849405120124
7.2786,-0.00539760968872471
7.2801,-0.000610737824390917
7.2823,0.03514125421286
7.292,-0.00321252961970053
7.3027,0.00708117848431122
7.3035,0.0186349040995442
7.308,0.0276693421491077
7.3116,-0.0039543339640371
7.3135,0.0171680878178782
7.3197,0.0320660667912476
7.3286,-0.0068542070975699
7.3306,0.020503249355234
7.3368,-0.00445509924933685
7.3372,-0.00312767845756667
7.339,0.0306947248578791
7.3416,0.0132112400001025
7.3434,-0.0042465906816096
7.3463,-0.00323993068717954
7.3531,0.0158191881559357
7.3542,0.0335362053523243
7.3556,-0.00849244638573232
7.356,0.0249334946631539
7.37,0.0260850984238239
7.37,-0.00302642224375216
7.3714,0.0240162283791996
7.3724,0.0319019719256195
7.3738,0.0356593895262227
7.3738,-0.00794567082668163
7.3769,0.0113569950695398
7.3773,-0.00761060753796095
7.3826,0.019871297666799
7.3834,-0.00843380235082591
7.3927,0.0189542843923771
7.4011,0.0212471277715478
7.4014,-0.00631814640187045
7.4018,-7.38708061023274e-05
7.4062,0.0223780535959799
7.4079,0.010646685771909
7.4138,-0.00783523989230694
7.416,0.0356935204996764
7.4163,-0.00804175040293131
7.4238,-0.00685732799045979
7.4325,0.023532093418714
7.4327,0.0334103101028358
7.4386,-0.00726150493110111
7.4394,-0.00731985235917954
7.4508,0.0287525462815719
7.4552,-0.00841831827976325
7.4584,0.00539078388224556
7.4605,-0.00274956647632418
7.4626,0.0359017223351419
7.4644,0.00772004066501975
7.4645,0.0358638637275455
7.4652,-0.00702755773265018
7.4653,-0.00829996060478155
7.4654,0.0317940286489273
7.4668,0.00108778950795418
7.468,0.0312275417982564
7.4692,-0.00800937587417216
7.4706,0.00929489161566277
7.4759,0.0114027999459445
7.4791,0.034584293357117
7.4796,0.0134635537737209
7.4807,-0.00179998570739848
7.489,0.0360504076717136
7.4934,0.0266331467577832
7.4946,0.00427396275530789
7.4969,0.0267360419955622
7.5005,0.0148629260772655
7.5049,0.0187771161991614
7.505,0.0258541405099528
7.5071,0.0314141014363489
7.5125,0.0357209718016547
7.5126,0.0236707457067586
7.5136,0.0353541396708534
7.5227,-0.00861598881165193
7.5363,-0.00092272838906915
7.5408,0.00365402025646411
7.5448,0.0261997039833295
7.5538,0.0143701949310362
7.5545,-0.0018121834335032
7.5603,0.0365364738593916
7.5621,-0.00810686056962595
7.567,0.0324303315924892
7.5686,0.0317420608933627
7.5742,0.00883908908807207
7.5747,0.0344958591388798
7.5765,0.0365894030050082
7.5829,0.0303757691329265
7.6027,0.0350308424845398
7.6065,0.0361680155612554
7.6139,0.0227889905634973
7.6157,-0.00434976154061495
7.6157,-0.00644130772418983
7.6168,0.00994639096638661
7.6191,-0.00460765742564551
7.6245,0.0215558110317948
7.6293,0.0319201395206417
7.6321,0.0163258455315578
7.6337,0.0157184239704531
7.6338,-0.00568667851770588
7.6343,0.00450064701034059
7.6356,0.0262788930350135
7.6383,-0.00655214950043526
7.6428,-0.00824718594362928
7.6488,0.0369390518604833
7.6505,0.00769413799901919
7.6524,0.0260974889431722
7.6711,0.00357879521666415
7.6711,0.0301881696314297
7.6719,0.0135816936243964
7.6754,0.0116042829358509
7.6782,0.00149436156298322
7.68,0.0178058123142639
7.6822,-0.00597284972866863
7.6839,0.00725762865684931
7.7098,-0.00818609433704776
7.7113,-0.00611318338477229
7.7129,0.00230759788867729
7.7132,-0.00290987004457754
7.7152,0.00143110585547834
7.721,0.00642149997534514
7.7234,-0.00890349346451291
7.7253,0.0170803870917471
7.7257,0.0337507780216217
7.7281,0.0139577244825544
7.7291,0.0333761863479474
7.7318,-0.00391674971475187
7.7321,0.0314115839261238
7.7361,0.0332676708533421
7.7407,0.0328149014290462
7.7422,-0.00695820937183456
7.7449,0.00249057495530902
7.7475,0.0145406300347455
7.7514,0.0368461320304698
7.755,0.0269293043263303
7.7569,0.0304040512148989
7.7623,0.0373797740152302
7.7647,-0.0059377911885008
7.7664,0.0128173224991279
7.7692,0.0327051436971182
7.7721,0.0345821280909151
7.7771,0.0241475211931474
7.7785,0.0140976717538814
7.7814,0.00843551609279114
7.7888,0.00288239160103565
7.7925,0.0368787432071285
7.7952,0.00955708671427224
7.8022,0.0263099925821679
7.8034,-0.00144667523295272
7.8068,0.0173482763407184
7.809,0.0117512540993401
7.814,-0.0026037655036566
7.8169,-0.00609616715552264
7.8272,0.00694756079166758
7.8282,-0.00355171323656922
7.8298,0.0195912036812027
7.8313,-0.000430137719126478
7.8353,0.0323776039974968
7.8359,0.0310149399422555
7.8394,0.00245952133330807
7.8438,0.00139277528492787
7.844,-0.00727936588158951
7.8455,0.0309470804944558
7.8465,0.0154647289769949
7.848,-0.0060599031258457
7.8512,-0.00625247589205546
7.8538,-0.00286203163149512
7.8579,-0.000218199183506407
7.8583,-0.00894716201398627
7.8596,-0.00172915038845112
7.8614,0.034113633083094
7.8668,-0.00847666320771445
7.868,0.025350310881568
7.8682,0.0343751745003962
7.871,0.0275073708446847
7.8774,-0.002732699340668
7.8831,0.0291011620476871
7.8856,0.0218629820271516
7.8882,0.022122738424323
7.8912,-0.00556724168860345
7.8912,0.0325789531102432
7.8937,-0.00137345328737748
7.8937,0.0138090295522524
7.899,0.00292829824999608
7.8996,0.0334193039605983
7.9001,0.0107483978929688
7.9004,0.00408867765614129
7.9082,0.00499313061738427
7.909,0.0318737998754584
7.9099,-0.00530886262820118
7.9192,0.019830096696194
7.9249,0.0294215397039412
7.9308,-0.00879893022128719
7.9311,0.018458154369136
7.9398,0.0149165686486654
7.9418,0.0234787267780421
7.9534,-0.00910857938012821
7.9591,0.0138058321296777
7.9594,0.00109927328350601
7.9613,0.0375632220133397
7.9683,-0.000781120231271082
7.9714,0.0204790117005915
7.9792,0.0314639753067265
7.9798,0.0131835580507884
7.9833,0.00288351984197188
7.9944,0.00959823252454228
8.0009,0.00529428662374798
8.0038,0.0240197518043583
8.0045,0.0318536220538297
8.0057,-0.00883249253128859
8.0095,0.0386742460172433
8.0195,-0.00821646161809397
8.0308,-0.00234810881881131
8.0402,0.0387518100296003
8.0421,0.0374925093697911
8.0429,0.000130689127663786
8.0465,-0.00766357301473164
8.0499,0.0239098247715699
8.0626,0.0352102648640589
8.0641,-0.00106192014318474
8.0656,0.0389125811735429
8.0662,0.0272112095674188
8.0669,0.035977937007095
8.0745,0.00365806081511444
8.0769,-0.00931407849027899
8.0781,0.0248355563450176
8.0787,-0.00872697029531011
8.0816,0.0348344892744521
8.084,0.0390534011531631
8.0856,0.0154580805920475
8.0869,0.00326742399193058
8.0883,-0.00931464440081697
8.0984,0.0124152488659206
8.1006,0.0303098289406449
8.1008,0.0069104245808429
8.1022,0.00348795248860689
8.1024,-0.00170996642500931
8.1053,0.039192926343766
8.1065,0.0296474242015954
8.1074,-0.00818670088473716
8.1156,0.025008900266533
8.1156,0.0361025925181284
8.1214,0.0110453550523602
8.1234,0.032581487098966
8.1242,0.0309741764988178
8.1257,-0.00161985010965182
8.1276,-0.00265145588272553
8.1324,-0.00927106952251755
8.1347,0.0253853661989307
8.1371,0.0373430752138972
8.1438,0.0125247239060204
8.1468,0.01597330519688
8.1489,0.0186805320482222
8.1527,0.00166996853244861
8.1559,0.00355673092613706
8.1561,0.0341812371324064
8.158,-0.00773136301581623
8.1585,-0.00152949389121027
8.163,0.0371848097903964
8.1646,0.0376034574190118
8.1672,-0.00939389068244445
8.1715,0.0321093402089154
8.1735,-0.00866601753608975
8.1765,0.0273186709619271
8.1798,0.0048494932882992
8.1799,0.0310368765463682
8.1821,-0.00452526392400543
8.1826,0.00105247237650019
8.184,-0.00243643780362923
8.1842,0.0393697696673883
8.1849,0.0327251005506142
8.1885,0.027531883555179
8.1893,0.0283609068478192
8.1913,0.0283518802542968
8.193,-0.00759831980428238
8.1953,0.0378185694480884
8.1956,0.0156317884344315
8.1981,0.0236825908538094
8.1983,-0.00663535543953842
8.2009,0.00698003862803098
8.2042,-0.00751264245318772
8.2058,0.0323016575147754
8.2067,-0.00927747224585929
8.2074,0.00873369374764721
8.2085,-0.00931078855273348
8.2103,-0.00713378376114981
8.2127,-0.00877553314867185
8.2134,0.004740425257447
8.2135,0.00421576302194104
8.2151,0.00683021557855135
8.2253,0.00266862311412375
8.231,0.0377295657036818
8.2323,0.0153066785052332
8.2377,0.0215555325076053
8.244,0.0137704265698932
8.2461,0.0397495161696995
8.2516,-0.00893163613958059
8.252,0.00255251601522133
8.253,0.0148767171578008
8.2562,0.00012424831475677
8.2575,0.0390164446887429
8.2581,0.0350364578012137
8.267,0.0106111100078987
8.2694,0.0364752161531925
8.2702,0.0308562868400646
8.2744,0.00620774685829062
8.2752,0.0311514098682046
8.2754,0.0142102417913037
8.2791,0.0214437247676713
8.281,-0.00202906323967689
8.281,0.0100963522331394
8.302,0.00986612186730795
8.3068,0.00165162125151852
8.3078,0.00273054218953206
8.3083,-0.00206964639892249
8.3085,-0.00956727632005538
8.3159,0.00728919482613932
8.3163,-0.00961103262716634
8.3199,-0.000116058885094361
8.3233,0.0359785853657257
8.3233,0.0270096361531991
8.3348,0.0324666620503606
8.3391,-0.00956762189687943
8.3414,-0.0077236294435572
8.3416,-0.00583337623742253
8.3422,0.00618550774593096
8.3445,0.0257889419535307
8.3447,0.00256272219987075
8.3491,-0.00845930089087688
8.3498,-0.00736097817349268
8.3544,-0.00688316392900035
8.3547,0.0161334684674959
8.3589,0.0285948969892633
8.3674,0.0117156047985638
8.3778,0.014305669795986
8.3779,0.00130276959925268
8.3868,0.0404452116956673
8.3908,0.0400043465388649
8.3955,0.0401817006889136
8.396,0.0178735419068747
8.399,-0.00925600407953731
8.4001,0.0241276457364759
8.4041,0.0403217216419858
8.4055,-0.00726232710881902
8.4065,0.00943774974415845
8.4122,-0.00246691244728403
8.4157,0.00026669155245429
8.422,0.0379519149914369
8.4245,-0.00583153764794098
8.4318,-0.00281427439103155
8.4332,-0.00257687659830808
8.4357,0.0403545534508023
8.4374,-0.0072715158575356
8.4407,-0.00556313178298851
8.4481,0.00900759291923414
8.4483,-0.00960118989445569
8.4547,-0.00233665877279243
8.4554,0.0214486654501336
8.4567,8.26402545772709e-05
8.468,-0.00646416527239602
8.4723,-0.00706429882803228
8.4769,0.00484285384549565
8.4779,0.019848155773845
8.4836,0.0143393281037429
8.4875,0.016739773504387
8.5032,-0.000447142585917604
8.5053,0.0410423359997232
8.5074,0.0217001678517423
8.5094,0.0333398671534226
8.5198,-0.00880715362985995
8.5214,-0.00923394117945087
8.5294,0.021264839159981
8.5323,0.0263313098438829
8.5396,0.0203482676781519
8.5439,0.0297858150371262
8.5523,0.0381011063949845
8.5542,0.0109050927435064
8.5565,0.0326257955891229
8.5609,0.0413659752027975
8.5634,0.0251034265558197
8.5686,0.0062901018839927
8.5714,0.0407065229149417
8.5725,-0.00298710824458404
8.5733,0.0269826668672479
8.5751,0.0341403259221718
8.5801,0.0076588864496312
8.5877,0.0408486934904726
8.5889,-0.00718125381859913
8.589,-0.00976053090029261
8.5971,0.0353380466527486
8.5984,-0.00997777754579587
8.6077,0.0304669733641543
8.6147,0.0373384780669053
8.6147,0.0317613023054779
8.6156,0.0416610924231513
8.6181,0.0150815739342018
8.6221,0.00623396865737114
8.6246,0.00288244317149022
8.6253,0.0268702277935677
8.6308,0.0410657381897597
8.6318,0.0328161426600371
8.6376,-0.00318334049853064
8.6389,0.0168863906964791
8.6426,-0.00880218914555364
8.6432,0.0027593997483244
8.6471,0.0234121841998256
8.6474,-0.00018763773428887
8.6509,0.0396130203070051
8.6511,0.0417824771530935
8.6529,0.0380373970577761
8.6591,0.038356396346094
8.6593,0.0418960434420121
8.6611,0.0414645188292599
8.6659,-0.00360802632724955
8.6673,0.0403967796378915
8.6783,-7.55830240706246e-05
8.6852,0.00184144718813961
8.6881,0.0319656322124082
8.7041,-0.00702614253270184
8.7065,0.0379029675942046
8.71,-0.0046175479679551
8.7182,0.0301020394969118
8.7197,0.017521716050938
8.7199,-0.00386704881585764
8.7279,0.0422222710611049
8.7337,-0.00621333204732899
8.7408,0.0227750426263444
8.7452,0.00269555455990655
8.7582,0.00226658266640811
8.7644,0.0150998227277874
8.7699,0.0234924552794187
8.7794,-0.0100222816876254
8.7825,-0.0100976891527331
8.7832,-0.00953213958420385
8.7887,0.0240430022653939
8.7941,0.0196998716487133
8.7958,-0.0053878196398589
8.7981,0.0375555104858059
8.7992,0.00759632009823896
8.8027,0.0400379267221957
8.8064,0.0144925384938226
8.808,0.0400080060926502
8.8143,0.0390242660933033
8.8161,0.007065283546968
8.8222,-0.00620777376956205
8.8286,0.00796120412042001
8.8342,0.00774793682399455
8.8357,0.0358644708010125
8.8381,0.00922399967442011
8.8436,0.0375231816658683
8.845,0.027142953416682
8.8496,-0.000229392388011007
8.8526,-0.00439778533138302
8.8548,0.0364163798429171
8.8654,-0.00751934302367374
8.8679,0.000360617870095226
8.8702,0.0267547305416524
8.8734,-0.00634596920429686
8.8757,-0.0101686622402646
8.8764,-0.0102035646352832
8.8782,0.0240799435494932
8.8791,-0.00596161714859456
8.8795,0.00988298108973318
8.8806,0.0429312594851403
8.8832,0.0366229406212675
8.8893,0.0124235337572252
8.8925,0.0355689303771953
8.8941,-0.0102488522605668
8.898,0.0189044978781379
8.9029,0.0256097866293512
8.9039,0.00473723689480998
8.9075,0.0419674415004891
8.908,0.0410350821466636
8.9085,-0.00731744905394827
8.9097,0.00267512180585783
8.9141,0.0157330792855817
8.9262,0.0431323433546673
8.9272,-0.0023588807047954
8.9298,0.0310478998959738
8.9343,0.0129976059443546
8.9398,0.0284726971758662
8.9418,0.0131367707603083
8.9429,0.0239655503929832
8.9473,0.0330449549607135
8.9511,0.00468390116731321
8.9592,-0.00483396691707938
8.9626,-0.00964556621406132
8.9626,0.00948398594747779
8.9633,-0.00500808456275159
8.9638,-0.00562918723551853
8.9643,0.0379390827088582
8.9697,-0.0103822005379097
8.9801,0.0231692594463944
8.9834,0.0401862049293733
8.985,-0.00971109142061799
8.987,0.0257722302808272
8.9876,-0.00505840823563197
8.989,0.0348064608065997
8.9909,0.0428399363019096
8.9924,0.0415195472091412
8.997,-0.00297086070473718
8.9973,-0.00100099222291306
9.0017,0.0201143963390997
9.0018,0.0395801462494507
9.0118,-0.00954832360823588
9.0222,-0.00547854465709641
9.0268,-0.00792969765089602
9.0287,0.0145655176732777
9.0338,0.0237340683503842
9.041,-0.00559878223287491
9.0439,0.005112698579536
9.0447,0.0344416560738647
9.0571,0.0366140777199
9.0602,0.00216245943232529
9.0608,-0.00478845945093198
9.0646,0.0265513223471885
9.0653,-0.00530247273132645
9.0667,-0.00884104318342338
9.0673,0.042502993412775
9.0694,-0.00785974911043397
9.0708,0.00683823520241233
9.0714,0.00300567539898289
9.0734,0.00867557436856714
9.0763,0.0410641976165991
9.0779,-0.00673211206422586
9.0807,-0.0060671113386519
9.0811,0.0289037945277606
9.0824,0.0427275256850415
9.083,0.035063342981875
9.0848,-0.00180678223046904
9.0848,0.0345207807114551
9.085,0.0156385382986777
9.0868,-0.00781686635574985
9.087,-0.00597312111167092
9.0923,0.00176646161997063
9.0935,0.00176919663230279
9.0945,0.0236339680709143
9.0979,0.026744268395424
9.0979,0.0288186726552624
9.1014,-0.00298720006776243
9.1131,0.000118620639238287
9.12,0.0100404168106376
9.1229,0.0316435290942518
9.1268,-0.00119596884957573
9.1309,0.00318258249036418
9.1327,0.00345429374755213
9.1353,0.0114565710357706
9.1388,0.043957099983496
9.1403,-0.00709986816671204
9.1432,-0.0088453361529659
9.1461,0.0438292694551841
9.1474,0.0331230357219408
9.1527,0.0442818219348435
9.1539,-0.00196698747138768
9.1576,0.0401446032973247
9.1602,-0.00575518935965569
9.1624,0.00342052213838606
9.1673,0.0156043977369826
9.1704,0.041023855714009
9.1754,-0.00732720273413356
9.1758,0.0441687268817308
9.1803,-0.0104587331658639
9.1804,0.0354263141933284
9.184,0.028371252835802
9.1846,0.0430681886813193
9.1879,0.0431143855530927
9.1884,0.0400906856016139
9.1887,-0.00973495415580317
9.1895,0.00157569761529075
9.1899,0.0215938997169083
9.1901,0.00384207475102372
9.1919,-0.00991790318986041
9.1959,0.0335785002713376
9.1962,-0.00714140100547489
9.1968,0.0223304734434944
9.1971,-0.00388709525442721
9.198,0.00608055323174028
9.1985,-0.00531150895703547
9.1998,-0.00946380492215759
9.2041,-0.0106363148780559
9.2043,0.0191122535694248
9.2071,-0.0106170707029012
9.2106,0.0325297626978678
9.2201,0.0385659003328058
9.2298,0.0379309587198513
9.2318,0.0143282487448335
9.2368,-0.00798881884259828
9.2375,0.00285843783687945
9.2476,-0.00999738986102905
9.2558,0.00815632518957088
9.2562,0.0239129791327688
9.2626,-0.00997399721000924
9.2654,0.0114845934955561
9.2678,-0.00501461690592819
9.2785,0.0196756155891222
9.2792,0.0445082992177426
9.2823,0.0267584172136655
9.2858,-0.00737419720835852
9.2914,0.0156697468339893
9.2928,-0.00246532979419989
9.2952,0.0372066909964008
9.2998,-0.00667637551230982
9.3045,-0.00654773903457695
9.3046,-0.00460070179838112
9.3062,0.00156743204057541
9.315,-0.0086767920627473
9.315,0.0118521511648932
9.3191,0.00288137015395762
9.3226,0.0151041381155892
9.3241,-0.0012548026401209
9.3256,0.0438984247830643
9.329,0.0431977333024758
9.3349,0.0256263822254468
9.3355,0.0221834982109819
9.346,0.0055085814219229
9.3502,-0.00899144838041899
9.3513,0.0201148393479933
9.3514,0.043634884225348
9.3532,-0.00292339157628163
9.3628,0.0442999504114177
9.3653,-0.00825940354161148
9.3674,-0.00237591366337675
9.37,-0.00259562697077875
9.3729,0.0325392911700284
9.3764,-0.000698641975775516
9.3783,0.00496875726417656
9.3785,0.045340036550785
9.3864,0.0278895068281226
9.3871,0.0383343718751714
9.3898,0.0418990387573572
9.3907,-0.00255948503853354
9.3917,0.0425981251002749
9.3937,-0.00919143891463214
9.3951,0.0126429810942454
9.3991,-0.00372535883603753
9.3995,0.0236419945922464
9.4003,0.0312222011674983
9.4007,0.0172913971569795
9.4024,0.0452742213984347
9.4041,0.0435349024090215
9.412,-0.00985120940995365
9.4125,0.0356907433370033
9.4145,0.0394828681172132
9.4151,-0.0062421898739391
9.4165,0.0454816698543024
9.4168,0.0421072033481522
9.4203,0.04526159387901
9.4213,0.0282541172532103
9.4222,0.0440165971820381
9.4232,0.0347298063990351
9.4249,0.00418976503367574
9.4272,0.023032258482381
9.4276,0.00611993006553035
9.4277,0.00990312770941415
9.4294,-0.0104515502864828
9.4298,0.0453199489994986
9.4303,-0.0108094843995179
9.434,0.00400220687043173
9.4366,0.0329683580286595
9.4375,0.00364428333344691
9.4377,0.0215894532199847
9.4378,0.00610488267465037
9.4403,-0.0101421562539947
9.4441,0.00504365981364785
9.4466,0.000863302021006263
9.4529,0.0228489876756086
9.4542,0.0028985699017241
9.462,-0.0103013979329187
9.4635,0.0420064697354317
9.4687,0.0448548847529384
9.4751,0.0401205763786656
9.4809,0.0129983273678835
9.481,0.0157251937644176
9.483,0.0377805148060446
9.484,0.0444693301124612
9.4871,0.0456746457562236
9.4893,-0.00884157507801397
9.4968,0.0393021951548125
9.4993,0.0231699749667165
9.5015,0.0365733204617982
9.507,0.00443129757737459
9.5073,0.038131588586193
9.51,0.0181400127594724
9.5163,0.035056262481346
9.5269,-0.010812907164448
9.5317,0.0443136239720996
9.5325,0.0275054751344008
9.5341,0.0453153308625733
9.5361,0.0301407582742961
9.5374,0.0439231630048607
9.5496,-0.00613642689870808
9.5505,0.0298189701492984
9.5514,0.0308848553238779
9.5522,0.0120300210951854
9.5575,0.0462405297533213
9.5581,0.0200298865198469
9.5606,-0.00438472094530873
9.5616,0.0108188773707987
9.5674,-0.00607274880705155
9.5694,-0.0108605629631544
9.5698,0.0142041735947842
9.5722,0.0158129905711188
9.5726,-0.0107709179612669
9.5777,0.00901440212731863
9.5785,-0.00460900291220057
9.5789,0.0319108676457383
9.5806,0.0186763455627794
9.5822,-0.00261118979030961
9.5857,0.0458317719931589
9.5913,0.0444983275226836
9.5913,0.000732561157766654
9.5948,0.0463257570663576
9.5955,-0.0109253941655663
9.6043,-0.0097089374372743
9.6078,0.0120482077923807
9.609,0.0102973367088559
9.6127,-0.00912459644225017
9.6135,-0.00632444108823904
9.6217,0.0233704416567111
9.625,-0.0102063281591214
9.6271,-0.00366009810916879
9.6284,0.0265532893075857
9.6323,0.0185122446505037
9.6361,0.0430284607713727
9.6369,0.00148048364630782
9.6374,0.0122863096096779
9.6417,0.00535340075375501
9.6443,0.000969825910983602
9.6461,0.0426082839877893
9.6467,-0.0106133024907944
9.6498,0.019234438096591
9.652,-0.00791915143358679
9.6528,0.0346502833053304
9.6532,0.00585763757585944
9.6562,0.0309366536979425
9.6573,0.0353013852346216
9.6581,0.0297911549766958
9.6598,0.00756562483343259
9.6602,0.0434720948629383
9.6615,0.00832842199713468
9.6618,0.045684853721351
9.6632,0.0466760302324722
9.6681,-0.000817645628099939
9.6716,0.0462244899191901
9.6727,0.0402238984464134
9.678,0.00814381011366372
9.6825,0.0453859985349059
9.687,0.0436090439501804
9.6911,0.00334264702033948
9.6917,0.00698343049370465
9.6923,-0.00294202690177059
9.6997,-0.00702981294685756
9.7001,0.0265110271257978
9.701,0.0355634770594229
9.7016,0.0413880489307985
9.7039,-0.0112474875160995
9.7049,-0.00942464830195711
9.708,0.0435128991091425
9.7087,0.0326191725042211
9.7095,-0.00816058054679125
9.7113,-0.0111845742219554
9.7224,0.0309190836974
9.7254,0.00656000200888052
9.7273,0.0390416041675579
9.7289,-0.00409484635835611
9.7314,0.0135284073439372
9.7333,-0.00355318929758219
9.7354,0.0119352356538442
9.7364,0.00198509373656819
9.7393,0.0323439539707913
9.7521,0.0453384058276107
9.7607,0.03892483981193
9.7623,-0.0109479236157046
9.7671,0.0470041319824457
9.7691,0.0457172819962501
9.7699,0.0227634569837036
9.772,0.0257716594612987
9.7737,0.0460016830560264
9.776,0.044669242566524
9.7807,0.0397418438880841
9.7819,-0.000264338119961849
9.7832,-0.00871085780166325
9.7834,0.0470894677482683
9.7877,0.00257588773853357
9.7886,0.0458465382951765
9.7904,0.0140945813039721
9.7922,0.0369882414545
9.7935,0.0189326370818002
9.796,-0.00846297912342742
9.7968,0.0165628470996193
9.8008,0.0235974503245977
9.8044,-0.000968503714739555
9.8046,0.0464455026107995
9.8062,0.0371900544811812
9.8113,0.0436539603337138
9.8166,0.0225402837674036
9.8167,-0.0111687872943218
9.8197,-0.00333685185356103
9.8222,0.0224298528293758
9.8255,-0.00716415470165366
9.8265,0.0423289315990552
9.8266,0.04455184351459
9.8309,-0.0106076803995609
9.8311,-0.00602429784878566
9.8317,-0.000994518681434187
9.8351,0.045240604251763
9.8375,0.0407274428095441
9.8393,0.0474174392372753
9.8394,-0.0107803367835402
9.8399,-0.0033461183781629
9.8411,0.000684661396682884
9.8411,0.0365471581350807
9.8438,0.0474050163651487
9.8449,0.0172587975626417
9.8485,0.00139547698596587
9.8523,-0.00901006582570929
9.8543,0.0473157696357571
9.8557,-0.00939001899993208
9.8564,0.0391150154428956
9.8599,-0.000971455284695111
9.8608,0.0424224428989852
9.8622,0.00486830725277976
9.8678,0.0157399422872917
9.87,-0.00185839638750629
9.8714,-0.0114015059465338
9.8714,0.0469971552629929
9.8714,0.0137066958554204
9.8715,-0.00786288819980285
9.8752,-0.0114418322802585
9.8822,-0.00918807692502632
9.8864,-0.0086643868948304
9.8877,-0.0113148340234428
9.8914,-0.0108205583368246
9.8964,-0.00364142410329649
9.8985,0.0305671147530937
9.9002,-0.00763622690596932
9.9153,0.00486943342941082
9.9165,0.0164062620075658
9.9205,-0.0107227773333243
9.9225,0.0268031871813612
9.9247,0.000491056646870547
9.9274,-0.011082602194632
9.9356,0.00600443745392454
9.9359,0.0321145997968255
9.9377,0.0363671555393861
9.9381,-0.00453982515705853
9.9444,-0.0112453716982248
9.9449,0.00442455039729062
9.9454,0.0124134693148328
9.9484,0.0469884151960933
9.961,0.0107627037718334
9.961,0.0458965541463847
9.9632,-0.0110457988993868
9.9693,0.00189091643307293
9.9693,0.0113258394141074
9.9721,0.0154415622687551
9.9749,0.00402529204945523
9.9749,0.0353279197079015
9.9755,-0.00551655322982292
9.9762,0.0391247029446173
9.9777,-0.00600482360754029
9.9798,-0.0102239807768996
9.9814,0.0465763419121394
9.9866,0.0480892540065572
9.9965,0.0473571895753544
11.1537,-0.00209616257220802
11.1658,0.0492249107615788
11.2897,-0.00204409353336921
12.0369,0.0179519529417433
12.1324,0.0559447062391119
12.2311,0.0571404974375529
12.2817,0.0155325463081493
12.3333,-0.010452169567019
12.438,0.011342945642685
12.4917,0.057262846126708
12.4945,0.0187277706465938
13.4609,0.00670613591558933
13.9173,0.0555522260859913
13.9186,0.0600600306172545
14.6169,0.0564274830476688
14.6785,0.0651844780412905
14.6935,0.0705626475441488
14.949,0.0432793428158806
15.1944,0.060455700038224
15.4302,-0.00880869542759477
15.8004,-0.0137138409334376
15.8359,0.0293123233658683
15.9798,-0.0100202457771772
16.1429,-0.0174411932790441
16.2286,-0.0121800404364265
16.2434,0.029781652910966
16.588,-0.0118398260545263
17.0908,0.00892460416982033
17.6208,0.0398023286183111
17.6778,-0.0184020786997827
17.7213,0.0736746173588116
18.0798,0.0682524790204688
18.2939,0.0881002613453781
18.3064,0.0698762156235269
18.4346,0.0290653098912692
18.9124,-0.0223009384467758
19.277,0.0904229056635195
19.35,0.0826593709806325
19.5274,0.0909784797684878
19.7346,-0.0157596276570082
20.0306,0.0711173421919504
20.0984,-0.0242965913338722
20.1207,0.0706973923870891
20.2135,0.0716249990972031
20.4286,-0.00618984634258979
20.4556,0.0771239538774005
20.5011,0.0949814896854306
20.5076,0.059853890034578
20.8672,0.0341453314186104
20.8688,0.0691585056917141
21.2252,0.0302042089994465
21.3032,0.00880769573472762
21.8353,-0.0179398897765743
22.2375,0.0960415516435589
22.9029,0.110403531536239
22.9258,0.0752986066434644
22.9817,0.0158832586356752
23.0008,0.0020551431530329
23.2322,0.0760824367442616
23.4178,-0.0279173924662679
23.4823,0.109956040474682
23.6055,-0.0250475366705381
24.4656,-0.0257938340269206
24.5239,0.11172484261801
24.5629,0.0201056783772451
24.9878,0.0627894652442293
25.3111,0.120521032793008
25.4262,0.113964556727144
25.6386,0.0328901463206286
25.8087,-0.030830338506469
25.9937,-0.0233366989026145
26.1098,-0.0216444930395632
26.1484,0.00248994487364484
26.2892,0.0271920050011865
26.5713,-0.0306161983831039
26.7512,0.0335136300492849
26.7987,0.00945778026187227
27.1845,0.0432797558594267
27.1913,0.050010797429394
27.239,-0.0165358091282677
27.474,0.050376274676541
27.4843,0.0460373894714223
27.6549,0.0889031855888334
27.7623,0.130841395031528
27.8026,-0.00211621712545096
27.919,0.0469834937004485
28.023,0.0782954132769156
28.6364,0.0894438261389965
28.887,0.0509966877427388
29.2928,0.0165262765529803
29.3233,-0.0334958739122584
29.5678,0.0510474615023071
29.5885,0.062527572467669
29.8043,0.130189487465817
30.0795,0.0503243184708637
30.2283,-0.0113202547165301
30.5274,0.146936129831047
31.1188,0.142878658066369
31.3232,0.116369526745146
31.602,-0.00672359174801684
31.7105,0.0837275323628361
31.7349,0.0486444936674459
31.771,0.0535278741415368
31.8328,-0.0366914116034138
31.9017,0.0444155525374228
32.1861,-0.0234015719080318
32.3366,0.154901104689294
32.4718,0.062502338872342
32.5317,0.140631264963289
32.57,0.0451024021494106
32.5997,-0.0382732013816778
32.6275,0.125528858333972
32.796,0.058792561639045
33.1152,0.145967588804744
33.8748,0.159676195018001
33.9051,-0.038796098289744
33.9133,-0.00338925086956721
34.2785,0.165790252109595
34.3684,0.0889146829877561
34.3832,0.114654623862201
34.3965,-0.0394369588589498
34.5363,-0.0381504808772419
34.8356,-0.00395530956745205
35.1022,0.13380733266289
35.3436,-0.0192318075660509
35.4223,-0.0108287007724783
35.5985,0.0140177769374148
35.6895,0.0549525461194591
35.9911,0.171649313141117
36.0168,0.146008983281405
36.1011,0.168889109112087
36.3262,0.174773269893457
36.3771,0.138310807831957
36.6932,0.112935916008681
36.7068,0.0466594895243517
36.8938,-0.000825527931461068
36.9861,0.106777242208921
37.8682,0.143025574915391
38.1555,0.179300494860492
38.2253,0.125536510728224
38.3681,0.0931911192761419
38.5895,0.0881124990479307
38.7251,0.0371534580930444
38.7368,0.120238939122096
38.7566,-0.0329705902012734
38.8229,0.0397795707856119
39.0807,0.0466078500892095
39.1097,0.124103461930282
39.2425,0.189639216122394
39.3468,0.0706547461411375
39.4882,0.188542675843522
39.5284,0.13584919267695
39.5592,0.0292722881305494
39.695,-0.0389055369973548
39.721,-0.0503172823245563
39.7475,0.073168146722864
40.282,-0.0289275826178326
40.3278,-0.0485366620361134
40.4596,0.156600269870665
40.5083,0.0300772609276407
40.5591,0.193598551660429
40.6635,0.0154726809350407
40.8041,0.191343627204056
41.1777,0.196930713949726
41.182,-0.0171212276236758
41.2428,-0.0466248092430206
41.4476,0.123155200646153
41.5949,0.0106294258034438
41.8015,0.0920254737883113
41.815,0.168878916684946
41.8462,0.00158482301588236
42.0821,-0.0140724339215268
42.2882,0.0813981266292529
42.61,0.0259950158986726
42.6152,0.154521631354292
42.6518,-0.0540765545047606
42.8157,0.00150849061674307
42.8776,0.172187919184097
42.962,-0.000376257736945718
43.0275,-0.0347257319917489
43.1583,0.0915590864675409
43.1891,0.157253949896273
43.1933,0.0783558113755305
43.2076,0.195824868410995
43.2703,0.0373283346725373
43.2784,0.178131260921369
43.3534,-0.0404830537336025
43.4196,0.0834852127201628
43.5835,-0.0494832815251982
43.5942,0.027781394073358
43.7653,-0.0159056937689499
43.8191,-0.0461131120381637
44.0029,0.140009470040134
44.1962,0.115914057306334
44.395,-0.0278089332593083
44.4281,0.0855839151968212
44.5315,-0.0156690871649303
44.6979,0.120581996441395
44.9604,0.179833405030124
45.1518,0.211393427249902
45.2043,0.165935042844254
45.5208,0.0306198969950273
45.5324,0.164009365608287
45.7472,0.099721185962764
45.8076,0.215723481731644
45.812,-0.0585930514753841
46.099,-0.054869992459821
46.2156,-0.0609356005787376
46.3988,0.208199062224367
46.4448,0.0045969663065577
46.4809,0.205999257014369
46.5625,0.154852875562675
46.6584,-0.0648857190602499
46.8191,-0.0573140374510785
46.842,-0.0075524632263182
46.8549,0.0839794405900491
46.8787,0.00493191648088498
46.9243,0.221269832291512
47.1039,0.226294893153408
47.1734,0.217497408671569
47.2121,0.00856140688489404
47.2856,-0.0421652375940269
47.3039,-0.0345026796649037
47.3716,-0.0622342994481713
47.4171,0.224110650371827
47.4819,-0.0604532236399393
47.5413,0.226498078582033
47.5495,-0.00815070669910511
47.7506,0.0679160170566675
47.8301,0.225864431394093
47.8955,0.132357967865985
47.9544,0.0865629469682077
47.9769,0.0295617478902628
48.1298,0.212438929200651
48.1644,-0.0660660410222746
48.1887,0.229335550579705
48.4499,0.0672033839878594
48.5003,0.234384188790791
48.5327,0.0753140111896968
48.6578,0.218353185958101
48.6911,0.199739352279231
48.7123,-0.0575447199940129
48.7848,-0.0284161687433624
48.9286,0.186655575767148
49.0401,0.13991709750379
49.0687,-0.0331449583547681
49.6067,-0.0597874071998632
49.6162,-0.0347116341132434
49.7109,-0.0609326154724315
49.856,0.13497826750335
49.9646,0.109678432635533
50.4274,-0.0562977352852414
50.5279,0.155405390783542
50.617,0.0448348766424687
50.647,0.217171128062148
50.684,0.24158858352785
50.7125,0.232152539679092
50.8759,-0.0675821709930133
50.9558,-0.0666826653796733
50.9799,-0.0688195893715431
51.0367,0.244910534265721
51.0428,0.233537258138441
51.0559,0.0827584711354277
51.1211,0.104645337101154
51.1317,0.247129909108111
51.1643,-0.0457878906686418
51.1753,0.168462272542861
51.3681,-0.0662852800955989
51.4654,-0.0715304918128368
51.4847,-0.0616484498967793
51.6375,0.244080047336254
51.9616,0.223701415662454
51.9731,-0.0392878710673301
52.0297,-0.0108234313105768
52.1513,0.0247330211715848
52.2196,0.0675843897327226
52.2924,0.248021756421323
52.3569,0.00945864675571784
52.5676,-0.0554185415220587
52.6656,0.254576845215254
52.6862,0.148023256768127
52.7124,0.171759596655484
52.7564,0.238295421886782
52.7658,-0.0649222016861231
52.9317,-0.040267456378082
52.9984,0.150830883826501
53.1194,-0.0634875657635448
53.1373,0.0113742637284844
53.1427,-0.0441597900555308
53.2182,0.24431467617881
53.4221,0.000387923754914254
53.4551,-0.00333251323925765
53.4711,-0.0148847165696679
53.5752,0.226209807077026
53.7008,0.12935263335519
53.7157,0.210103598795293
53.7223,-0.0721693443779969
53.9371,-0.0624462412725109
53.9727,-0.0689189134181447
54.1721,0.24977190079052
54.1931,0.193965780943572
54.2731,0.0266653264874321
54.306,0.0781149861337767
54.3542,0.0887365915725695
54.4684,0.00917347701467008
54.471,0.028685340179635
54.628,0.0387432594059334
54.7083,0.130377936298238
54.7431,-0.0340859275475793
54.773,0.247871716484092
54.7934,-0.0705289939188845
54.8773,-0.00631387625639235
54.9063,0.198759861986701
54.9101,-0.0244059569343449
54.9393,0.229732439561992
54.9649,0.0598626063598147
55.0545,0.00193958311447062
55.2565,0.116442736984894
55.2794,-0.0229652836620247
55.3019,0.0820945911006845
55.3224,-0.0345246198376472
55.3792,-0.0780217577283224
55.4934,0.174323627719033
55.4967,0.124455026675449
55.5494,0.0254676337272954
55.5763,0.268736597519791
55.6117,0.243406737914512
55.8165,0.00109947356674667
55.8751,0.0120682371124659
55.9348,0.0872817400870218
55.9783,-0.0307770071331745
56.0531,0.177230722286325
56.0892,0.270228688753797
56.1562,0.0870420344005467
56.3759,-0.0470748505829519
56.4235,0.256539358494521
56.5643,0.00842119218260962
56.7055,-0.0784669557484605
56.7853,0.191601839548461
56.8401,0.201247066936247
56.8464,0.169223997967265
56.8502,-0.0771278855118709
56.9459,0.185441277442706
56.9648,0.220283356032134
57.134,0.181403532823893
57.1506,0.159820217566057
57.3564,0.26423674039556
57.3781,0.236205001222501
57.7313,0.278747004881907
57.7644,0.245721179315503
57.9235,0.11960367161408
57.9381,-0.0263622005784399
57.9578,0.215120057456318
57.9978,0.0738881189578464
58.0089,0.231962854681534
58.2609,0.0396231574979566
58.2649,0.273600199896755
58.363,-0.0734726177022225
58.3692,-0.0574454610244786
58.4491,0.132966597279655
58.4699,0.202874776407825
58.637,-0.0785506233277431
58.7633,-0.0846776823459763
58.8051,-0.0640127271446786
59.0859,0.124711661607215
59.6479,0.256468525767758
59.7172,0.258915125444766
59.7558,-0.0856808568972767
59.7687,0.288625285667131
59.7771,-0.0377783339105164
59.9561,0.228231453845851
60.0892,0.198664559199294
60.0966,0.26838577125644
60.1375,-0.0419978168300972
60.1656,0.22048471170779
60.1698,-0.0850809816427613
60.2589,-0.0830418211810695
60.2591,0.267693096180651
60.4717,0.106398648372334
60.5758,0.231538826347986
60.6257,0.233528804142658
60.6634,0.0202359598876569
60.8298,0.151774789674825
60.8395,-0.0753556574215324
60.858,0.166971553819295
60.8603,0.118489437414773
60.8687,0.14883244813857
60.9296,0.152633514261247
60.9739,-0.0834119002134486
61.0058,0.138176688213996
61.0129,0.0958562477869833
61.047,-0.0609387895827851
61.0591,0.25305359919345
61.1001,0.21461336670896
61.2562,0.249111213037537
61.3109,0.238017116900423
61.3793,0.0444940436402703
61.4901,0.297353585269136
61.5032,-0.0224999856388806
61.5251,-0.0258190463095573
61.5415,-0.0713283342048356
61.558,0.296619328250507
61.6413,0.190121261423798
61.7513,-0.0520638551277415
62.0089,0.285510117496123
62.0886,0.0650864505632782
62.1006,-0.0717316624751305
62.146,0.299511714263616
62.1899,0.282117133413351
62.2515,0.279563122351867
62.324,-0.0807672161984385
62.3652,-0.0485752644170887
62.3768,0.268634627456763
62.4389,0.135149659458826
62.4863,0.255055095894598
62.5172,0.0593482012937372
62.6476,-0.0652336356789078
62.7515,0.0191611166663463
62.8694,-0.0431672645573471
63.0067,0.0532889171213995
63.1222,-0.0775077987151747
63.162,-0.0427722204600869
63.2127,0.151811701849738
63.2939,0.207784311655857
63.357,-0.0926896955949985
63.4163,0.0258359609768775
63.462,0.0157705517497959
63.5396,0.272598264209925
63.5453,-0.0320870166412774
63.6574,-0.0921452809600112
64.0159,0.254041834384886
64.1129,-0.0704453376727656
64.117,0.000134366166150812
64.3078,-0.0937820486292935
64.3854,0.122018253389811
64.4771,0.157745703098001
64.5138,0.22337730145864
64.5149,-0.0930464538293165
64.7277,-0.0616519001450655
64.7749,0.0644406631974306
64.7787,0.274662276355059
64.7826,-0.0943856281033106
64.8734,-0.0602443019206618
64.9515,0.311900615108542
65.0511,-0.0654858374430489
65.0536,0.125418534478584
65.3995,-0.0894581899325715
65.5458,0.0973953355397015
65.6368,0.124345673074203
65.7956,-0.0896802575346243
66.0347,0.0832768805727113
66.2835,0.306149777158126
66.3785,0.314968722476735
66.3993,0.315008127380594
66.4506,0.122785599769117
66.5974,-0.0816883655383123
66.5982,0.176035781433356
66.6258,0.294943494247505
66.6965,0.161609846754871
66.9227,0.12971928313479
66.9639,-0.0163228585140871
66.9974,-0.00972350569625746
67.0024,-0.0759635693379721
67.0617,-0.0649295165794825
67.1081,0.313283964392667
67.1336,-0.0640640318707284
67.1777,0.264367722984034
67.211,-0.0975654697921868
67.2289,0.284225985730103
67.3264,0.0985358239747711
67.5526,0.326606078078058
67.8964,0.237777696649502
67.9038,0.323822483289348
67.9797,0.283019481922992
67.9868,-0.0986235246424059
68.005,0.0181287986350895
68.0127,0.0945542146101417
68.0245,-0.0861502969758448
68.0903,-0.0557033535290259
68.0973,-0.101286096063973
68.1,0.320416646751497
68.1874,0.00704547809240808
68.1907,0.0681075339377628
68.2282,0.275522941279689
68.2482,0.276906820811817
68.2918,0.323156353919728
68.3662,0.200677321786685
68.4118,0.0929864034941517
68.4754,0.0765081401333561
68.5336,-0.0934853201975301
68.5824,-0.103843072579735
68.5883,0.246542348154136
68.6167,0.218753358308362
68.6204,-0.0606530853986698
68.6372,-0.0973145820606334
68.6496,0.241787652287385
68.6594,-0.0364784458158169
68.6598,0.315663120648594
68.6869,0.0374237084331952
68.7467,0.276330449510255
68.7594,0.268863314945733
68.8049,0.302235758398197
68.8645,0.194131676702185
68.9787,-0.0872991632956541
69.0599,-0.0884892575202514
69.0941,-0.0906004885329281
69.1071,0.183785000991222
69.1903,0.192415441089096
69.1917,0.313645043630856
69.2659,0.0534927243899119
69.2836,-0.102607689889453
69.2862,0.00656289452851411
69.2876,0.0534586404537265
69.343,-0.0989187143293009
69.3503,0.122839908912852
69.3594,0.0775396939844342
69.3886,-0.0897914805559878
69.4979,0.24583400920001
69.6023,0.230345033907142
69.6305,-0.0321921577086357
69.6377,0.25343784466763
69.6526,0.292560999385671
69.6722,0.27923999966626
69.7575,0.337274921134536
69.8968,0.318997799870758
70.0185,-0.10343403292832
70.0539,0.295070422419201
70.0575,-0.0973532353579714
70.0803,0.0222837203989599
70.1588,-0.103194230324362
70.1626,0.117638844175772
70.3714,0.33252414018213
70.3915,0.0146804595542704
70.6672,0.254409949774669
70.7478,-0.0549081443598709
70.7931,-0.1054105569456
70.8559,0.24677519943539
70.9769,-0.0414796613963517
70.9904,0.283679845104359
71.0163,0.0803266108973446
71.0939,0.341283764693074
71.2883,0.338203264680374
71.464,0.124491782232013
71.7348,0.0146773092667445
71.83,-0.0441535969128495
71.8379,-0.0606100306060711
71.8716,0.208462677852907
72.1642,-0.0780615765715282
72.1983,0.236515159823512
72.2185,-0.0482888762598321
72.2547,0.0649553786417556
72.339,0.187127472704034
72.339,0.349421010753289
72.3881,0.1036680794234
72.4538,-0.020638892142216
72.536,0.349040703791999
72.5547,0.25375513508736
72.5604,0.347353719703676
72.5647,0.317594565771927
72.7184,0.325452068488389
72.7807,0.160499193747171
72.9927,-0.0417004539126538
73.1382,-0.0950744848223763
73.1883,-0.1061196946427
73.3626,-0.00915472057739919
73.3724,0.263472531227578
73.4069,-0.0156567974144366
73.5185,0.1674498387314
73.622,0.225772217847748
73.6422,0.335013368782072
73.7858,0.356534486014198
73.8106,0.125106760907343
73.9264,0.0718976624434049
73.9797,0.0396354936502803
73.9806,0.0916643511196469
74.0393,0.0126834464804801
74.0483,0.0375454101172892
74.3111,-0.0150988392619809
74.3284,0.287272401346698
74.34,0.340314675896167
74.3601,-0.108721970544693
74.6504,0.0253508654223964
74.6633,0.317534694341546
74.6655,0.193199205143671
74.7033,0.047845851361572
74.7113,-0.0963589392566035
74.795,0.217735517314537
74.986,-0.0881603372295245
75.0529,0.22308707012759
75.1296,0.0837424911909039
75.4505,-0.11452933359152
75.5749,0.336735899776656
75.5963,0.282513913479704
75.751,0.318198935351248
75.758,0.359770420349918
75.8026,0.366303885390835
75.8664,-0.0649462188418823
75.8722,-0.0578720625520077
75.8805,0.132920799440498
75.9152,0.290146425502257
76.0256,0.0344490270826299
76.0581,-0.0930016363238906
76.0931,-0.0496472757891269
76.0983,-0.11816393015377
76.1435,0.0783428410800866
76.2233,0.258838918563058
76.2397,0.347763102420103
76.2423,-0.101918351587742
76.2654,0.273146705371303
76.4857,0.36569946100299
76.5312,0.147018854737411
76.5474,0.0061793950388136
76.5814,0.135397411936736
76.5949,0.100004475287875
76.6299,0.0402351436425334
76.6825,-0.116341660777707
76.6857,0.292906501957944
76.7587,-0.100078027466523
76.873,0.0684384631916828
76.9011,0.216521290185341
76.9083,0.305385620555512
76.9355,-0.0596979928265711
76.9365,0.214971913216445
76.9753,0.352142977850946
77.0002,0.369811949149494
77.0442,0.313476153258449
77.3207,-0.112544900119829
77.3691,0.356770802079339
77.385,-0.080251962599462
77.4292,-0.012241404606641
77.4921,-0.0925228234841171
77.5913,0.238951821416023
77.6551,0.213147715557284
77.6703,-0.122530187648294
77.7393,-0.116037857022576
77.7723,-0.121393136706104
77.7937,-0.0743783497460697
77.85,0.0031649388553916
77.8723,0.344880584089239
77.9293,0.00714193833792365
77.9464,-0.0153840826480831
78.0977,0.147964531758177
78.2587,0.138500486006521
78.449,0.00864273499981039
78.4772,0.133995490704692
78.5962,-0.0716309603684522
78.7164,0.0336450758459961
78.9987,0.239072346066379
79.1051,0.223484658460492
79.1683,0.371613104277998
79.3497,0.313779659340909
79.3957,0.313272535399861
79.4086,0.375637234143326
79.436,0.384030285490979
79.4849,-0.120180444362489
79.4878,0.347267422215268
79.5269,0.115024933674718
79.5444,0.38370360817855
79.6769,0.0476619571866479
79.8384,-0.0187162631522853
79.897,-0.106452981370452
79.9167,0.375918506956751
79.9428,0.238721435733794
80.1009,0.37891566936436
80.1106,-0.104950469889971
80.1379,-0.126589490585928
80.2556,-0.022353516696711
80.2591,0.269990972412529
80.3086,0.386637661469265
80.5492,0.255913226073019
80.6569,-0.126155466859217
80.7232,0.290286084733623
80.7745,0.283875327244331
80.8193,-0.0957977173983409
80.9766,-0.122069613505204
81.017,0.105116441575746
81.2198,-0.110626000761584
81.3209,-0.0890158122495706
81.3317,0.337128778906205
81.333,0.282338162179187
81.4889,0.254382269628607
81.64,0.342350489042573
81.6829,0.376659237506502
81.7736,-0.133468465563155
82.0041,0.221512385561269
82.0271,-0.00100677315322173
82.0996,-0.131274540123115
82.156,-0.0259746062280328
82.2632,0.397781964515772
82.2698,0.316415342881754
82.3103,-0.0655172120761733
82.3445,0.369572992418696
82.3697,-0.00590466206179485
82.3754,0.0696107000791528
82.4679,0.234161704623645
82.6272,0.352056267627589
82.6323,-0.069263906725368
82.6406,-0.0390712919880372
82.643,-0.0488385850116657
82.6458,-0.0508732090478787
82.6991,0.243393002035774
82.7833,0.189201507642352
82.7908,0.0180395636576236
82.8214,0.388954382597632
82.949,-0.0964954828179287
83.0138,-0.0701879081172478
83.0465,0.0766768086770213
83.2291,0.15072776980584
83.2832,0.16049948994457
83.2876,-0.0688268345879237
83.3851,0.393050481453272
83.5035,0.0986983967752337
83.5749,0.357743499027123
83.5856,0.215968054147694
83.9969,0.373137663396719
84.0758,0.293474771673417
84.1689,0.296480925582287
84.1735,-0.00347074924414414
84.1948,0.338726735949621
84.2632,0.404234630107027
84.2658,0.26128535940488
84.3593,-0.121586231496664
84.3863,0.407398215869861
84.4744,0.330875687866822
84.5006,0.338864203498204
84.5444,0.25578256730148
84.6731,0.224183421776743
84.6848,0.317148526216528
84.7279,0.170458124387167
84.8876,0.343055305095646
84.8907,0.371204934683192
84.922,-0.134958511443287
85.2919,0.0592806712306668
85.3479,0.412635425000005
85.4615,0.353622709073136
85.4687,0.409264256265502
85.5185,-0.0931143430673842
85.5891,0.316828639519656
85.647,-0.0654950411827855
85.6659,-0.142718673435098
85.7056,0.343371815166904
85.7186,-0.0336512224394028
85.7298,0.00429643797133394
85.7916,0.411327097717447
85.9597,-0.0126842771790905
86.0211,0.302740549690554
86.0242,0.407913537885534
86.1456,-0.122691052145342
86.2133,-0.080509845210301
86.2581,-0.14226925684666
86.2832,-0.0843881021259847
86.3028,0.261086233460901
86.3431,0.176060993175881
86.5277,-0.0940838643110737
86.7166,-0.0456066217366669
86.7347,0.207175103817548
86.7665,-0.142882246751029
86.7997,0.377885211968959
86.8866,0.411497909511098
86.9348,-0.146431330167644
87.0317,0.101253154441963
87.1295,-0.0482647729717911
87.1327,0.284620860631307
87.2,-0.140965426215018
87.2103,0.209198955803558
87.3561,0.211117836389519
87.3824,0.210396997940336
87.4737,0.148556539204137
87.5702,0.423106908628583
87.6536,0.358047087116802
87.6818,-0.0169141900003211
87.6847,0.340241789443894
87.6901,-0.0424639683991046
87.7304,-0.116520082429247
87.7716,0.374051241563009
87.8108,0.424451764522303
87.823,0.00792404758854559
87.8527,0.413217879030938
87.9821,0.147107099347252
88.005,-0.0461135719750843
88.1316,0.305056576820931
88.1688,-0.134714350267345
88.2464,-0.106609598173662
88.2645,0.352439247115043
88.3895,0.055806233770852
88.3987,-0.150077667594914
88.4271,0.194217214903347
88.4295,-0.120904232577075
88.4418,-0.105356764983384
88.4476,-0.0733512594060102
88.6168,-0.144349371273847
88.6628,-0.0577641125854171
88.6975,0.0152936813771305
88.9736,0.329212797775767
89.0352,0.301743829384094
89.072,0.384660152186299
89.0875,0.426921341528882
89.1716,-0.115468841839302
89.299,0.405835460210511
89.3974,0.107797086272527
89.4668,0.0488794267003101
89.5862,0.431759198590612
89.7593,0.00241290144725781
89.7961,-0.0840187893801243
89.8798,0.0274745335387223
89.9611,0.0972526204841699
90.0067,0.373677452705863
90.0304,-0.144050148432058
90.0691,0.36229989670089
90.1062,-0.0846489861654618
90.2432,0.431643787619478
90.2805,0.200608291019293
90.3,-0.0152637542809941
90.3144,0.436429164890384
90.3425,0.198772849623325
90.4688,0.372163232489896
90.4802,0.370878489160575
90.4868,0.0814755832752354
90.528,0.303349471772506
90.5382,-0.155130431695383
90.5565,0.264019213949723
90.6131,0.258587335375751
90.6832,0.197893998219314
90.7664,0.411475413015296
90.7883,0.00502745844221408
90.8161,0.430940419048568
90.8263,-0.138088996616645
90.9015,0.273639117305748
90.9154,-0.0187822971264637
90.9359,0.298044690093292
90.9567,0.280641882586124
91.0131,-0.0806084067778414
91.0537,0.208650810963221
91.0722,-0.142324194641631
91.0951,-0.110783604371989
91.2443,0.426713864557186
91.2992,-0.0604313670518764
91.3233,-0.14761122345314
91.3781,0.396965428207949
91.3913,0.437493482989126
91.3953,-0.101300690406049
91.4088,0.248048459888281
91.4831,0.0751618291643865
91.5488,0.441989195242215
91.5898,0.123921105460212
91.7316,0.25351571951326
91.7388,0.0739617846367224
91.7872,0.308705349014346
91.8506,0.292225921935255
91.8728,0.269698459802854
91.8988,0.417769385978715
91.9013,-0.11786616683699
91.9052,0.245355745215875
91.934,-0.00444623630329488
91.9386,0.415826661158363
91.9977,-0.00987116493131168
92.0227,0.413089818690608
92.064,-0.00712824035139192
92.2703,0.442764598793246
92.3114,0.0571661036925093
92.3284,-0.112879279982209
92.4643,0.0972157332498682
92.494,0.4444408711812
92.6532,0.226925678276302
92.7039,0.21473000923271
92.7465,-0.0104668908013537
92.7749,-0.0377560628246414
92.8326,0.350926137239327
92.9651,0.391920597470829
93.0632,0.449986955285183
93.1816,0.122966509571626
93.3626,0.328828679579459
93.3938,0.444846417653167
93.3993,0.406111789643404
93.444,0.145795384220435
93.5074,-0.155826089578639
93.5538,-0.015807169156048
93.5671,-0.162692391700659
93.5942,-0.0336246063848762
93.7761,0.382199925486887
94.0056,0.131901541018806
94.0808,-0.159108144173388
94.1509,-0.0879822120708411
94.1716,0.453529609847521
94.1979,0.419509108817209
94.2245,0.0934696898276002
94.2407,-0.0742555648934058
94.2803,0.439022190729446
94.3658,0.171693662115104
94.4099,0.443927389006632
94.4372,0.441569341355645
94.4592,0.456780182671835
94.5062,0.436698859767674
94.5303,-0.134247438967122
94.6834,0.268998737161681
94.721,0.192679133256163
94.8894,0.273582167824259
94.9144,0.433586955492956
94.9527,0.435043011130105
95.0952,0.459117441127731
95.0957,0.161705157760537
95.1451,0.0886725475591419
95.1496,0.296160296240942
95.1682,0.428866104558651
95.2094,-0.166573519822322
95.2927,-0.167953886411027
95.3662,0.0139298434315407
95.4146,0.166908280465677
95.4189,0.00948983543256077
95.4266,-0.131693150829847
95.4409,-0.0566879709114261
95.4455,0.408724176517438
95.4543,0.370868996755306
95.4999,0.0763712932284761
95.5784,0.178995161179344
95.6399,0.439739677425791
95.6634,0.356178527420838
95.6848,-0.0921621468711322
95.7941,-0.170231151486234
95.823,0.215182870449112
95.8557,-0.0917302921566403
95.9323,-0.138353201138216
95.9471,-0.0191215763693435
96.0315,0.318733372229218
96.1084,0.164588795025665
96.1733,-0.0567473488817001
96.1901,-0.142101511907924
96.1955,-0.123227726092082
96.2566,0.465436205997889
96.3556,0.464378732496499
96.4468,0.340917265631006
96.496,-0.167001333398261
96.5381,-0.0578010613666891
96.5841,0.466233210233057
96.5965,0.413659141989413
96.731,0.381123267393278
96.8062,0.0484405856203409
96.8106,0.148285449745927
96.8769,0.270130034463378
97.0331,0.458815233811279
97.0576,0.237566627518419
97.0639,0.234999741888345
97.0842,0.000517883853348167
97.1752,-0.16493653273119
97.2273,-0.0779901957437943
97.2563,0.225341576431092
97.3008,0.341291100803602
97.3725,0.174684060155329
97.4859,-0.112322458859936
97.4963,0.429383467888613
97.5869,0.0625931744900754
97.7492,0.0637555511518286
97.7584,0.330853937187541
97.7887,-0.0946858353826343
97.8191,-0.00921837813918103
97.8514,0.120123792523387
98.0379,0.460196271067915
98.1408,-0.135379183807316
98.1507,0.461317974664951
98.1715,0.446478120708591
98.1798,0.457343529144865
98.2278,0.0283714102488091
98.2994,0.394359445038205
98.3685,-0.136429388466652
98.3811,0.264520930258072
98.4225,0.105722792971321
98.5701,-0.0547984379619919
98.6643,0.286887285376935
98.7237,0.466667642624486
98.8018,-0.108634958622702
98.8784,0.394884646180188
98.905,0.115191174243819
98.9619,0.474852572273022
98.97,0.293565038219199
99.0193,0.248125004483256
99.045,-0.125726941607965
99.1067,0.33215339560897
99.174,0.303568511282535
99.3021,-0.168432670524851
99.3275,0.428871199602895
99.3408,0.0184254440601848
99.3917,0.413483666723977
99.4028,-0.113594941888579
99.9546,0.077189275577453
99.9576,0.46589747726064
