0.0799,6.71589437184483e-06
0.1672,-1.88790803000438e-05
0.3257,-0.000448632344369593
0.3984,-0.000934680056837778
0.4335,-0.000101376282549581
0.4843,-0.0012931556063886
0.5235,-0.00147095846326928
0.5318,-0.000998725758166508
0.5337,-0.000270824824659122
0.5552,-0.000722143131284381
0.593,-0.00125190882267645
0.6202,-0.00173589280279818
0.6387,-0.00124803748177682
0.6394,-0.000823480166768031
0.6821,-0.00117214505527619
0.6878,-0.000271814598920783
0.7161,-0.00189256807468297
0.7245,-0.00151511083345046
0.7448,-0.00162131985677927
0.7458,-0.000773951034634068
0.7495,8.40831794057806e-06
0.7649,-0.00188247872589808
0.7816,-0.000799966244821149
0.8017,-0.00191138663965829
0.8042,-0.00133569515370791
0.8046,6.34854737456836e-05
0.8092,-0.00160625713619056
0.8587,-0.00231321254051797
0.8596,-0.000940363501570673
0.8649,-0.00236530129286683
0.8711,-0.00160624796562259
0.8766,-0.00218096367265941
0.894,-0.00125763755535091
0.9225,-0.00011009448901278
0.9234,-0.000983601261045242
0.9251,-0.000482289043257977
0.927,-0.00062826399230298
0.9305,-0.00201950528469519
0.9549,-0.000675196106744824
0.9747,-0.000218927377787614
1.0285,-0.00250436299409262
1.043,-0.00102812035336397
1.0503,-0.0024947250322418
1.063,-0.00151076836419017
1.1115,-0.000139495776368515
1.1194,-0.00301654122685147
1.1235,-0.0030925098308523
1.1271,-0.000569982093408195
1.1345,-0.00101437625773548
1.1566,-0.000635326161866567
1.1715,-0.00172223957838114
1.1767,-0.000260321490944015
1.1857,-0.0029421475281044
1.1894,-0.000998791237308394
1.1953,-0.00327307653594144
1.201,-0.000849263459221428
1.2116,-0.00197944152167162
1.2134,-0.000884966885126293
1.2186,0.000126039202442918
1.2238,0.000169838132016542
1.2332,-0.00134396897949984
1.2339,-0.00143337455244508
1.2376,-0.00324695148665399
1.2434,-0.00282535234789161
1.2499,-0.00115237140902114
1.2636,-0.000112034693975138
1.2655,-0.00269976150351114
1.2889,-0.000262477906803449
1.2907,-0.000355827854227719
1.2944,-0.00188594340106785
1.3027,-0.00355903411236058
1.3073,-0.00322072287240061
1.3164,-0.00367422365385117
1.3308,0.00012440689524329
1.3446,-0.000642046383182215
1.355,-0.000135686334328255
1.3557,-0.0020830153443927
1.3664,-0.00359756037370151
1.3781,-0.0038431063600084
1.3838,-0.00340011941606466
1.392,-0.0023541867015382
1.4096,-0.00381794473930763
1.4159,-0.00295497125648736
1.4268,-1.57302293803951e-05
1.4284,-0.00388421142965267
1.4367,-0.00352829143893008
1.4411,-0.00265338583854646
1.4509,-0.00400397314199141
1.4515,-0.00239134314615175
1.4619,-0.00138671226562548
1.4671,-0.00320806257037409
1.4673,-0.0040025569868436
1.4679,-0.00113171924325384
1.476,-0.0036609470951523
1.4798,-0.00341882831058982
1.4804,-0.00140701252560693
1.4882,-0.000108193784270627
1.4981,1.04110976728577e-07
1.5004,-0.000463107519594885
1.5035,-0.000707046803710032
1.5285,0.00010181456060776
1.5347,-0.00387348477444593
1.535,4.71550048697367e-05
1.5505,-0.00245608112498097
1.5514,-0.00297778021253503
1.5575,-0.00369660763641377
1.5658,-0.00272605163082473
1.5685,-0.00437848771664795
1.5695,-0.00206453125698935
1.5816,-0.00085131663963689
1.5899,-0.00200837576833712
1.6048,-0.00106264244524201
1.6077,-0.00115134163930253
1.6102,4.65612556947992e-05
1.6136,-0.00345473562216148
1.6268,-0.00441229669487297
1.6339,-0.000742032033264728
1.6812,-8.57237767692975e-05
1.6846,-0.000901255725779926
1.6873,-0.0043697481295415
1.696,-0.0036569913540998
1.7065,0.000121109777516892
1.7297,-0.00338808944147684
1.7315,-0.00194040692535014
1.7393,-0.00429266319701282
1.7481,-0.00219014275117013
1.7486,-0.00422346622117376
1.7489,-0.000751638019827361
1.7491,-0.000702285322093266
1.7499,7.5827916789839e-05
1.7512,-0.00434495232835652
1.7517,-0.000531009263383453
1.7542,-0.00171702474515478
1.7546,-0.00192159472871234
1.7613,-0.000148629812646295
1.7729,-0.00445599065143454
1.7813,-0.00317596441083512
1.7863,-0.004942066932349
1.7949,-0.00450172988614472
1.7974,-0.000894683927165296
1.8106,-0.00385897419283743
1.8143,-0.00068666743598178
1.8318,-0.00054661170367587
1.8417,-0.000654191888118882
1.8428,-0.000737244292466688
1.8495,-0.00201097057333866
1.855,-0.00244162459031272
1.8635,-0.00199065254745001
1.8685,-0.00505945416068787
1.872,-0.00208105716281248
1.8908,-0.00057161198702782
1.8984,-0.00399371659730652
1.9032,-0.00193976104450444
1.9064,-0.0016259028958876
1.9091,9.19446387275258e-05
1.9144,-0.00143335614099827
1.9197,-0.000382267216584076
1.9226,-0.000371159702196477
1.9239,-0.00413312427708634
1.9275,-0.00349790800394878
1.9293,-0.00242934915522053
1.9295,-0.00102504112585922
1.9315,-0.00512080432143613
1.9328,-0.000864804953754739
1.9555,-0.00485352098140135
1.9585,-0.00492370775915285
1.9646,-0.000320274998545145
1.9697,-0.00537285794101017
1.9928,-0.00551500625052004
1.9933,2.98387705841563e-05
1.998,-0.00233670298196365
1.9998,-0.00105065195789633
2.0029,-0.00550852407770286
2.0079,-0.00502793252303713
2.009,-0.00517700348286221
2.0147,-0.00124969899413685
2.0207,-0.00278113274247005
2.0241,0.000177017908962185
2.0339,-0.000716338169071129
2.0355,0.000127749801329902
2.0563,-0.00531281143654772
2.0595,-0.0057102705400891
2.0643,0.000108967335367804
2.0668,-0.00308687867929347
2.0732,-0.00345299115495523
2.074,-0.000677095432930042
2.0867,-0.00286171346049269
2.092,-0.00575856397633157
2.0938,0.000157002899177083
2.0958,-0.00113268622553075
2.1041,-0.00229677221877544
2.1077,-0.00161010086683921
2.1241,-0.00516889964369094
2.1257,-0.00067615447561753
2.1323,-0.000709608979811538
2.1328,-0.00516704136196244
2.142,-0.000821112618987652
2.1492,-0.00126031515215574
2.158,-0.00374618583510555
2.1767,-0.000905875104415976
2.1772,-0.00594147863901062
2.1824,0.000186203697043918
2.1836,-0.0038945588261341
2.1863,-0.00101203725131338
2.1881,-0.000173787507009582
2.2004,-0.000193105906076685
2.2103,-0.00609204217410397
2.2134,-0.00515867457011643
2.2196,-0.000970883536421496
2.2235,-0.00169288739229234
2.2435,-0.000900033325751615
2.2471,-0.00323386447564777
2.2562,-0.00126263858118136
2.2563,-0.00270721015290798
2.263,-8.09585336658536e-05
2.267,-0.00057430064350994
2.2811,-0.00246646288750307
2.2826,-0.0028607599458752
2.2925,-0.000540703956248834
2.3032,0.000251836526478755
2.3061,6.49524074982644e-05
2.3079,-0.00557951025391556
2.3097,-0.00653579376152935
2.3119,-0.00392718683489912
2.3183,-0.00122661378847821
2.3227,-0.00309478677045938
2.3407,0.000168216387292031
2.3434,-0.00646392253163119
2.3678,-9.34921204920336e-05
2.3694,-0.00663017272910826
2.3696,-0.00207049826651096
2.3697,-0.00214163588130667
2.3943,-0.00227494272588746
2.3947,-0.0016987221145266
2.4004,-0.00132755264941276
2.4011,-0.0035966298006902
2.4033,-0.00119014003828077
2.4082,-0.00525970503638362
2.4086,-0.00251507527717854
2.4152,-0.00487656982895235
2.419,-0.00230531156845348
2.4194,0.000202222077093861
2.424,-0.00663913053278442
2.4278,-0.00615683034940995
2.4332,-0.0036460374275733
2.4358,-0.00333033843671338
2.4417,-0.00476415252013851
2.443,-0.00290634759913599
2.4443,-0.00113065445267369
2.4598,6.55502273478881e-05
2.4627,-0.00646486267899471
2.4733,-0.00532980077056777
2.4832,-0.00517184472134602
2.4863,-0.0019157058278112
2.5021,-0.00146043376745109
2.5032,-0.00703124051272352
2.5085,-0.0067712609721009
2.5181,-0.00477776679879671
2.5258,-0.0042862278959781
2.5291,-0.00701555378037533
2.541,-0.00504586566406795
2.5534,-0.00161409764556764
2.5642,-0.00651040471742448
2.5758,-0.00442483354125267
2.5779,0.00019749167898242
2.5862,-0.00701515138755049
2.5867,0.000241252497891864
2.5882,-0.00311141515494029
2.5886,-0.00189147881286988
2.5971,-0.0069993556856609
2.6099,-0.00621163438311134
2.6117,0.000175704475325666
2.6122,0.000261841449142874
2.6134,-0.000791334757999973
2.6155,0.00010194709466349
2.6216,-0.00563155396470183
2.6265,-0.00727420242421895
2.646,-0.000327798787772338
2.6471,-0.00419304633435225
2.6481,-0.00329014666507765
2.6516,-0.00735294822578147
2.6548,-0.00273474897085224
2.6574,-0.000856204909705394
2.6585,0.000125284682122029
2.6647,5.61241959982084e-05
2.6652,-0.00737230547951562
2.6719,-0.0053617791584859
2.681,-0.000820398853885518
2.6887,-0.00754426813820608
2.6888,-0.00214350877578262
2.6918,-0.00666687626169526
2.6934,-0.00126623538727832
2.6994,-0.000913002134552254
2.7067,-0.00138308937449416
2.7087,-0.00748990775265135
2.711,-0.00460213595909664
2.7113,-0.00671773822312316
2.7132,-0.00217308299933539
2.7144,7.50521085226552e-05
2.716,-0.00298673811075956
2.7185,-0.0034353928736035
2.7188,0.000190664228379767
2.7333,-0.00222391377919084
2.7376,-0.00455306889581619
2.7381,0.000112572978861358
2.7444,-0.00658594343178542
2.7445,-0.00746598945390842
2.7465,-0.00158043973657218
2.7517,-0.00178303072781949
2.7544,-0.0036112857395616
2.7614,-0.00579520317094762
2.7639,-0.00655170604444111
2.7644,-0.00432930521172903
2.7747,-0.00516119657750957
2.7761,-0.00718577043991475
2.7966,-0.00239446775418761
2.7981,-0.00775289116524558
2.8032,-0.000853804099762989
2.8046,0.000186871536707933
2.8059,-0.00751609378421225
2.8151,-0.000190790399382301
2.8226,-0.00243782603553644
2.8276,-0.00258358141154824
2.8393,-0.00334997493759515
2.8406,-3.26979460716359e-05
2.841,-0.00320688412822445
2.8411,-0.00309241177584907
2.8446,-0.00780841442761115
2.8472,-0.00758888125117751
2.8505,-0.00751926263103275
2.8564,-0.00615124794498145
2.8675,0.000179759250754863
2.8725,-0.00198738172231572
2.8741,-0.00447895512599228
2.8857,-0.00317479400092235
2.8865,-0.00627544369391408
2.8905,-0.00698570148818467
2.8926,-5.54644880836896e-05
2.8931,-0.00145372656607945
2.8951,-0.00511702644531065
2.9058,-0.00385091452011999
2.9073,-0.00107685604184171
2.9073,0.000161016072756315
2.9128,-0.00596829856185677
2.9144,-0.00812985337178773
2.9149,-0.00766290996776409
2.9172,-0.00803736114375297
2.922,-0.00153066829350079
2.9308,-0.00714181398624003
2.9429,-0.00734529263435801
2.9459,-0.00688879039269352
2.9517,-0.00816153330433034
2.9547,0.000224901801333832
2.9675,-0.0053841042374172
2.9703,-0.00254219012714163
2.9731,-0.00638006529995039
2.9806,-0.00756734984475083
2.9815,-0.00627862299661031
2.9848,-0.00494842450186894
3.002,-0.00439120555041672
3.005,-0.00095502070580844
3.0064,-0.00188866010518973
3.0219,-0.00190856103127324
3.0283,-0.00764196722326105
3.0324,-0.00200296743557171
3.0396,-0.0063737513336326
3.0427,-0.0038096988896914
3.0462,-0.0055510397139571
3.0508,-0.00240717540413105
3.0647,-0.00854981487485151
3.0674,0.000284578293773485
3.0684,-0.00302442518629631
3.0858,-0.000334549506554538
3.0865,7.71152555953947e-05
3.0884,-0.00803783113568235
3.0977,9.24527290684374e-05
3.1026,0.000282061153112245
3.1047,-0.00836113251410842
3.1062,7.56837763140616e-05
3.107,-0.00852118766726973
3.1204,-0.00722583961085554
3.1223,-0.00246529162273212
3.1229,-0.00860287431712603
3.1343,0.00028010759955821
3.1372,-0.0075986173034237
3.1404,-0.00256202591618315
3.1425,-0.00259299924117773
3.1439,-0.000292306369099826
3.146,-0.00771874151659713
3.1465,-0.000888616725204461
3.1469,-0.00226603557003457
3.1472,-0.000961442406233637
3.1537,-0.00533930180490882
3.1657,-0.0081339727758114
3.1723,-0.00867032028203196
3.1808,-0.00891752496200304
3.1831,-0.00774850391961657
3.1902,-0.00470221349195077
3.1906,-0.00142417313018584
3.1937,-0.000150624120022869
3.1987,-0.00394445266040133
3.2008,-0.00658835674793279
3.2039,-0.00241051836421269
3.2072,-0.00902263043189588
3.2201,-0.00644697132890704
3.2262,-0.000438428564335958
3.2266,0.00023678356864032
3.229,-0.00053085886234383
3.2312,-0.00604449652633354
3.2336,-0.00884862777217421
3.2363,-0.00447454489990928
3.2364,-0.00876242231527113
3.2429,-0.00473995634653335
3.2552,-0.00710468145505816
3.2554,-0.00732882781181621
3.2561,-0.00229127888680614
3.2584,-0.000548818640212279
3.2601,-0.00434958519443462
3.2608,-0.00913451461905979
3.263,0.000170278843728777
3.263,-0.00588518273355199
3.2759,-0.00398074961201278
3.2783,-0.000325308578575711
3.2787,-0.00110936096592429
3.2823,-0.000377519371850266
3.2934,-0.00387941056944996
3.2961,-0.00177928881957046
3.2964,-0.00863087974610899
3.2992,-0.00916239515234452
3.3055,-0.00721225768896527
3.3076,-0.00177013981930063
3.3078,-0.00799578538817247
3.3235,-0.00604580086760986
3.3269,0.00020247021176889
3.3332,-0.00650634955817342
3.3348,-0.00268626688486062
3.3349,-0.000229247699659929
3.3361,-0.00390139099691345
3.3392,-0.00349418703434479
3.3395,0.000141989585353386
3.3478,-0.0080840149938628
3.3568,-0.00396637540033584
3.3569,-0.00841899255183831
3.3592,-0.00186137287263888
3.3608,-0.0033529052665795
3.3622,3.41120060203259e-05
3.364,-0.00534075319698113
3.3642,-0.00370928202699261
3.3644,-0.00594802695395069
3.3646,-0.000878881831118505
3.3675,-0.00215357643628211
3.3719,-0.00387765556810082
3.3721,-0.00957105258450452
3.376,-0.00947721876463614
3.3841,-0.00152745731749793
3.3854,-0.00718009487922355
3.3874,-0.00960825010653288
3.3947,-3.58793287591475e-05
3.395,-0.00830464097033046
3.3961,-0.000706222981258442
3.4069,-0.00324129193372746
3.4143,-0.00734579810091995
3.4188,-0.000366274222007412
3.4257,-3.20342665034445e-05
3.4315,-0.0041311701133866
3.4377,-0.00830836728086748
3.4401,-0.00812812765208415
3.4437,-0.000342317320384922
3.4453,0.000291647983654109
3.4471,-0.00188581405779775
3.4489,-0.00849232911591091
3.4515,-0.0036402405210012
3.4571,-0.00657340464349865
3.4589,-0.00433990444537757
3.4597,-0.00943999374388182
3.4607,-0.00486779230835666
3.4665,-0.0013422220565702
3.4707,-0.00648907204231852
3.4774,0.000138554956924164
3.4876,-0.000558749122778313
3.49,-0.000192025262218287
3.4909,-0.000482057374373568
3.491,-1.39046559759493e-05
3.4918,-0.00505693753840264
3.4937,-0.000539851817935144
3.4997,0.00018372424221802
3.5029,-0.00838269011871828
3.5049,-0.00621591084227457
3.5053,-0.00978464209712593
3.5105,-0.00854097004812404
3.519,-0.00330756274700494
3.5216,-0.00747951267412184
3.5227,-0.00821552563599814
3.523,-0.00481963631158777
3.5239,0.000351596661002151
3.5291,0.000105978257545658
3.5315,-0.00404909503287731
3.5322,-0.0077660316527135
3.5326,-0.00993399274402718
3.5338,-0.0064191951335415
3.5338,0.000138328734899495
3.5376,-0.00708698633365445
3.5394,-0.0095391201222399
3.5408,-0.00613811661451935
3.5447,-0.00428161952135442
3.547,-0.00866384102832951
3.547,-0.0035947393641611
3.5579,-0.000952090891541246
3.562,8.52443510934719e-05
3.5623,-0.0014124771038313
3.5624,-0.00964345954830303
3.5652,-0.00229990587048912
3.5712,-0.00999419504255217
3.5774,0.000177203730390652
3.5795,7.200391351736e-05
3.5804,-0.00991644141260473
3.5865,1.41822259762669e-05
3.5894,-0.00863892886877604
3.5906,-0.00310351011273102
3.591,0.000175118474034175
3.5997,-0.0101569067658547
3.603,-0.0081089405475363
3.6056,8.59172299900735e-05
3.6099,-0.0033121360799826
3.6128,8.72215317992975e-05
3.6147,-0.0001597614507034
3.62,-0.00449741910495582
3.6222,-0.00215491092018949
3.6291,-0.00437882444457305
3.6299,-0.00751348708630095
3.6393,-0.00112644486287605
3.648,-0.00655655819925061
3.6528,-0.0102262910692912
3.6538,-0.0091835068250119
3.6633,-0.00733460997018076
3.6651,-0.0102167293781128
3.6719,-0.00914360154329863
3.6742,0.000183423921159331
3.6822,-0.00421731961923655
3.6864,-0.0102281850577324
3.6889,-0.00614319416918141
3.6911,-0.00812614522166255
3.6951,-0.00325526456046754
3.6993,-0.00112224968144137
3.6998,-0.00203907767316336
3.7136,-0.000722439353685544
3.7219,-0.000813674537676778
3.722,-0.00161769276681412
3.7235,-0.00100973654662262
3.7252,-0.0103043449197169
3.7291,-0.0103983635513072
3.7352,-0.00362788066091957
3.7444,-0.00984206797797871
3.748,-0.00076595962923065
3.7483,-0.00727799662099127
3.7513,-0.00102740323268646
3.7515,-0.00213521094223168
3.7595,-0.00161799374205618
3.7642,-0.00523862136610598
3.7654,-0.0103505367745687
3.7674,-0.00427131561599792
3.7694,-0.0104354400492657
3.7708,-0.0102195474547897
3.7809,-0.00516144349632608
3.782,0.000301532271838933
3.7869,-0.00970156880023909
3.789,-0.00891075130378294
3.7923,-0.00721700453492202
3.7926,-0.00773070624969252
3.8,-0.00599470608754826
3.8005,-0.00130580297372163
3.8008,-0.00407139299629211
3.8095,-0.000229921899699725
3.8104,-0.0106951245425511
3.8112,-0.0103788477279747
3.8172,0.000136707125522495
3.8194,-0.00910685822951418
3.8198,-0.0092972946830896
3.8231,-0.00247177420556133
3.824,0.000121311933967583
3.8241,-0.000232221582044279
3.8271,-0.00507320033639314
3.828,0.000179586598209713
3.8284,-0.0102510375897085
3.838,-0.00673598237673012
3.8398,-0.00803268408790148
3.8404,-0.0106762164844305
3.8478,-0.00935027635856089
3.8481,-0.00341068429044489
3.8485,-0.00533668522215835
3.852,-0.00529446002947775
3.8527,-0.000733824560223084
3.8535,-0.00101296424000941
3.8565,-0.00750935044566869
3.86,-0.00019624719599376
3.8689,-0.00699130349620081
3.8715,-0.000333509506115437
3.8772,-0.00340266490704844
3.884,-0.0107716876826096
3.8843,-0.0108020226929204
3.8857,-0.0105660595326724
3.886,-0.0101980556979164
3.8863,-0.0100068047815394
3.8863,-0.00914209177938963
3.8889,-0.00264970630541361
3.8995,-0.000949283416165514
3.8999,-0.000912533199510346
3.9038,-0.0100810224501404
3.9051,-0.00721291873985042
3.9086,-0.00995694383403789
3.9185,-0.00760754954337273
3.9189,-0.000494937778701576
3.9195,-0.0108856120516538
3.9207,0.00017408443653455
3.9215,-0.000449056790690516
3.9215,-0.000340392116599197
3.9219,-0.000807067962443675
3.9231,-0.00761714233819655
3.9278,-0.00769216740624623
3.9303,-0.000671715932591965
3.9332,-0.00950738731986123
3.938,-0.00927828497290317
3.9476,-0.00303793302885502
3.957,0.000256307831319358
3.958,-0.0106225346083981
3.9588,-0.00912175113191838
3.9592,-0.00328894792148127
3.9593,-0.0102217845327512
3.9594,-0.00187066364053745
3.9597,-0.00509968502428571
3.9615,-0.0101668830913275
3.9618,-0.00102643374527034
3.9646,-0.00434466548559564
3.9646,-0.00699922115457019
3.9694,-0.00405087547691396
3.9698,5.80985129619016e-05
3.9738,-0.00209588638474401
3.9756,-0.00513409294356038
3.9771,-0.0111385800576023
3.9831,-0.0106263492396605
3.9836,-0.0104042989634787
3.9844,-0.00629133938823578
3.9904,-0.00375206751470669
3.9914,-0.0111340093026038
3.9922,-6.16490016764892e-05
3.9923,-0.00866019600357326
3.9947,0.000288317941368188
3.9965,-0.00335997300144175
3.9989,-0.0103909823892039
4.0037,-0.00141643411142223
4.0069,-0.00228532762587363
4.0081,-0.0101681840901406
4.0112,0.000175500899034731
4.0122,-0.0109974452943682
4.0148,-0.00121615636231187
4.0164,-0.00641696612883624
4.0214,-0.010263273641101
4.0293,-0.0103372220134528
4.0335,-0.0113175000343295
4.04,-0.00815824728909753
4.0435,0.000224297494979098
4.0459,-0.010114155723989
4.0489,-0.00298398124118027
4.0533,-0.00170048616050966
4.0546,-0.0111788314815762
4.0564,-0.0076182023677589
4.0567,-0.00576288247971313
4.0619,-0.0101810367418738
4.0653,0.000113151915482668
4.0661,0.000400563500872586
4.0725,-0.0110486468167537
4.0735,0.000232357739800015
4.077,-0.0088775934976022
4.0802,-0.000642561586252199
4.081,-0.00503473300180346
4.0814,-0.000271628858298456
4.0815,-0.00730064400124064
4.0816,-0.00936668022121179
4.0863,-0.0058556654473243
4.0933,-0.00143818830161724
4.0937,-0.000313761379310051
4.0957,-0.000579837804101757
4.098,-0.00502127568229405
4.1005,-0.00598515140793499
4.1005,-0.0112594707374392
4.1024,-0.00439470606568282
4.1081,-0.00660687213244238
4.1138,-0.00322775689337451
4.1163,-0.00531821069654992
4.1163,0.000336000542562331
4.1168,-0.000131390141076437
4.1218,-0.00157902899243467
4.1337,-0.00048815008191827
4.1338,-0.0021940257105646
4.1381,-0.00664278901574011
4.1426,-0.00710272567254933
4.1434,-0.00110624045576113
4.1438,-0.00183432869492961
4.1483,-0.0116563198009372
4.1516,-0.00921493090495051
4.1536,0.000145813073933354
4.1612,-0.0116586053928751
4.1645,-0.0040257038880922
4.1755,-0.00452795016429342
4.1835,-0.000278867563299201
4.1838,-0.0108135281026147
4.1851,-0.0111851126029663
4.1872,-0.00394697100344921
4.1937,-0.00181299830520576
4.1944,-0.010358782758126
4.1948,-0.0109619270262593
4.1956,-0.0116760261953104
4.1957,-0.00675928123887815
4.1976,-0.00162932517296621
4.201,-1.98944228113618e-06
4.2036,-0.00204829868570933
4.2039,-0.00160423936288723
4.2042,-0.00861817729193959
4.2046,-0.00510458654328794
4.2052,-0.0117820224029765
4.2079,-0.00822719027028196
4.2096,7.63653070858794e-05
4.2129,-0.00435925674644988
4.2278,-0.000205266767953738
4.228,-0.00336931292189835
4.2284,-0.00826773290924443
4.2287,-0.0017788766477187
4.2324,-0.00738650866302759
4.2337,-0.000836719882907566
4.2384,-0.00495428783917351
4.2409,-0.00842056054139739
4.246,-0.0116133877283211
4.2462,-0.00627870419662191
4.2526,-0.0116988496384254
4.2551,-0.00830217149270229
4.2552,-0.0114567776551979
4.2556,-0.000594898969482394
4.2582,-0.00102178626961447
4.2615,-0.00371919465289405
4.2636,-0.00990735917813002
4.2677,-0.00108406353221913
4.2678,-0.00918871292767331
4.2708,-0.00289660718554519
4.2755,8.15631275816742e-05
4.2776,-0.0116637348604813
4.2878,-0.000878924216648258
4.2918,9.40838614473805e-05
4.2951,0.000200710051766251
4.2993,-0.0007974368062591
4.3097,-0.00986917643586604
4.3103,0.000217877117875354
4.3245,-0.00748925202299233
4.3302,-0.000329732151609363
4.3306,-0.00713181734911483
4.3404,-0.00164194405745199
4.3439,-0.00236675159873556
4.347,-0.00419582838219679
4.349,-0.0120619432629612
4.3491,-0.0121104948278852
4.3534,-0.00757074493652699
4.3551,-0.00617568911032063
4.3586,-0.00775644257566199
4.3602,-0.0106347379411051
4.3611,-0.00821564692899646
4.365,-0.00557864004644237
4.3655,-0.00287474859760284
4.366,-0.00627676939543864
4.3696,-0.00117576431055344
4.3748,-0.0121417995245396
4.3785,-0.0087194371063859
4.3816,-0.00732738351112339
4.3828,-0.0106238546469495
4.3844,-0.00240267436024322
4.3904,-0.00739779925320239
4.3911,-0.0120227303630793
4.3973,-0.00192691045957982
4.3982,-0.0109669494915181
4.3986,-0.00379629497079126
4.4011,-0.00457976642656988
4.4039,-0.00952473739808735
4.4048,-0.00778957425708171
4.4087,-0.00668049148366823
4.4125,-0.00585182382218452
4.4146,-0.000729104757593468
4.4183,-0.00684291525516034
4.4194,-0.0110013075332756
4.4202,-0.00207317646561833
4.4209,-0.00521508638044921
4.4212,-0.00172233841901548
4.4218,-0.00388239112285937
4.4229,-0.0108626839191519
4.4233,-0.010344216038515
4.4269,-0.00387130987253137
4.4288,-0.00265944988061584
4.4337,-0.00464785255380828
4.4366,-0.0109791387431786
4.4483,-0.0105593837180704
4.4495,-0.0110848448732872
4.4512,-0.000312431653808787
4.4525,-0.000607496828652465
4.4557,-0.00101554220821853
4.4593,-0.00489296266241723
4.462,-0.00249165131479856
4.4622,-0.010719963697742
4.4624,3.27434805855731e-05
4.4662,-0.0123879043451485
4.4695,-0.0119897226753265
4.4714,-0.00050983208699229
4.4741,0.000453236679480717
4.475,-0.00397843963746958
4.477,-0.0112876260042123
4.4789,-0.00428228482639792
4.4814,-0.0122337755265471
4.483,-0.0111876217877285
4.4838,-0.00180679617142765
4.4876,-0.00496488814401275
4.4969,-0.00626968746028833
4.4973,-0.00348071140113326
4.4974,-0.00838013322884912
4.5022,-0.00977743500788719
4.5144,-0.00855053524303528
4.5199,-0.00666958286559538
4.5202,-0.00560832369765141
4.5207,-0.00736121030281733
4.5219,0.000200471412483694
4.5244,-0.000510031753553797
4.5259,-0.0126138346042266
4.5276,-0.0079952222747437
4.528,-0.00131152401697143
4.5307,-0.00168473162204208
4.5314,-0.0056377241021579
4.5332,-0.0118575927696352
4.5342,-0.00125698200010849
4.535,-0.00769132576420439
4.5362,-0.011257843765959
4.5383,-0.0102181396483756
4.539,-0.000762571364787412
4.5418,-0.0117499621486807
4.5478,-0.0105035201066705
4.5507,-0.000109372501660765
4.5525,-0.00633868935466708
4.5568,-0.0086309420711439
4.5627,-0.00400609470469604
4.5629,-0.0031930929479973
4.5677,-0.0124367916683292
4.5714,-0.00299368526664168
4.5742,-0.0073204141829244
4.5746,-0.0111843301700043
4.5767,-0.00226055127799718
4.5771,-0.00928487431035929
4.5772,-0.00289096067432659
4.5782,-0.0113128852127806
4.5829,-0.0072717865524714
4.5998,-0.00225799744466482
4.6012,0.00022679341753129
4.6017,-0.000950552325636345
4.6035,-0.00305849025994132
4.6055,-0.00108088807941886
4.6123,-0.00219986034296582
4.6247,-0.0074940456507937
4.626,-0.00824992263116808
4.6281,-0.00753703989925736
4.6299,-0.00952308504637234
4.6301,-0.00428113224113336
4.6306,-0.00133520819973754
4.6311,-0.000725964604038509
4.6377,-0.0112899854891193
4.6423,-0.0123659052282763
4.6424,-0.000701149330268436
4.6437,-0.00380747310330865
4.651,-0.0129463081626797
4.6544,0.000448215447151235
4.6548,-0.000204580219587136
4.6598,-0.0128306071382811
4.6616,-0.00843128468172072
4.6617,-0.00286746893977963
4.6632,-0.00869800317335123
4.664,-0.0109403492226958
4.665,-0.00471961854814484
4.6659,-0.00539569730204814
4.6684,-0.00139891833085493
4.6707,-0.0130180104528517
4.6709,-0.00941177908738933
4.6736,-0.00246341964636532
4.6779,0.000374821407953085
4.6913,-0.00279896781725686
4.6941,-0.00753643799201775
4.7011,-0.00590763708135622
4.7036,-0.00103033136467534
4.7055,-0.0129511176351977
4.7071,-0.0123193118864728
4.7074,-0.00319155085600364
4.7124,-0.00559654202285831
4.7144,-0.0117915455302002
4.7161,-0.0052835387403567
4.717,-0.00717798798566438
4.7209,-0.00731090142761381
4.7213,-0.0123304172680632
4.7269,0.00022201911161801
4.7278,-0.0122657204451295
4.7297,-0.00879196125361759
4.7307,-0.00421243181808251
4.7342,-0.00148261974697217
4.737,-0.00749928507128939
4.7406,-0.000249647055494684
4.7407,-0.000655918963433422
4.745,-0.0130845364578658
4.75,-0.00825318641595185
4.75,-0.00260711692708071
4.7518,-0.000163501960938284
4.7589,-0.0074740649265177
4.7595,-0.010889519408491
4.7638,-0.011904679813016
4.7642,-0.0126984861653181
4.7678,0.000344698435753799
4.7723,-0.0112499339251437
4.7761,-0.00162681893180228
4.7778,-0.00707050134279541
4.7786,-0.0124610411678852
4.7792,9.90284026558541e-05
4.7818,-0.0120478896978282
4.7827,-0.00549283649290366
4.7856,-0.0129456462612598
4.7858,-0.0129397467450358
4.7921,-0.00717899680321032
4.7955,-0.0115008286660832
4.7958,-0.00699277448953239
4.7965,-0.0102491811214263
4.7989,-0.00343048948819824
4.8057,-0.0125949405301222
4.8058,-0.0123106074026769
4.8061,-0.00640907561950854
4.8069,-0.012673877776181
4.8081,-0.00508675503798095
4.8154,-0.0133013655672984
4.8166,-0.0122127729398969
4.8243,-0.0119490600513315
4.8262,-0.00730742423559949
4.8262,-0.00031197993162202
4.8377,-0.0124361617799629
4.8391,-0.00801727108808237
4.8438,-0.00185490148436784
4.8449,-0.0105716704091536
4.8452,0.000250734322492896
4.8465,-0.0120153176533524
4.8493,-0.0129998782622529
4.851,-0.00114824897652621
4.8541,-0.010347473406326
4.8575,-0.00192424207553543
4.8605,-0.0120531415352385
4.8618,-0.00439541020791268
4.8639,-0.000742836608126574
4.8657,-0.00113319581949956
4.8663,-0.00735312265298749
4.8671,-0.00961618483944093
4.8682,0.00026698371159295
4.8719,-0.0111537981461067
4.8731,-0.00476464848475633
4.8751,-0.0108415377914204
4.8783,-0.00349552991251301
4.8827,-0.0131145069122791
4.8842,0.000192787740412648
4.8845,-0.000850509578481429
4.8847,0.000401276404931039
4.8856,-0.00998871748023067
4.8904,0.000328359640089815
4.893,-0.0137785790353053
4.8945,-0.00109940247555329
4.8961,-0.00226546862939436
4.9023,-0.0110426452188257
4.9045,-0.0105456420436498
4.9105,-0.00653407580990173
4.9132,-0.0130314472989097
4.9157,0.000417028661723329
4.9224,-0.000627136019327956
4.9232,-0.00429716913361311
4.9247,-0.00148713913811882
4.9273,0.000320810516599934
4.9335,-0.00810115691555158
4.9408,-0.0064870940970172
4.9418,-0.0137362813683612
4.9438,0.000419085092171478
4.9438,-0.00440355504093493
4.9453,-0.00128225514860958
4.9496,0.000116581453253772
4.9539,-0.00488466187338776
4.9572,-0.00116176986448124
4.9608,-0.000640294519572038
4.9647,-0.00221722204925001
4.9663,-0.0104105594825334
4.9772,-0.013961561042219
4.9778,-0.0120868796596563
4.9793,-0.000311339878165562
4.9838,-0.00644509602354848
4.9883,-0.0112565700856218
4.9889,-0.0130175896331393
4.9892,-0.00490696099227872
4.9902,-0.00982339472333038
4.992,-0.0111229737212986
4.9924,-0.000943129262576115
4.9942,-0.00594318738361377
4.9963,-0.00689500889887906
4.9967,-0.00757526441227352
5.8988,-0.0114719195724602
5.946,-0.00576533606033625
6.4976,-0.0129782108298073
6.8755,-0.0181218184645573
6.9336,-0.0167345860102692
6.9438,-0.0186261130325169
7.0483,-0.0196166795520494
7.1213,-0.0172894873685303
7.298,0.000716317960810287
7.5322,-0.00164674360169492
7.5714,-0.0195624313264151
7.7017,-0.00447246288170877
8.2718,0.000622877300175517
8.8784,-0.0161678994035093
8.9191,-0.00328729326468924
9.1843,-0.00590520158637986
10.1215,-0.0242654215017399
10.2344,-0.0222570951989312
10.3005,-0.0032788060368425
10.8957,-0.0236602953493588
11.4101,-0.011650509097846
11.6505,-0.00377896817985501
11.9435,0.00102711994370885
12.2948,-0.0362451276349152
12.4198,-0.0372009486173912
12.4508,-0.0271924519391025
12.4913,-6.87246898323224e-06
12.6735,-0.00195854342729262
12.863,-0.000923649699636542
12.9752,-0.00448313772613496
12.979,-0.00260920093219852
13.2611,-0.0295840224151096
13.4064,-0.00960458835052513
13.4611,-0.0178562288142334
13.5325,-0.0384859374125259
13.6282,-0.00826038531728379
13.6321,0.00109429729340249
13.6557,-0.00149566283184654
14.2986,0.000525248383171473
14.397,-0.0370543274920632
14.4039,-0.0186573327829453
15.0881,-0.0437307967154759
15.1124,-0.0385044157427199
15.3405,0.000522304084125125
15.6289,-0.0403753171261769
15.7168,-0.0483356371328298
15.9515,-0.00733167023220993
16.2141,-0.00923917240181638
16.6556,-0.00440705161222965
17.3329,-0.04990337038749
17.3885,0.00159850638290493
17.7347,-0.0390145983495316
17.7432,0.00120740790467266
17.8915,-0.0393376519722324
17.9547,-0.0350451235143687
17.9937,-0.00136123128707766
18.0662,0.00184521230940149
18.1763,-0.0536725615137286
18.2242,-0.0536976003295955
18.4305,-0.0323197564618347
18.5798,-0.0541741873232375
18.6411,-0.037976765884693
18.6926,-0.00554637078299081
19.1696,0.00174687973683874
19.196,0.00114138458429736
19.2311,-0.0012710841188337
19.4731,0.00106491769506789
19.6114,-0.0570811824559279
19.6433,-0.0345218935142029
19.6579,-0.0236739996500077
19.7676,-0.0612929885978097
20.0059,-0.00292852571163138
20.0227,-0.0446294920392489
20.1317,-0.0306138489185805
20.299,-0.00686392254297985
20.5377,-0.066760083555728
20.6345,-0.0555775797518905
20.6459,-0.0680149287435619
20.6579,-0.0121828870058955
21.2238,-0.0521097375293174
21.2635,-0.0190631191059687
21.6657,-0.0692285362325435
21.8112,-0.041867119256267
21.8688,-0.000823847212608086
21.8898,-0.070821135368746
21.962,0.0023613121073538
21.9902,-0.0581183339976334
22.4786,-0.0618933622215678
22.5658,0.002361897802718
22.9722,-0.0677877451558508
23.0124,-0.0471162361817186
23.2679,-0.00499120711302581
23.4078,0.00310393398980224
23.6622,-0.0575810803528256
23.696,-0.0630165624207351
23.8061,0.00273627631047191
23.8092,-0.00951055645894172
23.8477,-0.0310811522141883
23.8556,-0.0698816103844173
23.881,-0.0366294759048813
23.9048,-0.00360812555195267
23.9628,-0.0627285184881785
24.0498,-0.0653159819294373
24.196,-0.0749381830903708
24.1978,-0.0175714612699664
24.2449,-0.0529877701530488
24.2672,-0.0750376888228423
24.3214,-0.0749906445689597
24.4579,-0.0436297582596303
24.4802,-0.0161190266536657
24.7125,-0.066786612270036
24.8665,-0.0356187435921775
24.8994,-0.0104355399989586
25.1893,0.00466897570165514
25.2665,-0.0822659112819863
25.2903,-0.0806491712711654
25.3738,0.000760460273465213
25.4177,-0.0880708832612207
25.4681,-0.00422243918330523
25.6992,-0.0229364033290587
25.8924,-0.0532897858216046
25.9916,0.00296465435407711
26.0621,-0.0707520708779548
26.0681,-0.0859396730772772
26.1378,6.860915595297e-05
26.1403,-0.0138465285349447
26.2048,-0.0179404074226106
26.2317,-0.0889377222381853
26.2618,0.00371538098371715
26.285,-0.0911952497547546
26.3759,-0.0487376140565132
26.4811,-0.0640950037617323
26.501,0.0019979195679305
26.5452,-0.0804864328145207
26.5697,-0.0365863880430481
26.6165,-0.0231943296734833
26.6215,-0.000146772379117976
26.8787,-0.0833333104470739
26.8795,0.00540988291643885
26.97,-0.0103999086614692
27.0925,-0.0982093473833139
27.1262,-0.0456708859511075
27.1745,0.00281177347018868
27.2664,0.00305107322607512
27.2781,-0.063556234016751
27.3314,-0.0113380336467976
27.4003,-0.0993361363144558
27.5183,-0.0125007974201701
27.6535,-0.0631395116049909
27.6889,-0.0066956348547933
27.7932,0.00711849326662417
27.8768,-0.0856791343847334
28.0026,-0.0285256568693484
28.0933,-0.060097787291955
28.1529,-0.0491389796250488
28.1776,-0.0389939496465423
28.4164,-0.0283944462280026
28.4444,0.00724559470901909
28.522,0.00596443317663642
28.6008,-0.00207226512662473
28.628,-0.0381930461723563
28.7709,-0.10504354897957
28.8581,-0.0357563947063575
28.8986,-0.0849827278713171
28.9076,-0.059687507852523
28.9755,-0.0586743538860546
29.0088,-0.0146268522899184
29.0762,-0.0164194142971361
29.1051,-0.0241659925632582
29.2644,-0.0271920907425844
29.3106,-0.00301977678028464
29.3881,-0.106921839476538
29.6049,-0.0926274640907252
29.617,-0.0665488787452233
29.6319,0.00798435286871779
29.675,-0.0875449387547782
29.7566,-0.0263727665301836
29.7717,-0.039719212632388
29.7794,-0.0103780620639107
29.8008,0.00252438292003987
29.8471,-0.0561298281311053
29.8568,-0.00580791058963115
29.9741,-0.109602140457817
30.0555,-0.0745496613631182
30.1149,-0.090483168148328
30.224,-0.0114679816133609
30.2294,-0.0118155163154192
30.2759,-0.110403973032383
30.3253,0.00431632429869211
30.3672,-0.0307478418897915
30.3835,0.00302323215935729
30.4145,0.0105051037196056
30.4833,-0.0782016906229011
30.4858,0.00628240899845878
30.5465,-0.106750832849166
30.7467,0.00757447561924351
30.9989,-0.114266974339145
31.1495,-0.116916952222496
31.2114,-0.0165119951961756
31.2212,-0.0405180130902494
31.2246,0.0088723117260443
31.2301,-0.0678692173980302
31.4605,-0.00285464767074828
31.6691,-0.11910458992573
31.732,-0.0296214393737912
31.7357,-0.0643318566544728
31.8677,-0.122228787470608
31.9327,0.00343966228254189
31.945,-0.0755945972601424
31.9795,-0.119857423765687
31.9943,0.0100827674852759
32.0389,-0.0127292681133326
32.0747,-0.0887333875784364
32.173,-0.0453624333319027
32.2068,0.00486599823101841
32.3306,0.00314405691540287
32.3644,-0.0560096160724868
32.4125,-0.110966662805964
32.441,-0.118020948672466
32.478,-0.00886658439724641
32.5646,-0.043893581532032
32.6575,-0.0858165998369884
32.7205,-0.0290558864657413
32.732,-0.0557730791310149
32.7833,-0.123535962980569
32.9184,-0.121991336352153
33.0583,-0.00669049627400398
33.0988,-0.00681896562968376
33.2265,0.00311107315323511
33.3183,0.00341089640548375
33.5267,-0.0633636400234749
33.5887,-0.0351878568177497
33.6036,0.00685122998298482
33.7136,-0.11909531122599
33.9777,-0.0773269499930507
33.9937,-0.119556223867349
34.115,-0.132229068601589
34.2284,-0.0190223599252022
34.4154,0.0036133716356801
34.4566,-0.0476834128680181
34.5794,-0.0639122363681537
34.6098,-0.0209208992792682
34.6252,-0.0019872839427677
34.6594,-0.0863966281510287
34.6631,0.0153468904776091
34.7718,0.0177284019046198
34.8836,-0.111726258518431
34.9428,-0.0626959702502035
34.9671,0.0113116915574167
35.3059,-0.00160452243173381
35.3748,-0.130626534326289
35.3754,-0.00271273054088539
35.5718,0.00337056503881428
35.633,-0.144590873336341
35.8051,-0.0753838502562942
35.8233,0.00347602946156655
35.8454,-0.141039619727614
35.882,-0.11085040151918
35.9548,-0.116492215994086
36.002,0.0194453983205349
36.2044,-0.0852051290125715
36.3528,-0.117416117830508
36.5085,-0.128250262614969
36.6859,0.0130523419663717
36.747,0.0215136798973106
36.7849,0.0168402906417739
36.8827,-0.0467575990686839
36.9618,0.00630199334573689
37.1955,-0.0957321315034889
37.2184,-0.0561444986403785
37.3249,-0.123703893573257
37.4717,-0.150309978501831
37.5116,0.0115001029567878
37.5187,-0.15468285726655
37.5424,-0.0788727403998166
37.6149,-0.0792813728481576
37.9575,0.000656942537908378
38.0037,-0.12128488964985
38.0871,-0.157760808128558
38.1004,-0.0208558572602371
38.119,0.00877819481885211
38.2042,-0.127867212909635
38.2097,0.00386475609874992
38.3683,-0.0227991915164765
38.374,-2.24316789427803e-05
38.394,-0.127156926110899
38.3956,-0.105468980254244
38.4216,0.0147492154074271
38.5252,-0.160292774468374
38.5476,0.0259980236718746
38.5958,-0.0931286472083386
38.6672,-0.0461780204762761
38.706,-0.0234488236649142
38.7857,-0.0626024561605476
38.8217,-0.158437026786402
38.8597,0.00407013451138738
39.0296,-0.0390730195644764
39.0619,0.00475650227901525
39.2392,-0.0125665292269872
39.3299,0.0129454581869766
39.3548,-0.0498461658385452
39.3551,-0.0808259100125213
39.527,0.000976504521439381
39.5309,0.0271741694922198
39.5733,-0.168515402448278
39.6526,-0.0909247204029242
39.6592,-0.0899207254473566
39.727,-0.0120041513047937
39.7502,0.00926766392088751
39.7676,-0.168160551667285
39.7737,-0.0423397455545924
39.8494,0.00179978593467922
39.9335,-0.118536641688529
39.9806,0.00164222122605651
39.9859,-0.0546826245283185
40.0485,-0.15932948261672
40.0563,-0.0638259898141627
40.0929,-0.164367673908281
40.094,0.0109979372278985
40.1091,-0.146929294046259
40.3508,-0.160767507342939
40.3894,-0.0945868711335933
40.3981,-0.167044781675735
40.4219,0.018334729239335
40.435,-0.146647138328021
40.545,0.00141847983189081
40.6154,0.0245603786476707
40.6405,-0.107755042781626
40.6539,-0.0196577645712921
40.6819,-0.00097026743883788
40.8464,-0.0774225648850475
40.8499,0.012367998282734
40.8539,-0.0311830511873907
40.869,-0.0381108721566292
40.9206,-0.165477040399239
40.9797,-0.167098071898742
41.0458,0.00525647716536781
41.1756,-0.11618826892132
41.3044,0.0323414565546472
41.3461,-0.113155638032012
41.3661,-0.162963822972308
41.3815,0.00700836003630201
41.4482,0.0270494210848895
41.5032,-0.00744705487121422
41.5469,-0.114707293277107
41.5783,-0.0971056104119867
41.679,0.0122406582983245
41.7056,0.00644674437934611
41.7356,0.00328099135300874
41.7671,0.00420543233554582
41.7788,0.0338968489024509
41.8095,-0.107495328622797
42.0009,0.00590388306801515
42.0392,0.0347994506186637
42.1025,-0.0206790022176833
42.122,0.00808837403832996
42.2552,0.0134119261041548
42.3086,-0.106858090164515
42.3089,-0.161027796559026
42.4314,-0.164134291268674
42.4673,0.0079289073848372
42.6039,-0.141424199020044
42.6094,0.00557536228284761
42.6189,0.0174092269013073
42.6672,-0.176775793337477
42.8098,-0.0783739457786012
42.8354,-0.0812369060665219
42.8366,-0.0101834489780472
42.844,0.00540738232017901
42.8854,-0.0679666204840501
42.9148,0.0361354910487606
43.0894,-0.16863390976971
43.175,-0.16901409158482
43.1924,0.00142022912502426
43.2806,-0.0252665221037915
43.3261,0.0368582540809683
43.3447,0.0337978684298292
43.4124,-0.121964274721037
43.4419,0.0338468198969082
43.4907,0.00433285799321936
43.8329,-0.184520249213271
43.9169,0.0333228104920238
43.9391,-0.0814992106467045
44.0252,-0.0511957893606407
44.04,-0.183002438825255
44.0527,-0.196246906145284
44.2297,-0.170612909974828
44.2403,-0.0880677896760673
44.266,-0.0205598855942242
44.3743,-0.13465195889809
44.4478,0.00355964435774325
44.4619,0.00461912840113143
44.5231,-0.0152688630006921
44.554,-0.10247888523778
44.5903,0.0232807899125547
44.6052,-0.190017730856162
44.6534,0.00637074425755202
44.6728,-0.193356781822558
44.7022,0.018476682513878
44.772,-0.101329481243695
44.7819,-0.192527837601418
44.8036,0.0388349955771616
44.8261,-0.111119234559787
44.8459,-0.130497062066013
45.0279,-0.106376485960496
45.0563,0.00630532342530898
45.1355,0.0429758482026017
45.2242,0.0248378686243527
45.2944,-0.0264928205257675
45.3167,-0.105769022839759
45.5978,0.0175354728117725
45.6781,-0.129765687896423
45.7322,-0.124688940303088
45.75,0.0052597903164795
45.9707,-0.0150375277659975
45.9901,-0.202927048338488
46.0283,0.0377784366365219
46.0287,-0.071732887076088
46.1719,0.039110147278933
46.2291,0.00867870469286203
46.2428,-0.0328651287650246
46.2557,-0.0618814126839666
46.2656,0.0326833302003635
46.3229,0.0347204686446716
46.3869,-0.173153784822333
46.5491,-0.0359678745207503
46.5613,0.0116201544575674
46.5881,-0.0842109210380144
46.6118,0.0239645468001939
46.6938,-0.0829716493162067
46.7051,-0.189162057582152
46.8281,0.0023148451923376
46.9992,-0.155296435051248
47.0086,-0.0278742519715038
47.0658,-0.190362140231251
47.0659,-0.194669421026369
47.0991,-0.206216823323189
47.0993,0.0498933666063692
47.1953,0.0408076261830956
47.259,-0.197118335820058
47.2659,0.0186188113888264
47.277,0.0511304315152188
47.4004,-0.030081911377664
47.4337,0.0121248878251734
47.4463,0.0455691539228127
47.4922,-0.221302839950347
47.576,-0.201498017623422
47.736,-0.210684326840614
47.8779,-0.168486274105966
47.897,-0.202158771615252
47.935,-0.122140072931316
47.9527,0.00482390196327742
47.9719,-0.135425353856924
48.1527,-0.163736879492006
48.2783,-0.0125047255339368
48.3773,-0.206938311167029
48.398,-0.115553779599779
48.4323,0.0510756245379298
48.4432,0.0251649407127417
48.453,-0.112686351754292
48.5801,-0.227203063179324
48.5899,-0.141004857733421
48.6146,-0.0904033360290981
48.6261,-0.0255406956639419
48.6268,-0.0166027852917452
48.6878,0.00061018300326765
48.6936,-0.204399602144242
48.8172,-0.231705473480872
48.8394,-0.22251564794005
48.8726,-0.188547828233922
48.9491,0.056325513771128
49.0851,0.0521690228449643
49.0881,-0.126364230107434
49.1048,0.00877724809580371
49.1563,0.00948245136661541
49.1757,-0.00653816341009872
49.2652,-0.154519451673288
49.3361,-0.234815612558343
49.4007,0.0577475719060843
49.5619,0.0546247094241892
49.5712,-0.186160601763248
49.6712,0.00058172440660087
49.6847,-0.229795421581144
49.697,-0.100950677621441
49.7188,-0.0880449747679606
49.726,0.037539564774832
49.7758,0.0589588183123197
49.7805,0.0446853349151226
49.7945,-0.0678804320210773
49.8466,0.0511859898567408
49.8741,0.0127024867177994
49.89,-0.207026029274815
49.898,0.0259036837003777
49.9174,0.0119216210415516
50.0655,0.0248722538451247
50.0867,-0.22824495494109
50.1402,-0.023491890561786
50.2399,0.0150856968701092
50.3675,-0.017725863159356
50.502,-0.174859296694557
50.5341,0.00532895751448592
50.563,-0.0303397799519516
50.6031,0.0628267028088345
50.6228,-0.0662524048273241
50.6324,0.0590818279586927
50.6563,-0.02593151476934
50.7452,0.062550257543414
50.7544,0.0323280765892378
50.8244,-0.152426862996748
50.9516,0.00492466264702074
50.9612,-0.0473774045633633
51.0019,-0.156630826151186
51.0109,-0.247838277430738
51.0124,-0.248120365382434
51.0143,0.0344973161320041
51.105,0.063907261442445
51.3061,-0.0544092997373582
51.3161,-0.0603642814893632
51.4689,-0.158161623191184
51.5909,-0.143638503271085
51.6159,-0.003193199281597
51.8425,0.0360546691228265
51.8657,-0.196521956928578
51.914,-0.0352598952430512
51.9255,-0.0975250604960891
51.9286,0.0370541382473917
51.9631,-0.238373018317169
52.0419,-0.233903739712517
52.1473,0.0633871166758624
52.3105,0.0474745732889588
52.3533,-0.173276368621586
52.3772,-0.13033569991579
52.4648,-0.108735148035223
52.4775,0.0098127853522243
52.5193,0.0244012689750264
52.5979,0.0601193024627804
52.6363,-0.227095379644211
52.6478,-0.131621060330183
52.6947,-0.13031188604652
52.723,0.0588268864657095
52.8247,-0.0309806988054504
52.8837,0.0693449046631898
52.9076,-0.0265601600778567
52.9135,-0.0617831730135308
52.9164,-0.00942303994730764
52.9618,-0.257234489913053
52.995,-0.102191035134858
53.067,0.00234476750755874
53.1524,0.0566938130248644
53.1858,-0.102969760020109
53.3053,0.00621402574447671
53.3252,-0.215089565586283
53.3966,-0.246879651303047
53.4702,0.0734024014739063
53.5579,-0.218853266347594
53.6315,-0.210007841126917
53.6754,0.0667698913702495
53.7959,-0.244322948564914
53.9435,0.00681267190037005
54.0242,0.0402585615294413
54.0732,0.0051521553138798
54.0817,0.0630584993200571
54.1092,-0.220448392134799
54.1124,-0.0992188922796018
54.1405,-0.222163613725748
54.1584,0.00439480216626009
54.1848,0.0662457895096438
54.1891,-0.272403294439592
54.2221,0.0715211372980207
54.2243,-0.196892250525664
54.3648,-0.0161855220853084
54.3787,0.00579765895857065
54.3953,-0.20908968810518
54.4363,-0.251968134239696
54.4835,0.0279197837590743
54.5141,0.0196196667684276
54.5524,0.0661054612150664
54.5864,0.00542398206870587
54.6353,-0.268093564772883
54.7202,-0.273744519477646
54.7392,0.0224410063606513
54.7786,0.0790389188292266
54.8127,-0.0791210380970853
54.8567,0.00516026949348714
54.8669,-0.0258836861226612
54.891,-0.259520123697058
54.9455,0.0017907843576026
54.9521,-0.266338788558052
54.9818,0.0271839663622799
55.007,0.0677887327803859
55.0346,-0.178496453932809
55.0379,-0.187738734793349
55.0943,0.0602103553534619
55.1577,0.0670311763349218
55.1714,0.0538854585010142
55.1769,0.0400837715805267
55.3593,0.0369381708914531
55.3845,-0.220272264685235
55.4535,0.0784300394620345
55.4892,0.0289283945917589
55.5148,-0.138515226504104
55.5244,-0.256343809371856
55.5281,0.0679350931262235
55.5322,0.00712393002256562
55.5547,-0.224818168215272
55.5765,0.0751499993115132
55.6551,-0.23824821552148
55.6554,0.0295445423953495
55.6881,-0.133945355107961
55.7397,0.0826813819566183
55.8086,0.00764714105344666
55.8224,0.0388940048813424
55.8537,0.0729806149379044
55.8845,-0.186489549294741
55.9058,-0.229779402934859
55.9482,-0.268891748415214
55.9955,-0.208355264323096
56.0243,0.00743079837064897
56.045,-0.222282423522998
56.0686,-0.082888030476937
56.0843,-0.12347365958469
56.1131,0.0823986519953408
56.1763,-0.188225711414262
56.1828,-0.171811948410912
56.349,-0.289128867709856
56.4173,0.065423187796938
56.4184,-0.215195069518778
56.433,0.0509455709427016
56.4712,0.0652870537632779
56.4909,0.0796509522731128
56.5236,-0.258272335544433
56.5475,-0.0355857857031481
56.578,0.0520849257627631
56.6883,0.00956697032569309
56.7066,-0.293351260206585
56.71,-0.231116834648809
56.776,0.0281765149181865
56.7883,-0.20517757626871
56.7963,0.0870401911811243
56.8655,-0.24825805535805
56.9493,0.0537202311946459
56.9834,-0.291048393881155
57.0135,-0.279399070476551
57.1369,0.059895318905113
57.147,-0.203084402356723
57.1509,0.088358634619162
57.1624,-0.0338733215437941
57.2335,-0.0280530543095807
57.2706,-0.275785952368913
57.4038,0.00985379586096258
57.4189,0.0731508996036681
57.4325,0.075757793937953
57.4499,-0.0189013160614522
57.4614,0.0261498791809771
57.5093,-0.0589764084198663
57.5258,-0.235022120473225
57.5955,-0.269883060904036
57.6495,-0.0972108497290307
57.666,0.0653305656260201
57.6673,-0.0609562597766455
57.7063,-0.292654202974653
57.7175,0.0296166987724433
57.7765,-0.0360573007772302
57.7972,0.0258936201213658
57.8068,-0.000333783097190121
57.8234,-0.0842573619561264
57.9117,0.0554094140677677
57.919,-0.250806400817268
57.9466,-0.0266725047723853
57.9521,0.00279758291222976
58.0455,-0.202275198865102
58.0479,0.00922348908981974
58.0696,-0.196262692622291
58.0838,-0.0566637820137004
58.0872,-0.217108803284781
58.1741,-0.237018524827981
58.2459,0.0738346678228652
58.2719,-0.0138229827794021
58.3316,-0.129541113302899
58.3763,0.084369840459118
58.3934,-0.195236927331408
58.3958,0.0177090578008361
58.4061,0.0732520889809933
58.4168,-0.12645962083657
58.4915,-0.307804548424741
58.5439,-0.0441875502537883
58.601,0.0826184731556125
58.6153,0.0626129158497832
58.807,0.0754996904630474
58.8504,-0.297982160426521
58.8872,0.0372491700689963
59.0101,-0.268094880286796
59.0758,0.0947040784437192
59.1009,-0.264844034713072
59.1143,-0.178077506028387
59.1397,0.0941601196715638
59.175,-0.306853835701766
59.1853,0.00217705734105067
59.187,0.0987377415694723
59.187,0.0939889253040178
59.2125,-0.0803131386821079
59.3215,0.0966479382907437
59.3865,0.0185157758923609
59.4165,0.0733868445686596
59.4424,-0.286996662908251
59.5234,0.0987036245225426
59.5403,-0.0998720451076025
59.5506,0.0166074306375208
59.6782,-0.153037434627954
59.7342,0.0634703620205244
59.7509,-0.283465239341723
59.7911,-0.246361343012296
59.798,0.00622150011939482
59.8637,-0.038806464813689
59.8649,-0.258980917179194
59.8763,0.0975388458554178
59.9032,-0.309397050315731
59.9272,0.0576607049195204
59.94,-0.206046899719766
60.0166,-0.177222896098449
60.0549,0.0848949259714971
60.1042,0.0952612640888901
60.1163,-0.148056650158331
60.1415,0.0602706281242931
60.2352,-0.323199642920535
60.2955,0.0353753841420215
60.3207,-0.0332807404472177
60.33,-0.323225340919741
60.4332,-0.303600849556666
60.4356,0.00933370326312399
60.5555,-0.0899927202567952
60.5807,0.0618343775684025
60.5891,0.10282354360416
60.6009,-0.294616135534646
60.742,-0.252824330221614
60.7462,-0.309036980616987
60.7523,-0.0725510662972511
60.7693,-0.0668795625642247
60.836,-0.124259432603324
60.8399,-0.251052408051279
60.8437,0.0340638113744163
60.9307,-0.114330965563475
60.9511,-0.0489648852235476
60.9592,0.0330938666397671
60.9834,-0.250138179086818
61.0282,-0.329291866860743
61.0378,-0.135589261551388
61.1074,0.0835723146859095
61.1103,-0.000231874542059529
61.1124,0.00732436593899877
61.1171,-0.0505397072550835
61.1461,-0.331321070691573
61.2608,-0.136513997454294
61.2653,-0.1155633425521
61.2758,-0.0106229626619552
61.2823,0.0279021102583314
61.2887,-0.0421340010824025
61.2933,-0.302373294751334
61.329,-0.302592889999481
61.3652,-0.256182022902067
61.4257,-0.136045086999339
61.4738,0.0241941185270775
61.4875,-0.293402500090224
61.5713,0.0440828429991527
61.5735,-0.192199264903834
61.6066,0.00659930889887761
61.6272,-0.26057567662334
61.6544,-0.0054264418946488
61.6681,-0.33586961295623
61.6823,-0.12224588978458
61.7033,-0.212807778212522
61.7045,0.0384936725797829
61.8704,-0.315095668644013
61.8731,0.016595914346766
61.9507,-0.30583973612255
61.9617,0.076076105374284
62.0154,-0.278507290386912
62.0249,-0.264306940236921
62.0719,-0.223051894660472
62.0968,-0.0141119396360025
62.1032,-0.339046075356237
62.112,0.104042576047725
62.239,0.0485672127084413
62.2927,-0.30205547274339
62.3199,-0.290495402807728
62.4276,0.0387680428943682
62.4564,-0.304983094205362
62.4834,0.0174376990507596
62.485,0.050457369806054
62.5515,-0.00670989184216353
62.5808,-0.0750304245580651
62.6644,0.0974703857967754
62.7506,0.00959029667638589
62.7949,0.113041306883233
62.8212,0.00666608812128544
62.8297,0.0467946901866227
62.8691,-0.298237802207055
62.8957,0.000250599778674143
62.9453,-0.0575984988518101
63.056,-0.3397528340005
63.0852,0.0154544052113081
63.1687,-0.213309236763017
63.181,0.0718534216351614
63.2052,-0.0675876643337645
63.2552,-0.287253460332217
63.3389,-0.0708719332777576
63.3629,0.0988148269760742
63.4331,-0.281640209835729
63.5659,-0.317337891745396
63.571,-0.1561406409973
63.5974,-0.326034584525409
63.6987,0.0891838565327916
63.7936,0.00866336458074102
63.8604,-0.326722350541885
63.8852,-0.102127191379466
63.9337,0.0244857726319836
64.0122,-0.120575008920881
64.0689,-0.333816599393387
64.078,-0.117152520230221
64.1072,-0.00124441744392811
64.1775,0.0173760917133166
64.2331,0.112781908470794
64.2376,0.0701554572946037
64.2564,-0.358413817111654
64.2696,-0.35931320211948
64.27,-0.103540350873871
64.28,0.104961843806066
64.3035,-0.0156930802079529
64.3291,-0.252560375804336
64.3609,0.00680460527730986
64.3808,-0.297692661087282
64.3907,0.0488688160049122
64.4041,-0.180462983956318
64.428,-0.292077049985053
64.5193,0.0904751540324469
64.5547,-0.360312181275603
64.5561,0.124756164707705
64.6022,-0.337011974429586
64.6202,0.080532139581905
64.7191,0.00456393520174458
64.7389,-0.0504920064296641
64.7699,-0.332897736167482
64.7853,0.105195933169796
64.7867,0.0065979374418248
64.7875,0.0743558352951226
64.8071,0.0121566660592691
64.8803,-0.115841920396761
64.9202,0.125826273590405
64.9818,0.127588146642665
65.0173,0.0932817276290621
65.0238,0.10493155034051
65.0299,-0.293695101689323
65.0407,0.127838947694769
65.0679,0.0806347271651191
65.0752,0.0419551558834144
65.1106,0.000273574668725018
65.1685,0.00716572064683874
65.222,0.128859834940798
65.2363,-0.00365669429531579
65.2365,-0.363678746810834
65.3028,-0.235059055920146
65.4183,0.0745013321445498
65.4664,0.128851846840192
65.4827,-0.277804038247766
65.4862,0.0634153375935682
65.5082,-0.20201473970009
65.5102,-0.302475192845989
65.5415,-0.33539231101598
65.6914,-0.370481575897969
65.7084,-0.31084764551818
65.7199,0.0938324034916178
65.8089,-0.299233441288067
65.8203,-0.352163650999429
65.8577,0.0876817729743777
65.9061,0.132483858370662
65.929,-0.158944391526376
65.9445,0.0182996217563982
65.9789,0.00661711864317738
66.0426,0.0871781718926314
66.1159,-0.0297790514589309
66.1688,0.120275535303335
66.1702,-0.0284154933388976
66.4245,-0.0602582898401636
66.4385,-0.0438348770618262
66.4457,-0.378908009347342
66.4469,-0.245483454947802
66.4709,-0.373595534882114
66.4865,0.1348252327941
66.4926,-0.0215191681842839
66.5353,0.055991274525141
66.6428,-0.108790921247092
66.6463,-0.00600620896146609
66.6485,0.112927485172776
66.6845,-0.363455253768507
66.7893,0.0073873647417031
66.9249,-0.215795618297605
66.9508,-0.0239691819846257
67.0557,0.130977738490088
67.0648,-0.278857259846504
67.1102,-0.383982116593003
67.1777,0.00703626817802672
67.2882,-0.207533011746321
67.3054,-0.30629443016322
67.3279,0.0186599633798608
67.3897,0.134044919979132
67.3899,0.0299944918482424
67.3902,-0.0393487182857513
67.4447,-0.0238601829850609
67.453,0.0120510516334917
67.4958,-0.322595265845194
67.5268,0.0809836095886993
67.6118,0.00780395409974233
67.6509,-0.312306104564414
67.665,0.107774070781602
67.6781,-0.0146871077825921
67.7493,0.142411773222932
67.8523,-0.194935818268434
67.8594,-0.389923995507743
67.8788,0.132208060244665
67.9216,-0.373325492115626
67.9552,0.0549740221664052
68.0378,-0.0131133215937496
68.1284,-0.20814909838505
68.1525,0.00995290691614059
68.1677,0.119627869253179
68.2411,0.0180520601652887
68.2458,-0.0331026427627137
68.2687,0.0861101363318113
68.298,-0.335616899997703
68.299,0.000256569608737323
68.3272,0.139318946346606
68.3529,0.0951721842659197
68.3961,0.0388207743861813
68.408,0.105986274525861
68.4556,0.0839923411869421
68.4875,-0.36974106207461
68.5062,-0.348935939215394
68.5306,-0.397184822446533
68.5643,0.146528573385666
68.6311,-0.177352067130116
68.6568,0.0244642832599595
68.7224,0.00662973326060978
68.7293,0.00560903162245552
68.7436,0.144197097653304
68.7627,0.137422745751707
68.7698,-0.12139570200371
68.8211,-0.400684319887432
68.8417,-0.402127326951501
68.845,-0.051006712446636
68.8744,0.148654908280207
68.8842,-0.30852469388897
68.9211,-0.378165090373486
68.9219,-0.32429220520514
68.9908,-0.372180288851439
68.9925,-0.328189234934911
68.9985,0.148730184526116
69.0509,-0.236142389205796
69.1069,-0.169392957696374
69.1368,0.00760248768857252
69.1389,-0.245088244178405
69.1577,-0.231690187134944
69.159,-0.0866746236787463
69.1642,0.0171513811022521
69.1719,0.138071624747795
69.1763,0.137566719024449
69.1893,-0.402906821760112
69.247,0.0368316872700944
69.3123,0.00525269215069102
69.3314,0.144913961204836
69.3458,0.0399093489250646
69.3564,-0.15132582404155
69.424,0.0102938582491987
69.4653,-0.301308930736937
69.4971,-0.391792482786883
69.5902,0.0352043904935471
69.6167,-0.0600603271383022
69.6331,0.0797898849655354
69.6652,0.11988202933513
69.6714,-0.293365794725119
69.6776,-0.377051997273739
69.6893,-0.389125848470513
69.7516,0.0114317230854226
69.796,-0.410700315185693
69.8753,0.131370554547004
69.885,0.131453346229662
69.9007,0.00854249713397337
69.9058,-0.412035126877768
70.007,-0.393678050380984
70.0459,0.11368827691517
70.0815,0.00218524083844329
70.1183,0.0209068469785763
70.1415,-0.401112608608813
70.1825,-0.302945743526905
70.2396,0.145412658073241
70.3057,-0.256399647390126
70.3202,-0.290973159881304
70.3537,0.00919498350937431
70.4868,-0.111195541966694
70.5828,-0.0717981521354147
70.5997,-0.376022120554239
70.7543,-0.0491053047304462
70.7667,-0.367673085954792
70.7937,0.00660453207329681
70.8607,-0.241638312191199
70.8661,-0.0595003895417534
70.8684,0.0291893929592817
70.8756,0.0882778842434675
70.8778,-0.31326041272041
71.0082,-0.309053394558532
71.0179,-0.0998336936461612
71.031,-0.303938021743079
71.0557,-0.38839542891759
71.0866,-0.388113681042256
71.0874,0.00132631365644897
71.0961,-0.348835560337278
71.135,-0.411582987730327
71.1813,-0.398029829881125
71.2097,0.162518307595192
71.2148,0.158669089499796
71.2152,0.0714965175564828
71.226,0.0767878711730106
71.2774,-0.288361389336131
71.2919,0.0552180183418187
71.3338,0.0664781463735835
71.3624,-0.357246873876548
71.4551,-0.424638579534061
71.4588,0.00207151491903801
71.4728,-0.243108400577782
71.5858,0.0843734420539732
71.5948,0.161478462758808
71.6366,0.162520037369262
71.6382,-0.039474085190804
71.6504,-0.343208165579028
71.6875,-0.00246362623951768
71.6955,-0.0765486919002001
71.8335,-0.378009233947779
71.838,0.0570636922219165
71.8583,-0.392483778348534
71.8754,-0.386395878540611
71.878,-0.390136914084039
71.9229,-0.287377999259689
71.9723,0.0216069999854653
72.0282,0.0165594268734566
72.0475,0.157991561665924
72.0529,-0.278537812589505
72.0926,0.00833454934758038
72.1648,0.158687124344254
72.1936,-0.396392793390248
72.2267,0.166267454450164
72.2387,-0.246489349372951
72.2819,0.126212231521492
72.3074,-0.0120000129418401
72.3341,0.0073682879173731
72.3362,0.077083809795127
72.3583,0.0158877563839184
72.4354,-0.289048314358268
72.5227,-0.437422019036504
72.5408,-0.105945645714513
72.5459,-0.0569594838721343
72.6079,0.0116297571317432
72.6196,0.169928063243972
72.6205,-0.438038761322474
72.6429,0.00201310816862588
72.6762,-0.00710259147625436
72.6766,-0.00634366925295637
72.6913,-0.175917662928867
72.7349,-0.428587155665042
72.747,0.114106595917306
72.7647,0.0939820413478287
72.8584,-0.0581922489014062
72.8749,0.0249351166845315
72.91,-0.399267686464242
73.0247,0.173421093472967
73.0381,-0.129266339172602
73.0617,0.0119220655366519
73.0696,0.0780828778532481
73.1016,-0.106468093405383
73.1724,-0.00043963784590062
73.281,-0.0967316079711509
73.3002,-0.368470816798293
73.3092,0.134921123108967
73.3432,-0.317497974940849
73.3437,-0.40651718770512
73.3859,-0.422735468332505
73.3945,0.0543589598680683
73.4022,0.174240948704337
73.4435,0.0255054974038131
73.5111,0.0822544021967389
73.5242,-0.0596054793081748
73.5896,-0.371978751024031
73.6069,0.0113663549554133
73.6163,-0.0639401970053513
73.6205,0.176562744438087
73.6517,0.026385666616406
73.6713,-0.449066786789857
73.714,0.0294392046511689
73.7264,0.126957909825208
73.7498,-0.241452246991429
73.7882,0.0138319492107826
73.7902,-0.0904261657493208
73.7913,0.151010103532414
73.8072,0.0406174876530514
73.8191,-0.277047452449622
73.8327,0.0180625376783894
73.8337,0.168136777641251
73.8424,0.0048482847616782
73.8747,0.0310430186009398
73.9531,0.168439517446672
74.0443,0.0975796400636284
74.0623,0.178786170182704
74.0693,-0.0173124140453353
74.1193,0.00662328778872734
74.1632,0.094379287185447
74.1646,-0.252912964955712
74.2335,-0.23703786326827
74.2595,-0.454577817642786
74.2609,-0.454823495463856
74.3071,0.157268325988895
74.3359,0.177898038417695
74.453,0.0175190893650381
74.5145,-0.0554478659006747
74.5152,-0.330660400666432
74.5627,0.182728122061079
74.6514,0.183170362611079
74.7819,-0.00803306570338691
74.7872,-0.439808176138087
74.8089,0.00790647108969722
74.8116,-0.100507615657122
74.8903,-0.455433192801905
74.93,0.182891087422405
74.99,-0.330055478226072
75.0501,0.0095149621596704
75.1063,0.00013292262283926
75.1895,-0.10622463414191
75.2376,-0.0154082748952646
75.2828,0.00785706744171932
75.3209,-0.465043532416786
75.3362,-0.29370585806889
75.3818,-0.454712064688295
75.4483,-0.0277681560465481
75.5293,-0.469077250609132
75.5347,-0.352412237751693
75.5385,-0.00958234488430776
75.5583,0.128755730141677
75.5746,-0.466013844034578
75.6696,0.138251380882878
75.6737,0.0357620193584438
75.7562,0.00375146277676208
75.8648,-0.264675312584728
75.8883,-0.472766551875679
75.9209,-0.352903540135614
75.9248,-0.394472169804331
75.9719,-0.396949041220026
76.0386,0.0254064449234903
76.0788,0.15294596083163
76.1007,0.039848403284509
76.123,-0.360952462750859
76.1524,-0.120503324604385
76.1541,-0.123235978975572
76.1657,0.135165160931209
76.1807,0.00758890451459138
76.2015,-0.456261476186896
76.2119,0.187084136026485
76.2729,0.176411802068174
76.3851,0.142357709595956
76.4313,-0.477854153567648
76.4726,-0.102528314107616
76.4754,-0.283604153687094
76.5822,-0.277749008250353
76.6133,0.183520976132414
76.6138,-0.276942105395847
76.6267,0.0462372209908608
76.6273,0.175606406461668
76.6425,0.000209574016608371
76.6639,0.00759164437613435
76.691,0.0454784297733823
76.7169,0.19574488291569
76.7335,0.196347311305288
76.7639,-0.300197427307566
76.7797,0.0429773057842056
76.7853,-0.260349129442446
76.7864,-0.449787305514093
76.8041,-0.473718594552409
76.8364,0.0553681814667186
76.8567,-0.000147136678634752
76.8608,-0.483334332091502
76.8666,-0.0497044819151284
76.8836,0.197423606680275
76.9432,-0.465797565998002
76.9633,-0.461160282844688
76.9695,0.0503175694204998
77.0513,0.0617353824010536
77.1023,-0.261453404933192
77.1171,0.193177570369386
77.1221,0.142541202644125
77.162,-0.432145733910986
77.1685,-0.36395433239629
77.1825,-0.296439135715289
77.2393,-0.479034905741926
77.2873,0.173914230537392
77.2916,0.200360187400818
77.3389,-0.360232908901736
77.3874,0.0821656914694842
77.4288,0.0920721294907167
77.4632,-0.0179146078041015
77.4714,0.00847485108141655
77.5698,-0.00610506921873366
77.6545,-0.49205103656999
77.6698,-0.491275033410915
77.76,0.000619227818305035
77.7727,0.202957540830482
77.7844,0.00794322210462894
77.8275,0.133171656244144
77.8661,0.118788189248647
77.8806,0.0449794120224993
77.8934,0.202365904796565
77.9107,-0.403019925449883
77.9697,-0.379650114520445
77.9805,-0.450970111399016
78.0315,0.097603947331919
78.0554,0.123915102600066
78.0796,-0.438940984261905
78.1662,-0.472464865409975
78.1976,-0.0250899199354819
78.2028,0.0376841288763075
78.215,-0.0763338667824343
78.2398,-0.297746471250804
78.2912,0.19516746434897
78.3331,-0.495201405021746
78.3478,-0.394062580142304
78.3813,0.0239481482959576
78.4426,-0.252234988115774
78.4799,-0.403024005944772
78.4918,-0.235874762614401
78.514,-0.0906123894382205
78.5349,0.123657830561925
78.5571,-0.424058687202233
78.5658,0.185269533202231
78.5884,-0.411208890558953
78.6935,0.00467933399048093
78.7013,0.0252545625449869
78.7046,0.00413452240221091
78.7597,-0.482178644311674
78.8338,-0.0752364619139172
78.8588,0.123294551730467
78.8931,0.0795287993943958
78.9038,-0.34476987838255
78.9068,0.0348741429197474
78.995,-0.360825699215255
78.997,0.166452579189865
79.0131,-0.506089550561015
79.0666,0.0260093043649334
79.0848,-0.281499905315826
79.0961,-0.284979429157005
79.1558,0.193228680638512
79.1623,0.143166810869886
79.1692,0.213239152650758
79.221,0.118384357528839
79.2363,0.00950230121070206
79.2614,0.00704844405834137
79.2629,0.0753708174073466
79.2646,-0.367563890366853
79.2762,0.0629036193862618
79.2936,0.0104480372225026
79.3533,0.0408316496683057
79.4536,0.209852273026442
79.5239,-0.478366806914821
79.6695,0.0251930653931822
79.6701,0.211297771929353
79.6754,0.1397568486138
79.7005,0.0257491863665535
79.7321,-0.413879632522182
79.7696,-0.190592774237899
79.8297,0.0847822978395811
79.8417,-0.0660305564805412
79.8503,-0.264940709233827
79.8525,-0.212495975946894
79.8745,-0.259089088302375
79.9542,0.192176250659998
79.9877,-0.505795708727774
80.0388,-0.0827986262279694
80.0866,-0.10715475287698
80.1079,0.135661593451673
80.1133,-0.00209636785658063
80.1452,0.0775344581491879
80.2037,0.00868084300820726
80.2355,-0.403208216479811
80.2542,-0.50924329407674
80.2912,-0.514214654607969
80.3221,-0.319081791893638
80.3327,0.0439918220331776
80.3587,-0.202720573696539
80.3596,-0.314323116813057
80.3634,0.197767815496547
80.3843,0.0138737895819219
80.3993,-0.482480151373238
80.4039,0.194042796416383
80.4222,0.20167915200517
80.4321,-0.2019692284927
80.453,-0.323016703702024
80.461,-0.444103748881957
80.4806,-0.0600553271465003
80.5116,-0.222342944208663
80.5215,-0.297632342340975
80.5224,0.183444620604632
80.5848,0.0977606742799821
80.587,-0.32508905154117
80.6467,-0.483364366455589
80.7142,-0.523128176142478
80.7307,0.175814843467876
80.7415,-0.127331462120026
80.7566,-0.162163715291214
80.8087,0.103168322225883
80.8465,-0.239356451726493
80.8689,0.134904947870112
80.8754,-0.511021233604836
80.8943,0.222298577581299
80.92,0.220803935303792
80.9579,0.218533749067873
81.0023,-0.382697401152313
81.0182,0.0965492379653767
81.0414,0.217235809098511
81.0524,-0.270819435540417
81.0689,0.0861844876872766
81.1527,0.172669809845331
81.1815,-0.373908509573681
81.2391,-0.514746172511337
81.2636,0.224936461470875
81.2914,0.154308597256247
81.3019,-0.439911887527785
81.3388,0.218104033869494
81.3388,0.102818196008869
81.4111,-0.0466902303534482
81.429,0.139858446684883
81.467,-0.260910972388146
81.6077,0.100740710697934
81.6251,-0.238910813846573
81.6634,0.0913867701148945
81.7215,-0.116470438670248
81.7465,-0.0768747083841106
81.7523,-0.523636722953569
81.7784,-0.429141848237819
81.7866,-0.499596298589836
81.8667,-0.505494051028435
81.9353,0.0666013543348356
81.9535,-0.111661285199588
81.9565,0.00254124890000185
81.9676,0.152929332303898
81.9858,0.13285498045029
81.9883,0.109493451723154
82.0062,-0.239458220139653
82.028,0.0817531034343091
82.0403,-0.0776760484813082
82.0524,0.140671160598075
82.0589,0.22780910473773
82.1107,0.0519059041607051
82.143,-0.049082090169847
82.2533,-0.00539614962379176
82.2651,0.059919473981509
82.2694,0.00333135776095617
82.2834,-0.00376023095661537
82.2868,-0.0252529163464317
82.305,0.214263398258709
82.3055,0.0176164838715636
82.3113,0.0135466888317524
82.3223,-0.132569753146683
82.3434,0.234506185400548
82.3623,-0.0173058051313006
82.4613,-0.0700520974577046
82.5182,0.143251022921646
82.5537,0.0238658746981173
82.5659,-0.113661708605434
82.6112,-0.0129057370699712
82.6334,0.0452260952936712
82.7205,0.209787968717364
82.7279,-0.515140991636756
82.7564,0.138445795666016
82.794,-0.16828066390039
82.8063,0.129721117932462
82.8109,0.0107280834378258
82.8198,-0.321692578248104
82.8234,-0.11360975095667
82.8594,-0.502308401123301
82.8768,-0.524152755434571
82.9147,0.00976776325008188
82.9423,-0.0379459827867095
82.9708,0.196864879917655
82.9967,-0.27299535916525
83.0002,0.0278598346666854
83.0069,0.209651125011376
83.0206,-0.0296262734767652
83.0511,-0.541847127699512
83.1487,0.0590134301681076
83.1491,-0.422561797851714
83.1639,-0.551144409128355
83.1813,0.10718631284341
83.2128,-0.241585504665721
83.2868,-0.5534488991172
83.3282,-0.55233548250331
83.3343,-0.0251856167074465
83.3612,0.0782658110376389
83.4084,0.0158535387751897
83.4302,0.241481021488653
83.4328,0.00252316326161406
83.4981,-0.181316446151286
83.535,0.154450693616113
83.6076,0.21241275182193
83.62,-0.543509290752752
83.694,-0.230339706669668
83.7208,-0.117236838210943
83.7238,-0.057536468637295
83.7306,-0.262953680883257
83.7383,0.208462472579157
83.799,-0.0114253307225738
83.922,-0.548237722838053
83.9464,-0.350868043779087
83.9562,-0.331752953782129
83.9915,-0.470994704415574
83.9951,0.00769069000898526
83.9952,-0.522400959359942
84.0158,0.168446963202982
84.0277,-0.54479923187462
84.1456,0.203845664728263
84.2255,-0.286953497133581
84.2613,-0.462539433124775
84.2929,0.139306918906399
84.3083,0.12619099907009
84.3316,0.212059520201478
84.4252,0.0233900747074074
84.464,0.24147010122735
84.4844,-0.0143028807015639
84.4968,0.155926640119617
84.5135,-0.434089801147877
84.5645,0.203203256808578
84.6499,-0.0681278379431376
84.6505,-0.234419435233576
84.6971,0.073731427434268
84.7044,-0.560688683545663
84.755,0.249386571625848
84.7948,-0.0576515871025123
84.8188,0.00697464721369556
84.8401,-0.268273480143364
84.8456,0.0144870435522932
84.87,-0.266010768618472
84.909,-0.571036725943017
84.9299,0.247221816201829
84.9727,-0.552835477772675
85.0357,0.146854661655709
85.0426,0.235973545401549
85.0609,0.107220493216516
85.0672,0.177537106126962
85.1098,0.0895691608112941
85.1114,-0.00244803909809832
85.1491,0.243578282982739
85.1738,0.0665453845591486
85.1802,0.226931704083469
85.1929,-0.103555525982529
85.2041,-0.174334112872742
85.2145,-0.514380834244491
85.2358,0.217906353310738
85.2873,-0.176933360238692
85.2888,0.128471913424065
85.3301,-0.528226967711348
85.3475,0.205288492446201
85.3696,0.180189297917181
85.4097,-0.489476492177147
85.464,-0.0999086380180927
85.4911,0.0493955669783048
85.5975,-0.051857365730072
85.6027,0.150291216680088
85.6151,-0.567031092037979
85.6781,-0.530452124423135
85.6856,0.255579170524726
85.6999,-0.495000068289585
85.7063,0.172182645953811
85.7361,-0.341350685197796
85.7934,-0.582867080410267
85.8826,-0.187326239902987
85.9117,-0.338463555989577
85.9228,-0.568272903641102
85.9625,-0.292515891622855
86.0392,0.192278489392194
86.0409,-0.283191780220704
86.0581,-0.336594303861588
86.0589,0.240624967996439
86.1011,-0.289794798090938
86.1611,0.243621796858008
86.2021,0.255652524206383
86.2291,-0.551451018100224
86.2461,-0.411619191935287
86.2477,-0.323949511297187
86.2652,0.202131177337591
86.3152,-0.34720081572857
86.3526,-0.262138367585848
86.3583,0.112537546303699
86.3678,-0.235522812272919
86.4413,-0.369340322077193
86.6177,0.195693485333322
86.658,0.261371574583862
86.6717,-0.558178385722258
86.6904,-0.332842969487643
86.8318,-0.13527474383055
86.842,0.223151100780825
86.875,-0.552541616099532
86.9557,-0.14615331467418
86.9691,-0.0881992083984926
87.0428,0.189804232754895
87.0597,-0.110262936685658
87.0632,-0.130256154920971
87.0662,0.00884709088303737
87.1179,0.212694330569676
87.1191,-0.233636369097781
87.1508,-0.0380660961668298
87.1517,-0.416998843933214
87.1847,-0.455535349298074
87.1864,0.139222151720134
87.203,0.00904139911312996
87.204,-0.439792504792223
87.2071,0.0077981443538846
87.2559,0.0117555322131011
87.3524,-0.495980207325786
87.3654,0.231718061622473
87.3812,0.0355642849361999
87.4157,-0.106609323058819
87.4772,-0.0950557783779971
87.5063,0.149813947676833
87.5073,-0.439670461392055
87.5258,0.240783732021569
87.5706,-0.346970185104936
87.6,0.270566241890251
87.6707,-0.587582728339243
87.6829,-0.13219133158897
87.7308,0.27416396615773
87.7858,-0.310416983163933
87.8015,-0.0861800744176406
87.8559,0.274890623931483
87.9005,-0.102076854201272
87.9757,-0.0112182566007561
87.9759,-0.373042861357391
87.9861,0.262390544210874
88.0058,-0.0112116424904229
88.0192,-0.601012997586295
88.0532,-0.584865042248879
88.1168,0.00908585507275461
88.1717,-0.0524199825695177
88.1752,0.188767856221091
88.1816,-0.379398314516493
88.2186,0.208239301855073
88.2521,-0.45923622159404
88.2587,-0.020004605486136
88.3361,-0.464473412699348
88.3533,0.222073148995676
88.3673,-0.604700255725106
88.4114,0.259389218526081
88.4609,-0.474701404763934
88.4731,-0.613099173357824
88.5014,0.0124094112332358
88.5501,0.0329997222491158
88.5566,0.280438145101073
88.599,-0.296814893497967
88.6257,0.0819240592254005
88.6365,-0.484887073268254
88.7096,-0.0626203904103733
88.8438,0.172800648035079
88.871,-0.0136125334101678
88.9177,0.283886383305827
88.9429,-0.238066480916501
88.9771,-0.063640731082387
89.0153,-0.30288319418402
89.0446,0.206941215171753
89.0911,0.249687520951511
89.2327,-0.0265144230733938
89.3503,0.206600604101524
89.3543,0.235099912416786
89.3694,0.0204128393334173
89.3775,-0.411957513796395
89.4147,0.0443423469806561
89.4811,-0.0928374920187167
89.4903,-0.375266338624058
89.4953,0.176667755894897
89.5024,-0.582760962632477
89.5274,-0.490103313177002
89.5327,-0.0934493379575798
89.5913,-0.488784898019176
89.6047,0.275429684984573
89.6202,0.104963307600798
89.6376,0.220520778513588
89.6502,0.00653158564965395
89.663,0.0284538318531276
89.6654,0.140383896573283
89.6672,-0.517596624789718
89.7021,0.257943335214833
89.7885,-0.280907632773221
89.8433,-0.623641876875311
89.9236,-0.631980496700649
89.9693,0.0771281199617846
89.9952,-0.421248643088163
90.0037,0.269361194700409
90.0301,-0.47503887829204
90.0407,0.0108176795381922
90.0835,-0.345535869940775
90.118,0.258689179859658
90.1669,-0.516417853886438
90.1722,-0.171921655476993
90.2467,-0.023667241192129
90.2527,0.0756255845910232
90.2631,-0.594382621975925
90.268,0.183462784811411
90.2939,-0.584316347710129
90.3427,-0.592474231811394
90.3582,0.109468099376883
90.3584,0.177834951504565
90.3686,-0.425670001196792
90.395,0.294404909518292
90.4286,0.0131045756056807
90.4369,0.0349357839763655
90.4372,0.0891229670575484
90.4509,-0.283706290593685
90.4678,0.0136943277111499
90.4851,-0.0411862652446473
90.4859,0.0235154841607965
90.496,-0.59563807692156
90.519,0.16712872035194
90.5275,-0.345037579139174
90.5499,-0.603380137991365
90.5526,0.0766868476893023
90.6142,-0.333825005312889
90.6259,-0.624348957875611
90.667,0.0189624199416016
90.7364,0.0144976523362033
90.7377,-0.511383568228126
90.7702,-0.326299535077652
90.7773,-0.0624332870600455
90.7864,-0.595472647717628
90.8094,0.294526549723116
90.8375,-0.630146306503732
90.8476,0.268652847220892
90.8668,-0.265102327790999
90.8942,-0.514989766378662
90.9511,-0.602971617326943
90.9569,-0.454102058930218
90.9599,-0.623435210909193
90.9612,-0.607910207702218
90.9941,-0.628619461882977
91.033,-0.0323517562176079
91.0415,-0.0698009164933211
91.0611,0.278541991969632
91.0748,-0.345623685844075
91.0819,0.275232435856395
91.122,0.239577558379594
91.1554,-0.0839507783451694
91.2026,0.279338359400171
91.2117,0.220906003346215
91.227,0.262212516399146
91.2516,-0.438352414312305
91.3031,-0.643989006104988
91.3106,-0.216560651467987
91.3208,-0.103502226190699
91.3299,-0.624575835027954
91.3578,0.0461978728907297
91.3778,-0.132399409467851
91.4176,0.0738072091714912
91.4324,-0.100552527131811
91.4957,0.291415430932275
91.5005,-0.569283157756615
91.502,0.0874493793938314
91.5049,-0.452570202868472
91.5192,-0.633965867458869
91.5355,0.304256309337475
91.5532,0.0708489548192119
91.555,-0.289193213571593
91.5907,-0.646056416557698
91.6024,-0.128316451360718
91.6079,-0.451872899649487
91.6133,0.0144839900115983
91.6301,-0.313304172268076
91.6583,0.262704983473583
91.6729,0.0165586071376964
91.6903,0.167916143250494
91.6967,0.0393626748978448
91.7486,-0.567177925275061
91.7593,0.264907551949292
91.7637,-0.0518066257553471
91.8005,-0.38590331619433
91.8279,0.0119977125803814
91.8444,0.00554655210066812
91.9071,0.285996809952294
91.9246,-0.655408379305399
91.9254,0.137038001808946
91.9337,-0.462136319038308
91.9742,-0.1587486867476
91.977,0.262945133728266
91.9783,-0.373485853701567
92.1063,-0.272936899461897
92.1217,-0.533956678616377
92.1428,0.293301575349545
92.1839,0.0227079357607778
92.3152,0.224245921455946
92.3291,-0.290252747713666
92.3465,-0.642318319657051
92.4883,0.00914985510362953
92.5229,0.30677031807933
92.5784,0.29401786746142
92.6185,-0.642078452356571
92.6245,-0.139291579481593
92.6523,0.0668809069297254
92.6915,-0.0628947052427407
92.7196,0.257529206226522
92.7448,-0.602900750347615
92.7723,-0.406963421778173
92.8148,-0.519833005334732
92.8159,0.00544134374354144
92.8365,-0.662372235464346
92.8729,-0.663718921103168
92.876,0.304645085345157
92.9096,-0.645300069805401
92.9489,-0.233555056799162
92.952,0.0629967879025628
92.9574,-0.015800349105433
92.9602,0.29910912635836
92.9962,-0.571612239012424
93.0168,-0.637683900415425
93.0432,-0.263064591308591
93.1605,-0.671958209563073
93.1785,-0.668724583083616
93.1829,0.253718331536049
93.1874,-0.133935055622359
93.1927,-0.0396529366215219
93.2046,0.000781070064604705
93.2194,-0.190975183696722
93.2238,0.307047257973466
93.2395,-0.670654336663702
93.2434,0.264249673416415
93.2721,-0.240219807285996
93.2832,-0.268300958054837
93.3142,0.0950904123179583
93.3257,-0.0645415030444241
93.3397,-0.28682839141824
93.3677,0.0713000030580844
93.3991,0.301392605396401
93.4538,-0.584031601627743
93.5172,0.287473861708136
93.5176,0.00690197450325059
93.5204,0.314947206000809
93.5205,-0.0737015068729079
93.5347,-0.517935260089999
93.5734,0.00893052714253884
93.5789,-0.428770467288473
93.5828,-0.450433076649716
93.5906,-0.63875735800913
93.6085,-0.608193478719912
93.6194,-0.49390978725765
93.6214,-0.553351840413313
93.6373,0.269308500672778
93.6466,-0.00175780396703829
93.7341,-0.0347968157053771
93.7673,-0.679053044228496
93.7974,0.157384590438696
93.7986,0.0077838907002814
93.7995,0.0158453572383763
93.8519,0.299778783035407
93.8596,-0.0559325314266772
93.8692,-0.679881679691448
93.8703,-0.0817737739361348
93.8822,0.125348869868574
93.8833,0.00778852506977046
93.8843,-0.126549094663559
93.899,0.306647823576313
93.9203,0.32372317669423
93.9234,-0.666146957906207
93.9813,0.0748541804109095
93.9957,0.0646867906303044
94.0199,-0.423030762983942
94.0932,-0.619095544543541
94.0997,0.234822897820649
94.1234,-0.065143298972842
94.1846,0.227230111403742
94.214,0.267388594068208
94.2439,0.00942211280438698
94.2444,-0.0611507792856401
94.2557,-0.0118649261434456
94.2633,0.192686978961447
94.2969,-0.602286033051328
94.3039,-0.0968975797016896
94.3393,-0.26827936551031
94.3706,0.159656090762468
94.3755,0.173949730251792
94.3756,0.0214702165193614
94.3778,-0.670455842311625
94.3815,0.328560249914247
94.391,0.326001181419116
94.4351,-0.45346671509914
94.513,-0.558006710996764
94.6181,-0.535083740675972
94.6211,-0.485223165664081
94.6335,0.325039689767479
94.6849,-0.525753314860268
94.6982,0.00687225649902246
94.6989,0.081955873436371
94.7045,-0.652692538567891
94.7196,-0.323659737162671
94.7225,0.323758278542726
94.7885,-0.315799719219086
94.7979,0.099131033814416
94.8149,0.0953702911053398
94.9064,0.00961732647061808
94.9154,-0.587873657772406
94.928,0.32056803063162
94.9424,0.116430128183566
94.9977,0.0125904555955998
95.0266,-0.108331140786888
95.0641,-0.408674418736069
95.1679,0.254346849700141
95.1708,-0.696154558482107
95.2921,-0.685597986593152
95.3021,0.0545701841185178
95.3241,-0.171521117128151
95.3347,-0.421163798550083
95.3469,-0.641363734299745
95.3524,-0.691995164614042
95.3722,-0.694251195605005
95.3777,-0.573714901274855
95.4042,-0.41031351922247
95.405,0.254767569164073
95.4224,0.0119796457405243
95.4343,0.0298588452792217
95.4381,-0.0320038689136197
95.4568,0.0283201669968918
95.4602,0.297724788026542
95.5045,-0.426129619433183
95.5071,-0.323617086449957
95.5156,-0.139985534180298
95.5314,0.123860236720773
95.5366,0.233993894172301
95.5406,0.320888300910781
95.5782,0.144541006278615
95.6029,0.0739021257958257
95.607,-0.33746765996824
95.6713,0.0423205409952772
95.6749,0.158930158318924
95.7356,0.171921688106437
95.7466,0.31232035500895
95.7864,0.0591171195394793
95.8128,0.338494658393785
95.8486,-0.69759654158365
95.8963,-0.123710907175749
95.8988,-0.642715654859117
95.9995,0.192643945791858
96.0222,0.107336835552189
96.0414,-0.0300559757332621
96.0572,0.192301557800491
96.069,-0.65634698549016
96.0717,0.33684064501351
96.1271,-0.289791553554593
96.171,0.13516505315701
96.1998,0.161093113508414
96.2188,-0.651702153628321
96.3143,-0.30877204459955
96.3162,0.315584277880589
96.4002,-0.493347632208256
96.4348,0.229713266537701
96.4357,0.130248483906215
96.6072,-0.619287524843003
96.6113,0.139910116499266
96.6187,0.292261732199293
96.6778,-0.716592553775399
96.6851,0.312570347395322
96.7779,0.122658193244135
96.7812,-0.350765424446649
96.7975,-0.529065978084688
96.8078,-0.695761977105235
96.8226,-0.03930301727992
96.823,0.311679656620868
96.8683,0.0184383166453159
96.8893,-0.677602949340965
96.9318,-0.488928583760014
96.968,-0.520839829189967
96.9725,0.0975908064564521
96.9829,-0.449696754893523
97.0417,-0.695577703133239
97.0487,-0.010172379308969
97.0508,-0.0748384090843075
97.0913,0.0503864101480218
97.1487,-0.294916064921125
97.1539,0.0309007250768047
97.1547,-0.460312346226431
97.1637,-0.6401045001368
97.1862,-0.0763278231832487
97.1999,0.00596623600752366
97.2063,0.353039957299686
97.2221,-0.141382058026892
97.2498,-0.516907357663342
97.3099,-0.724720134112218
97.3158,0.28594245078493
97.3318,-0.669191609419528
97.3503,0.0141616271123581
97.3999,-0.660884497193649
97.4741,-0.370326076927213
97.4859,-0.679879453832996
97.5447,-0.690013357610496
97.6064,0.111488896727494
97.619,-0.375918779603225
97.6607,-0.0143200505964245
97.6653,0.27679852015234
97.6687,0.00137618343960355
97.7132,0.00653555022698526
97.7364,-0.112178175665179
97.737,0.0995939063997753
97.7414,-0.0389701789917183
97.7529,-0.0457292244711169
97.7633,-0.126294145488174
97.7671,-0.585279489966425
97.8324,0.350429606646031
97.8603,0.0401903745303116
97.8974,-0.538230108217434
98.0068,-0.709070445927438
98.0491,-0.451570500871725
98.0763,-0.0585619381436402
98.1034,0.0731922966851783
98.1145,0.0444681335250579
98.1174,0.359501461084434
98.1308,0.0331279523668542
98.1546,-0.403362047873458
98.1562,-0.237433271689468
98.1732,0.112702606575652
98.2749,-0.215622749391002
98.3497,-0.422947617498991
98.3534,0.0275258160228731
98.3862,-0.735409707208476
98.4158,0.314788485015853
98.4321,0.324038967385235
98.4428,-0.730610035635465
98.4479,-0.247272201234424
98.4859,0.0082808255104112
98.5061,-0.541604773809453
98.5236,0.0266581436433881
98.5494,-0.173529088247506
98.5566,-0.719428295988905
98.5718,-0.503240186231835
98.6108,0.352766707987627
98.6127,0.338963805094536
98.6302,-0.643290903522498
98.6538,0.0165043809384571
98.6802,-0.608355573013682
98.6828,-0.373823551281703
98.7047,-0.741784576317499
98.7313,0.21102321095799
98.7701,-0.635887854463562
98.7955,0.0348275996270928
98.8048,-0.413962383276797
98.8132,-0.608673302516863
98.8773,-0.444502084344663
98.9261,0.29915156617777
98.937,0.36647641678816
98.9523,0.292507398829599
98.9721,-0.671691525868468
98.9806,-0.726218371972493
99.0255,0.0250959397010462
99.0618,-0.0332845934304657
99.0878,-0.408046646192417
99.1073,-0.16151706469671
99.1365,0.0071545760036571
99.1628,0.0621665902079798
99.1742,0.331429778373703
99.1763,-0.507696401496347
99.1918,0.297394430187623
99.263,-0.364050332486229
99.2784,-0.620994949179121
99.2955,0.353698073381992
99.2956,0.145346965574575
99.3052,-0.0602788177734936
99.3257,0.347692101399616
99.3409,-0.347504051131651
99.3427,0.184954795774374
99.3527,-0.317139533352872
99.3944,0.207009215701774
99.461,0.273073527293647
99.4736,-0.353777633970992
99.504,0.226726681637984
99.5134,0.357357501262271
99.5373,0.256616546512987
99.5388,-0.726756910326515
99.5761,0.010634911836064
99.7066,0.282898730756628
99.7184,0.106204328901583
99.72,-0.747316522031142
99.7668,-0.753660553356497
99.7815,-0.453871187783321
99.8416,-0.0560230166332474
99.843,-0.642311480991793
99.9318,-0.712867020054858
99.9407,0.332408925763332
99.9536,-0.592466061277861
99.9697,-0.46852238871918
99.9921,-0.148999330236364
