0.0866,1.23665171030685e-05
0.1068,-0.000144252949577595
0.2099,-0.000311354789007873
0.2127,0.000489302202419772
0.2509,0.000817662030898614
0.3042,-0.000266715889717217
0.3377,-0.000365745216100055
0.3402,-0.000346476339649238
0.3515,-0.000303857364110538
0.3689,0.00046326921342027
0.4597,0.00046172322885607
0.5174,0.00212321940242621
0.5819,0.00249720963705768
0.6647,0.0016697336983621
0.6658,0.00272508984767805
0.673,0.00131621574409746
0.6978,0.000532820140221268
0.7079,0.000777278704828577
0.7519,-0.00089631404653856
0.7881,0.00331333524747801
0.8133,-0.000685219624127376
0.8738,8.40771703372045e-05
0.9088,0.00301377813830883
0.9228,0.00150629081175957
0.9305,-0.000493645897701622
0.9407,-0.000721964097940009
0.9545,0.000712148662148193
0.9635,0.000843267764332856
0.9642,0.00178806442005597
0.9851,0.00109750811503195
0.9871,-0.000300442233502007
1.0086,0.00228282698575022
1.0115,-0.000827640723686018
1.0228,-0.000893375163138588
1.0535,0.00189685161278019
1.0586,0.00456962097879332
1.0653,0.00269045791920441
1.0664,-0.000928358644837202
1.0959,-0.000959778568245362
1.1021,0.00162428420509753
1.1568,0.00315330958603011
1.1704,0.00478752821226514
1.1709,-0.00117798978407269
1.1898,-0.00103559891928229
1.1984,-0.00118645757652325
1.1987,-0.00117108024795742
1.2376,-0.00116836013764687
1.2574,-4.27810066137013e-05
1.2618,0.000452472987589658
1.2675,-0.00139190062639449
1.2704,-0.00123084820303188
1.2976,0.00437999449436721
1.31,0.000126025282214837
1.3384,-0.00140689059459675
1.3719,0.00449023656260339
1.3787,-0.0014911233937227
1.3957,-0.000303787450355308
1.4452,-0.000269797005353789
1.4473,-0.00108703705614066
1.4557,0.000598976629681891
1.4582,-0.00114667013868286
1.4662,-0.000898821001894756
1.4702,0.00391725144820176
1.4757,0.000280749818211579
1.4779,0.0023728104444305
1.4964,0.00556173348100497
1.5132,0.00464292589788506
1.5195,-0.000394639145323561
1.5294,0.00411085461678007
1.5347,0.0062746727128502
1.5559,-0.00135898836763904
1.5591,-0.00151106867178497
1.5839,0.0053617626388105
1.5968,-0.00145539366535785
1.6005,0.00370521807408886
1.6138,0.00280236309459392
1.6205,-0.00139349973405145
1.6211,0.00332577159370451
1.6276,-0.0014254705254646
1.6336,0.00379196380785651
1.6383,0.000362328158090675
1.6528,0.00301417721100061
1.666,0.0047006781534682
1.6683,0.00425691968262432
1.6753,0.00295802022163927
1.677,-0.000935136311345897
1.6813,-0.00192301855444899
1.6867,0.00588309227658934
1.688,0.00551579995763318
1.6909,-0.00161586947553349
1.6948,0.00608315141600002
1.7006,0.00131143332704609
1.7069,0.00528015167431306
1.7092,0.0046738439747227
1.7431,0.00153121459802352
1.7467,-0.00178287753246487
1.7494,0.00319240339280946
1.7768,0.00652215504595843
1.7771,0.00381886525922459
1.7839,-0.000885579793513003
1.7876,-0.00187067473358593
1.8006,0.00564776876302475
1.8118,-0.00134382229490848
1.8143,-0.00198710896348975
1.8375,0.0036153758987425
1.8443,0.00436349565234218
1.8676,0.00116678005357951
1.8685,0.00502535687504091
1.891,0.00498143903018189
1.9004,-0.0011737887440324
1.9049,0.00673229095478245
1.9129,0.000970055990269003
1.9288,-0.00078372231626922
1.9346,0.000983124733256346
1.9361,0.00120576287868834
1.9387,0.00809951060753944
1.9581,0.00715878141204174
1.964,0.00444726085455249
1.9688,0.00537913539483803
1.97,0.00324545290353218
1.9719,0.000170869413267827
1.9893,0.0055634609731614
1.991,0.00838131388538477
2.0013,0.0077690591579691
2.0118,0.00390825879027545
2.0121,-0.00028173130657505
2.0143,0.00134400964173942
2.0211,-0.001653959653936
2.0252,-0.000865918584283865
2.0275,-0.000296204079132334
2.038,-0.00198599970557201
2.0422,0.00150111345734061
2.0435,-0.00213250118482611
2.0444,0.00347297824305759
2.0603,0.00516794271995025
2.0604,-0.000836193557844034
2.0671,6.10475195355065e-05
2.0689,0.00496819657643766
2.101,0.00693881015687836
2.119,0.00219766990277392
2.1346,0.00639034462987542
2.1394,0.00404666677855969
2.1407,-0.00189235902829754
2.145,0.00584002652711479
2.1638,0.00250350622930195
2.1774,0.00776733627008586
2.1804,-0.00223258800672133
2.1902,0.00678505905615534
2.1904,0.00115801843446084
2.2215,0.00513881463119858
2.2293,0.00047637110694998
2.2318,0.00950033207952217
2.2541,-0.00219458901442993
2.2662,0.00262485140080804
2.2671,-0.00230677763817821
2.2775,0.00937732789118462
2.2854,0.00901169459267637
2.2968,-0.00164536327456544
2.3072,0.000444098585629771
2.3109,0.00831574044169736
2.3198,-0.00109591821401578
2.323,-0.00219618286301904
2.3235,0.00761816407182581
2.3323,-0.00246301337825905
2.3357,0.00851800545534465
2.3387,0.000969484069138993
2.35,0.00169646517609712
2.3527,-0.00244658066995607
2.3651,0.00744794976165997
2.3683,-0.00443145716189841
2.3686,0.00144884207807605
2.3724,-0.00181842641149332
2.3967,0.00930366722916887
2.4072,0.00988716640489473
2.4075,-0.00189635646416342
2.4084,-0.00214235606657143
2.4138,0.00707917089669641
2.4248,0.000846818597875387
2.4271,0.000776637048644613
2.4315,0.00883297907234493
2.4476,0.00198506080975669
2.4515,-0.00230874576111439
2.454,0.00855181749583744
2.4554,-0.00214702256931609
2.4558,-0.00231961786625812
2.4781,0.00888178827453112
2.4795,-0.0025176648648868
2.488,-0.00361224742776756
2.4969,0.00837129169290396
2.5,0.0101283726473582
2.5118,0.00992700449826112
2.5167,0.00121145336127926
2.5367,0.00761286964217023
2.5421,-0.00266984012408233
2.5473,0.000483216692353849
2.5542,0.00656465332595824
2.5742,0.00652245317211131
2.5853,0.00812118180953769
2.624,-0.0029531416950892
2.6289,-0.00218432812108293
2.6413,0.00649997263329949
2.6475,0.000901226000259214
2.6481,0.00947995838836713
2.6489,-0.000490150655380717
2.6541,-0.0015332460309434
2.6566,0.00532678971187472
2.679,0.00162256348330381
2.6934,0.00801390137995117
2.7061,0.0111709160926101
2.7142,0.00158488495961606
2.7157,-0.00249870325764912
2.7175,-0.000878123636788075
2.7257,-0.0142683507820944
2.727,0.0111866563359375
2.7276,0.0104818612485467
2.7407,0.00998607325616163
2.749,6.74845525594492e-06
2.755,-0.00220347451904157
2.7555,-3.25614459470991e-05
2.778,-0.0114773817967748
2.7814,0.00738070282800152
2.7829,-0.0169178046604164
2.783,0.00374114676552662
2.7851,-0.00154280583755284
2.7908,-0.00275495508033696
2.7958,0.000999117985852394
2.7989,0.0123157095911353
2.8136,0.00308140796528011
2.8241,-0.00237746110439074
2.8271,-0.00118864233408678
2.8294,-0.0103059633585221
2.83,0.0102967236473734
2.8322,-0.0133502369317489
2.8362,-0.0112392420954146
2.8398,0.00352879494173486
2.8423,0.000330960117015167
2.8461,-0.00167768379668765
2.8475,0.00831818507884829
2.8477,0.000280271337005811
2.8479,0.0124382974637407
2.8525,0.0123617790454889
2.854,0.0115143501283916
2.8541,0.00774704425317685
2.8575,9.97093556773798e-05
2.8846,-0.00274535508700691
2.8884,0.0116617849565972
2.8886,0.0114084434894646
2.8893,-0.000692691632977471
2.8947,0.012590127919367
2.9243,0.0108321824650583
2.9433,-0.00273456374743519
2.9488,-0.00167663027346698
2.9519,0.0110592633164761
2.9586,0.0130114692469316
2.9905,-0.0142738622822853
2.9937,0.00245071578174905
2.9963,0.00881514718795096
2.9964,-0.00241314395452941
3.0032,0.00809450430814085
3.0096,0.0128053078442321
3.0101,-0.00244555137124269
3.0116,0.00344520031359075
3.0147,-0.00311657008357846
3.0278,0.00216166657197236
3.0329,0.0108565201156163
3.0348,-0.00946299600445411
3.0541,0.00976835566013579
3.0546,0.00341787353923717
3.0749,0.0021896386702176
3.076,-0.003052424213978
3.0838,0.013665798954908
3.0951,0.0126168441233543
3.1029,0.00583602630890256
3.1126,0.0111928902385836
3.1137,0.0137513309920427
3.1154,0.0134435568323608
3.1206,0.00112332011304472
3.1233,0.00127745426439763
3.1291,0.00152929235558563
3.1337,0.00720076100603828
3.1389,0.000331176465932614
3.1409,0.000767513887896865
3.1471,0.00242271760407053
3.1516,0.0132430942259183
3.1632,-0.00156129105285663
3.1795,0.0123384912701665
3.1893,-0.000496628604516491
3.1902,-0.00125294155495759
3.1949,0.0112429695306679
3.1955,-0.00333249645135503
3.2237,0.000379980066121277
3.2261,0.00778577627676569
3.2338,0.0138674366524896
3.2418,-0.00214551287201115
3.2444,0.000673536914123751
3.2529,0.0101920378883218
3.2547,-0.00383004297541945
3.2642,0.00632919294760681
3.2842,-0.0014122001666883
3.2851,0.0106899395835587
3.2906,0.0101155686658858
3.2959,0.00216016170034239
3.2967,-0.00244917981962756
3.2988,0.00260305222801049
3.3017,-0.00332473699188318
3.3026,0.00114129701916132
3.3053,0.0144281120231087
3.3056,0.000932713639154592
3.3066,0.0106796231942923
3.3119,0.0112465174374043
3.3321,0.0135263751629227
3.3369,-0.0034512946757812
3.3416,0.0147470760879536
3.355,0.00265944939543994
3.3606,0.00333093973289289
3.3664,0.00731609401909861
3.3726,0.0142938888400499
3.3746,0.00188809767455966
3.3845,-0.000370826208123454
3.3846,0.00788305163916236
3.3899,0.00922435168183089
3.3939,0.00658840694980301
3.4035,0.00144613120794501
3.4303,0.00255295210775541
3.4366,0.00865672689241981
3.4388,0.0138976971437366
3.4419,0.00640115804758867
3.443,0.000914563467603102
3.4535,-0.00702450327743653
3.4689,0.0149013955464432
3.4748,0.0122516341064527
3.4909,0.0113267143123301
3.4915,0.013254166198422
3.4978,0.00413791948844011
3.4981,0.00874427278086198
3.5015,0.015350373387188
3.5067,0.0133167264331608
3.5192,-0.000683796326934161
3.5237,0.0148799403912876
3.5238,0.00655116761530206
3.5242,0.0129571188082402
3.5251,0.0148875751238045
3.5331,-0.000356722018133748
3.5338,-0.00381654402284015
3.5359,0.0110537248491962
3.5545,-0.00186364498017877
3.5559,0.000115761506048084
3.5699,-0.0028572761189456
3.575,0.0138249291090093
3.576,7.6131448620842e-05
3.5787,-0.00307752754148893
3.5801,0.0157191257746367
3.5801,-0.000935980608562037
3.5819,-0.00190660417754085
3.5888,-0.00355088884221155
3.5904,0.0149991376007907
3.5935,0.0153301059070894
3.5936,0.00943201128184468
3.6076,-0.00361227708899525
3.6079,0.00794310036398649
3.6088,0.00176124109083231
3.6094,0.00564255227797883
3.6115,-0.0035334204154962
3.623,2.23994054735499e-05
3.631,0.000381922527605383
3.6318,0.0150421815725861
3.6332,0.00954877690401501
3.6388,-0.00244841219291647
3.6397,-0.00368359582396005
3.6406,-0.00319934731362004
3.6459,0.000149207516135341
3.6485,-0.0156422452210174
3.655,0.0145188465562436
3.6558,-0.0140391677986478
3.656,0.00370988855389776
3.6609,-0.00368916969820798
3.661,0.0159729293564617
3.6638,-0.00363737227368111
3.6642,-0.00362381552698565
3.6783,0.00306064272987383
3.6793,-0.00365830058540384
3.6865,-0.00374561971627418
3.6878,0.00798929085886613
3.6946,0.0149693308367649
3.6958,0.0149405819835531
3.7014,0.00182329961903038
3.7102,-0.00494596795410818
3.7105,0.00849538525674109
3.7149,0.0064961179175187
3.7191,0.01398984646181
3.7202,-0.00111339466611593
3.7258,0.0147699873038767
3.7279,0.00906618549757443
3.735,0.00897879868979778
3.7402,-0.0034619751885554
3.7412,0.0160095030070146
3.7511,0.00383468341114934
3.7534,0.00508474995763919
3.7573,0.00210059902882476
3.7596,0.0158044370195496
3.7681,0.000423066210357703
3.7721,0.00291423143901559
3.7873,0.0131415687348713
3.8014,0.00239977404862968
3.807,0.0138542621218565
3.8113,0.0101921671009135
3.8154,0.0139665475025743
3.8158,0.0161987386984168
3.8186,-0.00338659711525802
3.8227,-0.00469693357437473
3.8234,-0.00257302463386599
3.833,0.0149327951578808
3.8334,0.00596618623651812
3.8347,0.00601378438304634
3.8371,-0.00225496545495307
3.8475,0.0140177569015516
3.8512,0.00453305298264173
3.852,0.00230183164194253
3.8525,0.00866591342283485
3.8529,0.0127608957374119
3.8611,0.0169744946927977
3.8709,0.00984669543545547
3.8741,0.000886197563467306
3.8776,0.0172034120976439
3.8796,-0.0038665707500436
3.886,-0.00148812500159279
3.8863,-0.0047604698325574
3.8978,0.00108310166138681
3.9008,-0.00386547569194784
3.9068,0.00679066150429897
3.9121,0.0170432939838614
3.9136,0.00407959399448377
3.917,-0.00562935880394022
3.9171,0.00229109546923478
3.9187,0.00508728117615886
3.9202,0.0165546715417721
3.9315,-0.00351569243277572
3.9341,-0.00340043359314635
3.9412,-0.00493282758747959
3.9414,0.0149695739545899
3.9422,0.0109313051787221
3.9437,0.0104808836819208
3.9444,0.01665702054478
3.949,0.00435243488337056
3.9518,0.0166536903551475
3.955,0.0102694707828199
3.9628,0.00201686669143797
3.9652,-0.00194840006892072
3.9668,-0.00406433701145259
3.971,0.0165149094794828
3.9825,-0.00339464136101952
3.9894,-0.00404493078484602
3.997,0.00612851255101843
4.0001,0.00737961389425346
4.0027,-0.00370820119230952
4.0029,-0.00866087365989898
4.0077,0.000181539004329601
4.0208,-0.00660454702278113
4.0236,0.016334763853048
4.0237,0.0166751491156907
4.0247,-0.00424277011505136
4.038,-0.000589862867509616
4.0591,-0.00473558234535876
4.0614,0.00174208314430846
4.0652,-0.00430255605178687
4.075,0.0177458233888261
4.0766,0.0134493775343483
4.0801,0.0123393645781844
4.0912,0.0070434809891804
4.1029,-0.00401560027891712
4.1055,-0.00264916945144034
4.1204,0.0121251655081629
4.123,-0.0018015234826132
4.1263,-0.000399936757638386
4.136,0.0142916496262595
4.1372,0.0174807547817277
4.1463,0.0176737541997714
4.1588,0.00634794678676087
4.1599,-0.00207639799690718
4.1628,0.00924036559354491
4.1794,-0.003988915815059
4.1801,0.0155612177434756
4.1875,0.0122282998184389
4.1876,-0.00327100438248795
4.1943,0.0166106873393534
4.204,-0.00370882282197016
4.2141,0.0144636863556045
4.2187,-0.00459579926297504
4.2252,0.0144721932541412
4.2283,0.0176923861352556
4.2312,0.0158506912393754
4.2421,0.0135930604118872
4.2626,0.0142323547633314
4.267,-0.00368184221281975
4.2679,-0.00421983543832205
4.2683,0.0110591631888859
4.2749,0.0173220892778589
4.2791,0.00481351844218114
4.2874,0.00587542889196602
4.2879,0.0186791733316083
4.2899,0.0184639254561443
4.2902,0.0190125122274383
4.2979,-0.00401132024883388
4.306,0.0160162219129463
4.3141,0.0180149729027077
4.3161,0.0121363675439294
4.3196,-0.000822105577843679
4.3211,-0.00449679992317087
4.3215,-0.00858450664518262
4.3227,0.00067615975105717
4.3239,0.018482118437916
4.3239,0.0124388963307975
4.3311,0.0191349518412451
4.333,0.018631709971757
4.3374,0.016498433925296
4.3476,0.0110205940946138
4.348,-0.00143916547954959
4.3514,-0.00453076774737315
4.3555,-0.00268684961762578
4.3563,0.0125779710020231
4.3563,0.0167805002922128
4.3628,-0.00215012454586017
4.3629,0.00297705339136645
4.3638,0.0139253028394526
4.3643,0.00938638259012414
4.365,0.0092179494221023
4.366,0.0185074687595526
4.3689,0.0141409196812017
4.3718,0.016823884817498
4.3799,-0.0078515705969977
4.3856,-4.638098251597e-05
4.3861,0.0173083631772428
4.3901,0.00928864838220633
4.3908,0.0169159788540361
4.3915,0.0194075439642054
4.3929,0.0191347317072861
4.3978,0.00261692449091733
4.3984,-0.000426972334257592
4.3997,-0.000463601545104275
4.4008,0.00743693060427386
4.4011,-0.000641158638842398
4.4042,0.000961722235136797
4.4054,0.0178673061000296
4.4056,-0.00633367385401051
4.4168,0.0194173685731158
4.4224,-0.000278159148074941
4.4242,-0.00670515933156324
4.4243,-0.0038535187832851
4.4266,0.00846436010861673
4.4339,0.0047129670992172
4.4358,0.0094555916188348
4.4378,-0.00211107107915076
4.4485,0.0169296656755078
4.4508,0.0185310607349312
4.4535,-0.00216155972916354
4.4583,0.0177638320814815
4.4595,0.0154684022475076
4.4632,0.0128838154548268
4.4673,0.0130931909179584
4.4682,-0.00414883820710532
4.4788,0.0195789613274036
4.4799,0.0119800984484328
4.4853,-0.00110332521927159
4.4863,0.000873812337481183
4.4876,-0.00465801819219624
4.491,0.0194369539973378
4.4911,0.0123588766929936
4.4931,0.0190902208256345
4.4965,0.00819655947921216
4.4975,0.0175024379841711
4.5086,0.00495398072014286
4.516,0.01917632286108
4.5179,0.0137251754311691
4.5182,0.014301783415962
4.5322,0.0149379163537962
4.5374,-0.00450863314795047
4.5377,-0.00170491215634172
4.5393,-0.00314718227659139
4.5402,0.000256269802432207
4.5404,0.0200207775883339
4.5512,-0.000774806499923564
4.5522,0.0192925504784931
4.5529,-0.000293563269861075
4.5531,0.0174528586181744
4.5563,0.00918997861583115
4.5567,0.0172498456365071
4.5606,0.00341288174193011
4.561,0.0160907381432702
4.5646,0.0020668584701129
4.5655,-0.00484440173632805
4.5763,0.0116835273332079
4.5783,-0.00377516514841503
4.5848,0.0177265233862576
4.5869,0.0154528059831849
4.5888,-0.00486857480291381
4.5926,0.019561176753923
4.5946,0.00849834023120355
4.6025,0.0202160116572658
4.6027,0.0125941887262719
4.6042,0.0122895854568554
4.6117,0.0195452038570627
4.6128,-0.00318390170413974
4.6207,-0.00434617816577365
4.623,0.00774877840840471
4.6251,0.019334807517799
4.6252,0.0144255152845272
4.6338,-0.00470000956514305
4.6389,0.00284743812548705
4.6423,0.00946488701508041
4.6457,0.00744669976315482
4.6458,-0.00347185984621934
4.6531,-0.00428868545507655
4.6557,-0.00486702633831282
4.6605,-0.00424972137706536
4.6644,-0.00489008322924533
4.6647,0.0205803496609755
4.6652,0.00783684469308721
4.6695,-0.00435690785977183
4.6779,-0.00420624816737636
4.6809,0.0171602489743208
4.6824,-0.0024543758664155
4.6882,-0.00236948895072864
4.6897,0.0201559366540627
4.694,0.0115213606760829
4.6969,0.00773063597060997
4.6974,0.00966273012203267
4.7033,-0.00276420512091935
4.7072,-0.00383979987843386
4.7125,0.0192673855292087
4.7129,0.000124046344670781
4.7135,0.00349129034076867
4.7178,-0.0049503920819518
4.7189,-0.0025190645854174
4.7199,0.0147161518503323
4.7204,0.000772946809321162
4.7217,0.0110587779305629
4.7264,0.0136003352786833
4.729,0.0132914376391282
4.7311,0.0114237717374461
4.7359,-0.00319881739917616
4.7377,-0.00251792209298429
4.7394,-0.00499794889272742
4.7482,-0.0038249230914964
4.7489,0.0210188353960827
4.7531,0.0119891128437581
4.7608,-0.00495836001275229
4.7621,-0.00162986887195427
4.7624,0.0198454713658531
4.7632,-0.00281100154381431
4.7776,0.0200090091612548
4.7789,0.00333829886000458
4.7803,-0.00496974630436231
4.7934,-0.00166817902539851
4.7935,0.0105345955411869
4.7947,0.016191585606836
4.7969,0.017160910643744
4.7969,0.0145474881297334
4.8043,-0.00478865427770003
4.8165,-0.0013473824253607
4.8172,0.0136042034998693
4.8248,0.0130493479090834
4.8281,-0.00488629218496772
4.8284,0.0213119920608769
4.8294,-0.00332116397896964
4.8306,0.0107911585662253
4.8363,0.0211626708086055
4.8469,-4.14692884342927e-05
4.8522,0.0010000994507946
4.8587,0.0106654837602393
4.8591,0.0214631397461629
4.8613,0.000184151498686447
4.8658,-0.000910819524998274
4.8681,-0.00343089584284151
4.8682,-0.00608872780002923
4.8708,-0.00453248786289429
4.8722,-0.00627097461540327
4.8729,-0.00505061601531676
4.8737,-0.00366927817374219
4.8773,0.0213102079278569
4.8827,0.0115662548917683
4.8843,0.0213411029765913
4.8867,0.00612732783084802
4.8893,-0.00403146282628697
4.892,0.0111905861395183
4.8939,0.021440994302214
4.9028,-0.00345148498852677
4.9032,-0.00475001534629094
4.9117,0.0116772649704222
4.9119,0.0216660577843424
4.9121,0.0192762753708795
4.9129,-0.00520410548703243
4.9164,-0.00419567947196331
4.9194,0.00110354248315847
4.9229,-0.0046888542427812
4.9248,0.014247209406868
4.9258,0.0205557695692251
4.9368,0.00875456838544064
4.9447,-0.00467994154689233
4.951,0.0201445809871306
4.9524,-0.00370365098432934
4.9538,-0.00259394510572264
4.9538,-0.00136244249583584
4.9554,-0.00416180510797304
4.9592,0.0168238418149516
4.964,-0.00500806745184157
4.9657,0.0216271455891777
4.9657,-0.0065458820409523
4.9665,0.0166426252190286
4.968,0.00534119152033785
4.9686,0.0219839089892897
4.9716,-0.00432344851671385
4.9725,-0.00614149471745051
4.9765,0.00986929576990736
4.9784,-0.00517060029727645
4.9819,0.00705455177712189
4.9833,0.0171561310999166
4.9842,-0.00527539896654172
4.9842,-0.00293698391241914
4.9877,-0.00444892343988901
4.9904,0.00643611552502321
4.9942,0.017132252304731
5.6519,0.0202200178752374
5.8435,-0.00292746964605151
6.3318,-0.00442123722184107
6.7051,0.0213567990111203
7.0859,0.0267920845129783
7.2046,0.00170148351529953
7.3482,0.0290519897295871
7.4131,0.0281892641464241
7.7481,-0.0034132020448947
8.1272,-0.00543997787482731
8.2461,-8.94032903531183e-05
8.955,0.0389051122758985
9.0392,-0.00512723230905898
9.5632,-0.008888294382837
9.6151,0.038396944148209
9.6754,0.0422321979629121
10.1586,-0.00768798980920771
10.8853,0.0246887323504943
11.3515,0.0498180999885331
12.3415,0.0297395417798789
12.4405,-0.01334203736495
12.5266,-0.0134328911857171
12.53,-0.0100693585777503
13.189,0.0567709171463626
13.4004,0.0160492550318914
13.4394,0.0434070122741872
13.5941,0.0295927582969142
13.9543,0.0615528838312791
14.1971,0.0350673003818613
14.3792,0.0554661213271608
14.5208,0.00674533354313134
14.6959,-0.0119274838736043
14.746,0.0266658964017221
14.8214,-0.0145473795266504
14.8706,0.0649234143485664
14.8758,-0.00876040197321259
15.1669,0.0598405905066226
15.2157,0.0220378305539271
15.2814,0.010019523321473
15.5503,-0.0102646552722572
15.5687,0.068723681384693
15.6393,0.0690940254940919
15.7159,-0.0166744330855675
16.2381,0.0654436959388462
16.247,0.0586407345697637
16.6656,0.0608014181443224
16.8434,0.0580754649181046
17.3267,0.0759197895558366
17.4984,0.0657341068712967
17.7573,-0.0119234707747751
17.8354,0.0277928220208707
17.9367,0.076118036170854
17.9818,0.0673993810010458
18.1274,0.00661032667798267
18.1818,0.0681496825317076
18.2191,0.0347994454571925
18.4461,-0.00374283782418772
18.6494,0.0818912295552607
18.6537,-0.00237036021166759
18.7003,0.0789115385238937
18.8016,0.0171324040477714
18.8892,0.083704604325149
18.915,0.0272702128409783
19.2103,0.0204320871034973
19.2705,0.0852569640303784
19.3439,-0.0200167349038409
19.6108,0.0293285433244428
19.802,0.0877667051658833
19.8672,0.0652445865337157
19.9948,0.0258237067239762
20.2516,0.0401040740748151
20.9139,0.0469505618746098
20.9957,0.0730424025819474
21.0024,0.0758355247851448
21.0513,-0.0215879486227735
21.1228,-0.0179779680090491
21.2055,-0.0237606854684849
21.4796,0.0586674948406554
21.4841,0.0946461941237651
21.6265,-0.0208285116004809
21.7771,-0.0166301341860411
21.8538,0.0918422767129137
21.9077,0.0846068662208346
21.997,-0.0235006150652097
22.025,0.00293672155337177
22.044,0.0407879545161229
22.0733,0.0826409727183872
22.2219,0.0956471481385499
22.2436,0.0012715856762604
22.2816,0.0569222037929258
22.3553,0.0106822001867855
22.4807,-0.0251941760533363
22.6495,0.0343274930195996
22.6626,-0.0243803230338422
22.6782,-2.23208352743143e-05
23.1609,-0.021365589960741
23.2201,0.0704554888644608
23.246,0.0325269881388763
23.2685,0.0975468392398611
23.3602,-0.0255912794492374
23.4148,0.10033280537732
23.4892,0.0180926621537729
23.5675,0.0556141905189627
23.5771,0.0234608604779929
23.8133,-0.0169370879201409
24.0981,0.00314192124439217
24.1397,0.0785811870856783
24.2019,-0.0267341754188273
24.341,0.051420444415001
24.4814,-0.0231758620147637
24.4883,0.105890614926867
24.4922,0.0331685454651911
24.542,-0.0135548084143515
24.633,-0.0223410486986992
24.7079,0.000213395098466407
24.7616,0.0245990537392586
24.9117,0.105382475223031
25.0571,0.0423453914993637
25.3702,0.0143165836213619
25.4398,-0.0185382874054305
25.4646,0.0755108335687851
25.4725,-0.0222468400317801
25.4866,0.00741280007132872
25.5268,0.00941622663050978
25.9744,-0.0277916914116894
26.1142,0.0495930204398007
26.1194,0.00552435235971416
26.1258,0.0472722250879087
26.3412,0.0984011889352239
26.3523,0.0200734654310715
26.4809,-0.0286642504178545
26.8004,0.111466489960538
26.9227,0.098127561481494
26.9877,0.0548058874844664
26.9925,0.0146971260647604
27.0585,0.102857499020011
27.0593,0.0486734772520023
27.0847,0.118474861155253
27.2584,0.000581548624701611
27.5764,0.0774569603233637
27.5975,0.0394913235943086
27.7063,0.101148099641215
27.9094,0.0861292963994273
27.9236,0.115240537964286
27.9708,0.0314216225436503
27.9894,0.121988413582958
28.0057,-0.0185578000380389
28.0321,0.103370349627145
28.2291,0.0740078259804697
28.2425,0.121675775026446
28.2544,0.0234400427083479
28.2696,-0.0233038193454895
28.3424,0.01518480787675
28.4391,0.00122541585774627
28.569,0.111291400225756
28.5978,0.0140834254244666
28.6264,0.126129030155909
28.7345,0.105321330605808
28.7557,0.0180048786834206
28.8174,0.0601171090480861
28.9038,0.0139947297513388
28.9399,-0.00606737877479802
28.9844,0.0181140007634042
29.1507,0.0750124304169297
29.2962,0.00447844860577717
29.298,0.0840900806008236
29.3337,0.0319781968588195
29.3358,-0.0141484709121045
29.3946,0.00751153066557464
29.4143,0.119360287418314
29.4944,-0.030939765868272
29.496,0.10240538028026
29.5175,-0.0288611254321047
29.5411,0.0294102728582821
29.5526,0.0810406739078395
29.555,0.119066168695213
29.5779,0.130887782029031
29.7592,-0.0118114575974246
29.8061,0.125111284661873
29.9397,0.101948308184202
30.2346,0.121340971102718
30.4368,0.100491288332066
30.4621,-0.0363020065517112
30.4859,0.073273048233947
30.551,0.0202263475577134
30.7233,0.100803734401303
31.0634,0.113305526704561
31.1731,-0.0289914365113972
31.1854,0.109654155367238
31.236,0.0808958280417329
31.4218,-0.0356841043520184
31.701,0.130906148825371
31.8588,-0.0334958861772137
31.9524,0.0589005623583922
32.1441,0.0600442768272771
32.2807,0.0258227982459545
32.2912,0.0634373179858869
32.3782,0.0965448171307699
32.3841,0.0435277819024691
32.4367,0.0832192103883287
32.4529,-0.0314978138052382
32.4632,0.0129161597724377
32.5486,0.137258579661335
32.586,0.0632142450161766
32.7546,0.133654734460052
32.7692,0.0332526137508324
32.8025,-0.0118710262496364
32.8206,-0.0332429864251509
32.8533,-0.00864605488698089
32.9844,0.107612435088392
33.0077,0.101352579058137
33.1072,0.105243207037965
33.1348,-0.0313421565069874
33.1915,-0.0355845683660974
33.1956,-0.00307305760320986
33.2763,-0.0318012997544912
33.619,0.0408943041968186
33.6811,0.0560843526042234
33.7146,0.120582717319145
33.8616,-0.0184433511917703
34.5915,-0.0365771668084776
34.5971,0.0527745920345239
34.6143,0.101030690773833
34.6588,0.142730355467727
34.9138,-0.000673355806839027
34.9623,0.0412498111615349
34.9894,0.0311506907261645
35.1164,-0.0425421374415862
35.1207,0.121434827891818
35.1415,0.112383899704994
35.1477,0.119958747390939
35.2241,0.0326955752909868
35.23,0.147661484686829
35.328,-0.0175475864109984
35.3581,-0.0229518840872345
35.4032,0.0295709532858055
35.4162,0.0583741600539085
35.4548,0.1393966967834
35.6496,0.0279365154241447
35.751,0.140028741200652
35.7661,0.110520600034626
35.8034,0.152646578589952
35.8688,0.0314793979564527
35.8944,0.0129535652551596
35.9073,-0.0419078443558973
35.9696,0.0172743325425202
36.0839,0.0575075188362106
36.1053,0.057355085655459
36.2217,0.0616178657607236
36.2483,0.155781560490617
36.2712,0.122503460009732
36.2844,-0.0452966393535732
36.3278,0.1183376171427
36.3773,-0.0101618390810287
36.5669,0.117722422502958
36.6155,0.150230943938965
36.6242,0.0848140745941777
36.6567,0.104712616362875
36.7348,0.059214343477457
36.7711,0.142946600081238
36.774,-0.0196538678806206
36.8264,-0.0407274698356517
36.8809,0.157031030168667
36.9242,0.0373892105062197
37.0746,-0.0396937984536478
37.1184,-0.00625703299535019
37.1249,-0.00448704568384528
37.1867,0.0624959284983149
37.4679,0.00761941205183092
37.4909,0.154263159976985
37.7815,0.106564298735414
37.8098,0.0695801961702927
37.9223,0.159488663724943
38.1266,0.163621857991714
38.1297,-0.0482038053404352
38.1662,-0.0477376423640408
38.2241,0.161801686929564
38.4157,0.140053566318215
38.4297,-0.0288467865660564
38.4807,0.0600787577645292
38.5063,0.158927099672823
38.5408,0.137874086991431
38.5525,0.00105365780264322
38.5773,0.129494028642604
38.5947,0.122557422865583
38.641,-0.00190716341963082
38.6522,0.0491795136450293
38.7023,0.0107527754635726
38.7042,0.0396293482090044
38.7218,-0.0344781645402819
38.7898,0.0935402348886782
38.8025,-0.0299601871680579
38.857,0.165459324153652
39.1509,0.00475017067478944
39.2718,0.0796553087576726
39.4015,0.0954779895693818
39.4391,0.131222317209847
39.4469,-0.0419074604218608
39.4963,0.0193314533474904
39.4965,0.174932903066846
39.5237,0.153911060319004
39.5661,0.130613724046285
39.6445,0.174148573422315
39.6523,0.171428229175788
39.7433,0.13657034978155
39.7717,0.00138315493858698
39.8784,0.169016969786071
39.8804,0.146007633038572
40.0319,0.133506636184222
40.1414,0.147894310585841
40.144,0.0127008071190744
40.1445,0.12602094159589
40.3033,-0.0390911908548546
40.3312,-0.0468060701520159
40.3601,0.0732304806601505
40.3753,-0.0507635505621735
40.429,0.167637064785723
40.4526,0.0343170606574859
40.6001,-0.0479235685335624
40.7179,0.180536222441809
40.742,0.126320778779068
40.8177,0.180307765080101
40.8398,0.128891181681539
40.9411,0.143043093971436
40.9703,0.0934819631101362
41.1093,0.132288155966904
41.1848,0.153847861899209
41.2099,0.0461324664745177
41.2822,-0.0414612964056147
41.4431,0.181808392148717
41.4522,0.182195352834754
41.4961,-0.0205446736256931
41.5727,0.0262459594235835
41.6301,0.116211919068711
41.8175,0.164460093035657
41.8974,0.0154571120847322
41.9136,-0.0512302783382026
41.9198,0.0421396970171628
42.2844,0.133687004356275
42.3359,-0.0108265932575335
42.3369,0.0323740051791503
42.3498,-0.0147372535777492
42.3631,0.0658371209618593
42.4195,-0.0379198636041806
42.4628,0.175043476305902
42.5267,0.069870634526211
42.6014,0.0746302469889315
42.6216,0.0916698566579868
42.6577,-0.00593508239008145
42.8044,0.0501844557822793
42.9195,0.0101521987633078
42.9722,-0.0094288126333808
43.0798,0.17458364282087
43.1583,-0.0451172054746749
43.2027,-0.0450604566011705
43.2721,0.023170173572673
43.3735,0.00676753346998993
43.4013,0.147009966945845
43.4515,0.191203016365066
43.4533,-0.0487361854205943
43.4765,-0.008007604750361
43.5018,0.178552145516043
43.5211,-0.0502178519792125
43.5676,0.048666289109299
43.5686,0.112529331008872
43.5852,0.19308688519623
43.5885,0.175281841679457
43.5959,0.064824675472444
43.643,-0.0548664047642262
43.7565,0.0442873724722403
43.7657,0.0829994576353315
43.8658,0.19151213734618
44.0238,0.0193618370936122
44.0556,-0.0464116299126545
44.0615,0.185928324631689
44.1133,0.193057022605196
44.133,0.175867136563248
44.2562,0.121038432697112
44.3112,0.149707879689785
44.33,0.0270224885673755
44.3358,0.160261368759798
44.381,0.178609249990515
44.422,0.0500654768450062
44.5687,0.184046403129891
44.6831,0.108037601839705
44.6932,-0.0522183649095638
44.7327,-0.0175644278956568
44.7918,-0.0104938312956762
44.8455,0.0822693367663092
44.8468,-0.00781962124905533
44.8569,0.0981137835754353
44.8754,0.0321721479907069
45.0521,0.193096987986586
45.1162,0.0576312538594834
45.1182,0.134205542241332
45.1539,0.0436886217816053
45.1826,0.193540909949462
45.2436,0.178838014313094
45.2576,0.0503595506417795
45.2941,0.153951007678977
45.3183,0.0587883138419301
45.3868,0.0269302317383975
45.4669,0.0220009016018849
45.529,0.1284568326816
45.5317,0.17498450676807
45.5738,0.197163368828633
45.5769,0.17243563958403
45.5914,0.072065482382996
45.6456,0.200498768618459
45.7276,0.134988601179622
45.7297,0.185498946967201
45.7496,0.126639356371093
45.7707,0.15614693060607
45.8118,0.0412230964715405
45.8167,0.160168498256155
45.8184,-0.0560868935989092
45.8584,0.135363753095191
45.8737,0.0443643242035776
45.9194,0.0376648193998221
45.9448,0.190626583780066
45.9904,0.161189232709859
46.2208,0.187944217295744
46.2297,0.198745059842572
46.3704,-0.0329384965842436
46.4495,0.121515501647487
46.4753,-0.010631452407047
46.5644,-0.0581590388988786
46.623,-0.00613782522098205
46.8447,-0.00557136040709594
46.8834,0.0581876139840389
47.0622,0.0216860394500387
47.101,0.178137161685278
47.2882,0.0758957443928452
47.3229,0.170694390453455
47.3948,0.138018707573352
47.4022,0.163439251720582
47.4518,-0.0614144189594654
47.4618,0.187407178362868
47.4816,-0.0602652413575839
47.5476,0.0624655738620916
47.6868,0.00800732689980777
47.8284,0.00277628177729383
48.0178,0.206137661067352
48.1125,0.206830503867344
48.1687,0.167109142133562
48.1718,0.206684502472172
48.2452,0.0759208623516159
48.441,0.10450669467069
48.4415,0.0681176785793909
48.4497,-0.0603723797950693
48.539,-0.0344979685923121
48.5432,0.208417925269728
48.5443,-0.0297952576210747
48.7259,-0.0311040906918265
48.7861,0.00464871565235114
48.8705,-0.0122075663873389
48.8795,0.142186980969953
48.9183,0.209550928720049
48.9689,0.0583579682485222
49.0195,0.216903783976278
49.0951,0.217583089860696
49.1157,-0.0274078610486796
49.1174,0.0666371537835673
49.1242,0.0115532086896124
49.1895,0.216180547632824
49.2157,0.0787268689460845
49.2251,0.0453012252976563
49.2989,0.116670279755226
49.3247,0.170129001451222
49.4488,-0.0281155139543827
49.4585,0.117671927478945
49.4586,0.0587603398927286
49.4708,0.0147597841959595
49.5362,0.109065209869797
49.5466,0.0853372105994978
49.5975,0.21957937566598
49.7181,0.0716615271863432
49.7203,-0.0604622296674648
50.0202,0.204412335973942
50.0362,0.0939555956505487
50.0629,0.0451258569101896
50.0662,0.0370167895857776
50.1721,0.217434076017028
50.2039,0.0119874674279572
50.2041,0.0568205472907479
50.2266,0.22239073252733
50.2306,-0.0209078171273944
50.2406,0.0199819938472103
50.2681,0.113337282619952
50.2758,0.168381976235409
50.2874,0.0742811790123241
50.3973,0.0668179124934625
50.7275,-0.062308941886009
50.8941,0.206010951830514
51.0866,0.0711033226168496
51.2213,0.0190114288706695
51.2718,-0.0232912560843914
51.4189,0.0452070798283657
51.6009,0.222912227196566
51.6042,0.180264514249018
51.6325,-0.0381692759893468
51.6597,0.0119039770523557
51.6674,-0.0559419821207214
51.7295,0.228879046039033
51.7334,-0.069057755447389
51.7376,0.205581901901397
51.8013,0.0690078508324632
51.8137,0.0851071822393479
51.8723,0.153273449692769
51.8852,0.0232433990408865
51.9022,0.128312597873069
51.9055,0.00584762106605297
51.924,0.0453969825067944
51.9341,0.221196039492177
51.9592,0.135378127188616
51.9747,0.172963223006043
52.0843,-0.0360074353342625
52.1301,0.225951018572445
52.1557,0.0722157767122553
52.2013,-0.0605426075011763
52.2484,0.0540430902493441
52.2634,-0.0684120526054954
52.2893,-0.0536488568997839
52.407,0.125910207400921
52.4128,0.232198938002249
52.4133,0.176591901261105
52.4266,0.0396532022338789
52.4522,0.187144850310666
52.4673,0.196600434381615
52.5975,0.202718929080739
52.6332,-0.0261823509962724
52.6624,0.231504359838574
52.7412,0.153786164997285
52.7432,-0.0500355963948422
52.7542,-0.0733753293649997
52.7833,-0.0084558351893449
52.7903,-0.0270256057972347
52.8223,-0.0718554655414181
52.888,0.233121299679766
53.0167,-0.0419317373898309
53.0413,0.214492784136894
53.0429,0.0541107972826609
53.0734,-0.0607034861536491
53.1477,-0.0390215532524394
53.2885,0.228092544048614
53.2932,0.179907950455899
53.3167,0.188023986220102
53.3586,-0.0738415899197449
53.3656,0.0803415179598446
53.4557,0.191378311146451
53.5238,0.196929718222876
53.5806,-0.0655133014843159
53.5905,-0.0576776288435212
53.6064,0.12508885321936
53.6232,0.207779818291428
53.6264,-0.0680438597338124
53.7208,0.237973561360988
53.7418,-0.0703154097237544
53.8725,-0.0371483902493566
53.8798,0.0872019883754973
53.8972,-0.0646084198177093
53.9119,-0.0537542558962727
54.1339,0.203293215916979
54.173,0.0468768910647199
54.1794,0.042777358410909
54.1846,0.213644532980858
54.26,0.0839824723121794
54.2616,0.13806602575287
54.3362,-0.0344553311411886
54.3544,-0.0783782365793968
54.3756,0.149441843325349
54.4162,0.181483646270387
54.5042,0.0138874388333363
54.5317,0.240048867333229
54.535,0.0509217811425273
54.5856,-0.0164801823422351
54.6373,0.231803849944455
54.6643,0.202659018068687
54.6806,0.0108596019588632
54.7273,-0.0419392082538721
54.8429,0.077356246048204
54.8498,-0.0552813325833128
54.9263,0.241907343000854
54.9469,0.12477220662624
55.0394,0.219713377740177
55.1504,0.240275343976649
55.1511,-0.0230848300514879
55.1677,0.0405691101792698
55.2122,0.23913028493665
55.2633,0.0836748513971131
55.2904,-0.0653924057539541
55.334,0.244616753391945
55.3838,-0.00765749257537607
55.431,0.222397180321259
55.4868,0.112447228097878
55.4915,0.113230813726673
55.6846,-0.0543921934127241
55.6939,0.194618283502294
55.7795,0.198200414830161
55.8607,0.226600741557661
55.9606,0.22437324412774
56.1453,0.137792845051706
56.1527,0.0645541567019663
56.1711,0.00884752152162349
56.1901,-0.0813214787761751
56.2063,0.223379169721426
56.289,0.00299903495021425
56.313,0.146051756543265
56.3885,-0.0623052663488224
56.4057,0.240031720963785
56.4575,-0.0721083082550962
56.5322,0.0888360432517032
56.5564,-0.0478603608071637
56.7639,0.24957174352685
56.7677,0.241449916396519
56.8005,0.00258278535194734
56.8129,0.247694987703554
56.9606,-0.029328497676147
57.0121,-0.0816213822662988
57.0197,-0.0673724663623503
57.0773,0.0308452075458518
57.2416,-0.0525083885132887
57.283,0.158685030044296
57.3039,-0.0258123717104723
57.3431,0.0577718051883949
57.3854,0.0221809834520457
57.3896,0.149428940872397
57.4565,0.0752599592545309
57.4657,0.24879126047145
57.4727,0.0314366652350699
57.5639,0.250240579760487
57.5676,0.0440110643394362
57.7884,0.0688407987675959
57.8088,0.235985112691459
57.8212,0.244766382648464
57.8726,0.150518124900252
57.8946,-0.0593179017149552
57.9361,-0.0815634170701856
57.9409,-0.0513739442825383
57.9735,0.230884328199522
58.0394,0.0393546922319246
58.0405,-0.0726723380943994
58.043,-0.00560358883061696
58.0692,0.199154946264997
58.1152,0.0170347349739899
58.1214,0.257063166584445
58.1234,0.101003448130378
58.1352,0.245030236586175
58.1369,0.209168643367313
58.1779,0.224433367245993
58.2821,-0.0780701711489939
58.3535,-0.0659328932001628
58.4483,-0.0022168171484509
58.4562,0.239664171062692
58.4642,0.247473313584322
58.4874,0.249912110000288
58.6219,0.111551649464026
58.6522,0.196914740342294
58.7151,0.233347812816312
58.7648,0.180443805134026
58.7649,0.103058697053967
58.769,-0.0803826011012418
58.8047,-0.0271059771838296
58.8281,0.25047059733005
58.8315,0.0163498637184887
58.9023,0.248922496371605
59.0424,0.116175626056872
59.0515,0.0181272840204443
59.065,0.243073731754968
59.1184,0.235739025698273
59.203,0.238213330353787
59.2119,0.176906457404286
59.2752,-0.0449191606495205
59.2976,-0.0489788839159928
59.5099,0.112262122431446
59.5126,-0.0612218200062173
59.5996,0.262446556198022
59.6115,0.205940309092931
59.6198,-0.00474322374672909
59.7009,0.177930615291693
59.7393,0.118421547997443
59.7454,-0.0892943997205009
59.7683,0.0198258721730937
59.7778,0.256427641129051
59.7935,-0.0186354462092311
59.8446,0.0427323890788642
59.9012,0.241634321937141
59.9838,0.109163294598815
59.9978,0.234249573483027
60.0041,0.00748619725959543
60.112,0.195952268357196
60.1285,0.204538700077663
60.1316,-0.0476802458258589
60.1617,-0.00805765489351984
60.2463,0.00941891619226709
60.252,0.266431031348986
60.2884,0.198862727043291
60.2992,0.0132523060107772
60.3564,-0.0677944191700064
60.4061,0.25014682595075
60.4272,-0.00638519410527749
60.4469,0.267744754477889
60.5492,-0.0736226018163464
60.5738,0.245284740116091
60.6664,0.267844865050705
60.6717,-0.0222890987638849
60.6753,-0.0841635643299483
60.6805,0.237020418995456
60.7204,0.199134402626612
60.755,0.261689165775614
60.7738,-0.0308107600485314
60.7771,0.0659996103690474
60.7889,-0.0863801564256121
60.8029,0.135790211578104
60.8951,0.0999035430761381
61.002,0.251975071291874
61.0615,-0.0316999580249373
61.0702,0.127672217355133
61.0835,0.0113523215640328
61.1347,0.169882915856697
61.2004,-0.0367780144699523
61.2241,0.00794800442116639
61.2931,0.271174263075203
61.3544,-0.000532284547588802
61.4099,-0.0290943327687856
61.4389,0.136278146641835
61.5187,0.24779533600806
61.5244,0.252534640062287
61.5467,0.22384637082628
61.5509,0.0951061751930951
61.5626,0.186927193669412
61.6874,0.0789354783839897
61.7016,0.154831122187737
61.7611,0.175628085901408
61.817,0.175495105484941
61.8605,-0.00211376898884907
61.9443,-0.0872433760525979
62.0216,0.0487321954146438
62.0535,0.057308864744769
62.0999,0.157284059646102
62.1323,0.257780281835849
62.2674,0.268510827647546
62.2855,-0.086972287831621
62.2926,0.257348919077963
62.3114,-0.0241813817016592
62.3251,-0.0811024038848416
62.3595,0.25157364790698
62.3912,0.12327643908489
62.4937,-0.0662619430725115
62.5211,0.222467469268501
62.6065,0.202033909747826
62.6291,0.0509480642677573
62.6798,-0.0661621333932487
62.6856,0.0177423774663268
62.6984,0.0851575923669685
62.712,0.214321512241007
62.7295,0.107254229129005
62.7295,-0.034217681562879
62.8026,0.183479356916408
62.8634,0.00573689141470624
62.9646,0.207587526275304
62.9687,-0.025550308663739
63.0678,0.0594529749346648
63.0721,0.255211446167792
63.116,-0.0891406447541456
63.1243,0.225040388316984
63.1502,0.0992133073334429
63.1548,0.059364804270821
63.2034,-0.0443267645889804
63.2161,0.254560722108074
63.223,0.0926799856819187
63.3169,0.276780546986494
63.38,0.270728159271762
63.4181,0.280071187202253
63.4388,0.266116348597379
63.4837,0.127428882670579
63.4935,0.232969709127794
63.5226,0.281510087334134
63.5334,0.138512596185521
63.5342,0.22614114561474
63.5444,0.0164518838846064
63.5482,0.260030122537039
63.5926,0.247557022634574
63.5971,0.280701731550003
63.6241,0.0849082125208795
63.6862,0.280925940370011
63.7611,0.188516473219245
63.7764,-0.093886321667334
63.8579,0.0648752720487877
63.8599,0.0179989692661948
63.8622,0.27630082821485
64.0327,0.0301201100291593
64.121,0.279605086765294
64.2031,0.210641842984728
64.2203,0.243973787534031
64.2424,-0.100151512968225
64.3066,0.199607622969765
64.3092,0.235900155923488
64.3461,0.243881003138583
64.4041,-0.0442861993484627
64.4527,0.271243284188969
64.5052,0.25874901914581
64.5827,0.059862144533696
64.625,0.203479552840349
64.6671,0.284590325795406
64.6696,0.230573718447999
64.7664,0.027856093148003
64.7769,0.220445853434583
64.7792,-0.0445108568105468
64.9093,0.21321291190992
64.9391,0.275297926225491
64.976,-0.0112990764494469
64.9882,0.132109653291323
65.0281,0.0441365473273549
65.0408,-0.0735533005211408
65.0677,-0.0567412093052866
65.1391,0.0586154327616413
65.2178,-0.0773410659429743
65.242,-0.0421056483220212
65.2552,0.0538691688082196
65.2987,0.109166273840756
65.4042,0.269522148910497
65.4153,0.0608776176725314
65.4199,0.266498294604403
65.4405,0.263301829794855
65.4532,-0.0594905316708605
65.4539,-0.0410132560305527
65.4884,0.100240338906531
65.5132,0.209176762309923
65.5467,0.274188793412748
65.5561,-0.0636642425526475
65.7573,0.210663094359759
65.8295,0.226172645721633
65.8435,0.200662790083186
65.8903,0.198909611584298
65.8952,-0.0977721179712177
65.926,0.113960009711022
65.9456,0.0436992555282814
66.007,0.0736374689774522
66.13,-0.0729897723760047
66.1597,0.285034625475433
66.2101,-0.0498884994623978
66.2232,0.158354842745567
66.2657,-0.0865912005808269
66.2857,0.29091930566679
66.3445,0.208020754166554
66.3886,0.175203768569759
66.4185,-0.0959656633063872
66.4221,0.279086663745574
66.445,0.174427880439836
66.4859,-0.0219623913440614
66.5126,0.131849762723974
66.5168,-0.0959712436438878
66.5357,-0.0281448086397518
66.6068,0.183761732304987
66.6123,-0.0885312448944831
66.6677,0.0175528420101188
66.6732,0.10326138159688
66.6966,0.290517454604668
66.7342,-0.0500505636413635
66.7352,-0.0485086702011586
66.7736,-0.0399375558116191
66.9407,-0.0737637711529544
67.0364,0.229614029853579
67.0954,-0.0197083325321898
67.1138,0.162535268009719
67.117,0.172322949085398
67.1819,0.167504071107118
67.1895,0.256858885843897
67.1927,-0.100526408034156
67.2794,-0.0522252414098716
67.286,0.296483526111786
67.3431,0.148909283605661
67.3684,0.279033174035604
67.3865,0.290006564261901
67.4963,0.227220046633093
67.5165,0.293792218830077
67.5202,-0.0637422645540369
67.5579,0.276341823776264
67.5732,0.276593442319793
67.6356,0.00600788331435353
67.6748,0.243294554867816
67.7047,0.236481677166694
67.7152,0.268144024265411
67.7158,0.291701924678804
67.7201,0.276017921509762
67.7239,-0.0115407039373565
67.74,0.0598540104763998
67.7754,0.1187817897559
67.8373,-0.093623113229512
67.8829,0.252989731077506
67.886,0.160967966941357
67.9622,0.268696061858989
67.996,-0.105674341577583
68.0282,-0.00190694023412163
68.1077,0.0348617122813693
68.1215,0.205511557514811
68.1262,0.224864990394948
68.186,0.276880431966916
68.2332,-0.109877353429638
68.2403,0.241923015576504
68.2908,0.0555070053081153
68.3122,-0.103383557004733
68.3492,-0.00492343549696272
68.3948,0.159057188797291
68.4326,0.177257366213638
68.4505,0.151853750185609
68.51,-0.0213941951637935
68.5141,0.301295909479776
68.5784,0.209779351844631
68.5807,-0.102805177916935
68.5928,-0.101531145498399
68.6003,0.0801585379154375
68.6429,-0.0536646152551867
68.6469,-0.102478502299704
68.6968,-0.0642556989671164
68.7034,0.147735695114406
68.7321,0.266012847874677
68.7378,0.304220722054183
68.7409,-0.0889024219766412
68.741,0.0360617894748145
68.8305,0.0235278211760601
68.8326,0.304446037377389
68.8665,0.123060010678557
68.8813,-0.104541892191961
68.9373,0.293312838153213
68.9617,-0.0680218956519099
68.9982,0.23061917682611
68.9986,0.026771507223188
69.0599,0.276938071281663
69.0792,0.163646660623428
69.1041,-0.0790383402984389
69.1907,-0.0262587119089517
69.2745,0.0528421853164502
69.3055,-0.102542433500091
69.4033,0.267973362592912
69.4969,-0.0625376876589172
69.5039,0.234879830426749
69.5088,0.259175228393175
69.5395,0.247745887544397
69.5728,0.305863004087385
69.6,0.307488774336647
69.605,-0.101491726482195
69.6518,0.290421805253203
69.6726,0.109764675563227
69.6773,0.0681909988703495
69.7153,0.12369229964014
69.7189,-0.0515343798905548
69.7241,0.27000235277491
69.7389,0.114573209503732
69.7844,0.274604764449236
69.8112,0.143626473133608
69.8218,0.00407381107449112
69.8228,0.0641135304899763
69.896,0.287021248069806
69.9441,-0.114796023734641
69.9656,0.309718138412109
70.0102,0.252837367452841
70.0262,-0.0187200399430481
70.0297,0.252068369755776
70.0526,0.297311665622502
70.0668,0.309733845459107
70.0936,0.239600889850166
70.0968,0.0186359224214954
70.2045,0.190479874832519
70.2168,0.0147285272928883
70.2255,-0.110683927901007
70.3252,-0.0418355480510826
70.3416,-0.0857735809134113
70.3523,-0.0390148721120767
70.4019,0.29821028784653
70.4253,0.304380420480598
70.4588,0.0372985438524864
70.4837,0.21244739987074
70.4944,0.104893942126253
70.5243,0.0439948572405484
70.5375,0.22812985482723
70.6074,-0.0123671247043404
70.6641,-0.0832350615870183
70.6711,-0.104736871985509
70.7258,0.140930282897855
70.7786,-0.107884804120474
70.8055,-0.0759236440524518
70.8183,0.304507349590239
70.8325,0.279041305288303
70.899,-0.107652768872242
70.9026,0.303352469877368
70.908,0.314043773281114
70.9284,0.301185964689125
70.9536,-0.0707798300910696
70.9907,0.302083012729369
70.9963,0.115644608674486
71.0032,0.043430474548714
71.0594,0.296781386829224
71.0741,0.31503644283805
71.0902,0.299966671078067
71.1076,-0.0775436070543662
71.1482,0.0619156827385297
71.1987,0.13419242263231
71.3039,-0.06289369654057
71.3512,0.171160544093709
71.3864,0.0200138925477944
71.4398,-0.0926175450130557
71.5291,-0.105214471954739
71.5475,0.0544432450611652
71.5723,0.138874646808773
71.595,-0.0150231504283198
71.6055,0.121193663866038
71.6244,0.233319504968719
71.6443,-0.0222316709458283
71.7772,0.225810624907481
71.787,0.13672896745959
71.9669,-0.0749040569538408
72.0022,-0.0845963068561133
72.0026,0.00611209977809324
72.0265,0.107242300272006
72.1428,0.318599712918498
72.2027,0.230023064429233
72.2615,0.0522403804681772
72.2983,-0.0675516512731207
72.3017,-0.0603454921491107
72.3725,0.0100603747739001
72.3777,0.14268218854393
72.4257,0.057396122774918
72.4358,0.320322469838231
72.4573,-0.101685484196324
72.474,0.29892950833019
72.4999,0.304892550236872
72.5692,0.0374957052426765
72.5716,0.312890795015079
72.6722,-0.0375566622445547
72.6988,-0.00242005233698706
72.7123,0.319977739291417
72.8521,0.31419614361873
73.0409,0.321121401598575
73.0498,0.0558460372314755
73.0636,-0.117020148807953
73.0756,0.129833971688967
73.1316,0.306920670083173
73.1372,-0.120696367730005
73.1807,0.0158649731894656
73.1825,0.121519276131764
73.2448,0.119543998021896
73.3321,-0.00224884198216557
73.3322,-0.103459592872753
73.3785,-0.017979807049386
73.4065,-0.122552963958256
73.4286,0.272302211461536
73.4993,0.147949295726889
73.5341,0.168623285352197
73.5431,-0.1164942625403
73.5558,0.161446183746108
73.5963,0.176729107732669
73.6008,0.2995506080875
73.6532,0.323570891759374
73.7127,0.24186980161403
73.7299,0.304050010141651
73.8229,-0.102784027693104
73.8943,-0.00972958988414518
73.9374,0.274120814941867
73.9933,0.310465226672903
74.008,0.263206837477199
74.0127,0.328131423570966
74.0152,0.235380010991804
74.0336,-0.102002648003477
74.0351,0.323178920921563
74.1263,0.321286464509072
74.1288,0.119279306909988
74.1634,-0.00477997577171152
74.1818,-0.124558405107237
74.2494,0.209819130366455
74.2997,0.164031443011694
74.3541,0.327433453914026
74.3623,-0.0693115432949867
74.3708,0.321520947150233
74.4,0.289101163795209
74.4418,0.316251131345112
74.4567,-0.0727446748126539
74.4706,0.110630127804015
74.475,0.304480625562405
74.5262,0.0451919933712901
74.5747,0.170407207290339
74.5914,0.163473186044016
74.599,0.309587213507072
74.6469,-0.0569042632709085
74.6578,0.0192410933872225
74.6828,0.316210603740288
74.7899,-0.0912752391872544
74.8089,0.331568683917752
74.8764,0.329291001619353
74.89,-0.103462174278448
74.9509,-0.118253386779372
74.9906,-0.0706487171989778
75.0073,0.153604940190249
75.0584,0.0015607070807846
75.0915,0.0565400613847942
75.1483,-0.10677263816747
75.1518,0.314944903926971
75.1799,0.211380348915768
75.1821,-0.0706400757339622
75.2003,0.146956822610903
75.3151,0.159154362617286
75.3514,-0.0721526565646684
75.3759,0.288862309538388
75.3828,0.310411286246477
75.4366,0.241262011145878
75.4369,-0.0606688989410173
75.5706,-0.111786136096342
75.5863,0.0129682233262258
75.5916,-0.0334070290278419
75.6287,0.206289065888498
75.6803,0.229383872621241
75.6956,0.0474105413646981
75.7167,0.205169321374811
75.7384,0.0984379275652429
75.76,0.331756946959942
75.7721,0.0830888060766881
75.8071,0.018828423655961
75.9037,0.262006474607077
75.9233,0.168258238277346
75.9608,0.333691165641611
75.9673,0.336743559941198
75.9696,-0.0779696750053489
76.0062,-0.119766278739959
76.0328,0.327848951253372
76.0717,0.0997474735758743
76.0937,-0.0267557213974499
76.1088,0.267805376060508
76.1524,0.0809788620215812
76.153,0.128917645699616
76.1703,0.186843778026486
76.2284,0.262990454593691
76.2842,0.325603879133766
76.286,0.233537005506122
76.2919,0.0232417734656565
76.3151,0.114480364610358
76.3787,0.289837047605417
76.4299,-0.104895582918047
76.5873,-0.0127074691969966
76.5976,0.0618306617292603
76.6589,0.252601754898151
76.6726,-0.116517626538965
76.6973,0.182879085402078
76.7304,-0.132454384672656
76.7363,0.277143846009039
76.7611,-0.124486292058506
76.7792,-0.110823698633041
76.8428,0.336069972470895
76.8726,-0.120395601214753
76.886,-0.0818278541632935
76.8874,0.281339002718624
76.9245,-0.110027091684913
77.1269,0.33734753686899
77.171,0.175398879766917
77.207,0.148536755081935
77.2415,0.209573798876193
77.3279,0.0595022329276702
77.3827,-0.107599683772861
77.5028,0.0194745198291031
77.5421,0.0317951240682106
77.5591,-0.0759953294052451
77.5591,0.0776294726301217
77.6123,0.0484408076199543
77.659,-0.105976651658608
77.6614,-0.10093581201825
77.6707,0.221235440824955
77.6722,0.10985061498782
77.6749,0.298121807653644
77.7071,-0.0698927049815126
77.7665,0.202976526121162
77.8204,0.337882412602283
77.8208,0.177584348124014
77.8402,0.216525375624713
77.8555,0.272743337121724
77.8708,0.263576065148726
77.8794,0.163586556396552
77.8834,-0.0676533602391061
77.9461,0.031678079699418
77.972,-0.0722346162889522
78.0052,0.254904766184083
78.0258,0.19578983294015
78.066,-0.107376675380522
78.0671,-0.135270050928014
78.0888,-0.0911729466432121
78.1284,0.260206729338918
78.1865,-0.0951102808081856
78.1925,-0.0909350695305733
78.2029,-0.0999900692883386
78.2441,0.171262365258571
78.3031,0.292588587679106
78.3301,0.330610139760452
78.4106,0.27336034110202
78.4308,-0.029874005241453
78.4574,0.0336555065244255
78.489,0.103648190335932
78.5579,0.0752523993515126
78.6737,-0.0624121809178888
78.6787,-0.138752238120048
78.6995,-0.0305505235100867
78.7254,0.30621287867595
78.7393,-0.0283876709509485
78.7479,-0.133200575364427
78.7623,0.254589733315186
78.8373,0.093993139754005
78.9139,-0.008525111332645
78.9168,-0.103784918336146
78.9195,0.32800752646213
78.9459,-0.135875861404458
79.007,0.317501986973866
79.1064,0.0849824137173982
79.1279,-0.112705053219642
79.1661,0.113413539598483
79.2123,-0.0336078885607947
79.3918,0.304408654389221
79.3953,0.302591977107056
79.3984,0.00645975638119012
79.4156,0.118669008919838
79.4162,0.180095244689468
79.4815,-0.133340095185517
79.501,-0.0111972545248022
79.5696,-0.0620544494600495
79.5915,-0.141961221215951
79.5941,-0.138143947883435
79.6042,0.236533383716832
79.6237,0.0839500961332504
79.6622,-0.113297924634622
79.668,0.312408878771706
79.6709,0.329382050823298
79.6821,-0.0176644604941032
79.7079,-0.140462344430048
79.7093,0.308807462786376
79.7137,0.0277047531690897
79.7676,0.342588546361426
79.791,0.350628936384638
79.8136,0.246120732559689
79.8162,0.0593793131655076
79.8549,0.0506414920999418
79.8763,0.292028733197213
79.8892,0.346930689730854
79.9704,0.161599948450899
79.9927,0.339768836597159
80.0394,-0.0337482506460987
80.0937,0.354662481255914
80.1659,-0.109946890006455
80.2335,0.353123327105237
80.2617,0.327911193349223
80.3125,0.264696254360345
80.329,-0.0275917528538656
80.4387,-0.0676966810039517
80.4407,-0.134804329711415
80.4781,0.165320318355285
80.4881,0.218387709091374
80.4885,0.345705854638595
80.5495,0.354529265991857
80.5888,-0.049105291840732
80.5922,0.0590921716985662
80.6084,0.0787041554583539
80.6422,0.152526218803175
80.6787,0.0714178831554335
80.686,0.254382807835071
80.6942,-0.10778875716305
80.7055,0.256904259968877
80.7871,0.00644252481183116
80.8118,0.0340089955735721
80.8388,-0.0901343052862558
80.8594,0.355500366928837
80.8674,0.357631977754991
80.8905,0.273988876830686
80.9004,0.110021959813579
80.9011,0.320333246396743
80.9584,0.00934914452328428
80.9605,-0.104753263359953
81.0752,0.00452045613604923
81.1284,-0.130158112816943
81.1656,0.334379137308076
81.187,0.00506828765389855
81.1899,-0.0268741635676406
81.1988,0.301351982068908
81.2362,-0.131183684961769
81.2366,-0.103880429271399
81.2546,0.286970421453404
81.3435,0.356612387547599
81.5313,0.143636050246059
81.5449,0.318810438278419
81.6599,0.114728217719559
81.6682,0.24895148241211
81.6791,-0.0842195569991873
81.7361,0.189783065560121
81.742,0.360227848716704
81.7652,-0.148241213848138
81.7799,0.274469108939059
81.8548,-0.143678991635227
81.8864,0.357789626043854
81.8893,0.35874082639242
81.9029,0.123676849984548
81.9157,-0.0428072204224463
82.0025,0.108240445861199
82.0067,0.353858121201384
82.061,0.000652639514129305
82.1058,0.149725930416707
82.1209,-0.0664146668011796
82.1245,0.336707033462545
82.1259,-0.13811451148554
82.2272,0.0610084950984202
82.2663,0.33675228253027
82.2874,-0.0894539525242521
82.297,0.274278636742821
82.3257,-0.148083272099271
82.3285,0.129589928471631
82.3328,0.362506974310023
82.415,0.145119417075293
82.4355,0.186229836557146
82.457,0.0510687181560741
82.5319,0.213206188620049
82.5712,0.170451971804312
82.6173,0.27126446838686
82.6191,0.321228195942638
82.6392,-0.137564222417225
82.6937,0.0741293493990582
82.7759,0.117021455627679
82.8327,-0.129435944924694
82.8629,0.0760454008962625
82.9122,0.0753884268538485
82.9719,0.364006810283556
83.0211,0.00839558422799769
83.0303,-0.152385102251088
83.0447,0.0333137970886668
83.0489,-0.10063399540546
83.0628,-0.00645854275676072
83.0708,0.259042208205486
83.0771,0.282349012029812
83.187,-0.141878923277957
83.2437,0.145239930197377
83.3271,0.36382809057902
83.3652,0.330186404085097
83.3977,0.14217542177721
83.4063,0.328732007310961
83.4416,0.3699491768878
83.5022,0.16428751820257
83.5198,0.369730690752633
83.5534,0.368262128422941
83.5659,0.158780800956464
83.5671,0.134098606866772
83.6123,0.343261811138191
83.6453,0.369150186349643
83.6608,-0.0670901758212921
83.689,-0.0298865603072187
83.7569,0.370746262413263
83.7852,0.207882023491038
83.8538,0.371605132386009
83.8592,-0.154615997504592
83.8624,-0.123346059990823
83.878,0.361711883518581
83.8818,0.0364136428111976
83.887,0.356860068968714
83.8909,0.363203835432202
83.9034,0.332336054946509
83.9038,-0.0626185441206815
83.9122,-0.14048644509883
83.9937,0.0865787357195416
83.9977,0.371043275709482
84.0029,-0.152919126532751
84.0039,-0.0204853345327791
84.1156,-0.0736100244723445
84.1234,-0.0644611049680179
84.1282,0.370520291642322
84.1415,0.349042886893884
84.1883,0.170736251342305
84.19,0.360815512680333
84.314,0.0060126506309075
84.3584,0.08850276528743
84.4202,0.193656894774364
84.4284,-0.139194662099982
84.4373,0.356392346712795
84.4746,0.201332095324602
84.4974,0.0439708897193469
84.4975,0.369320713539707
84.5217,0.372978727478881
84.5301,0.371754872488239
84.5707,0.34858870007757
84.6392,-0.0065009038628574
84.695,0.368241521345468
84.7118,0.347288298971208
84.7894,0.113224091236546
84.7946,-0.147791223502338
84.8417,-0.147347546210526
84.8851,0.314055729252004
84.9172,0.0957001343772959
84.9198,0.333422252832889
84.928,0.361890339126361
84.9381,0.324139189168505
84.9582,-0.0868927965184412
84.9753,0.20496634894802
85.0203,0.370866401778855
85.0587,0.221283922537765
85.083,-0.035756500636964
85.0834,0.376264350185437
85.1752,0.260457485101441
85.2259,-0.11076219947833
85.2709,-0.121699121704282
85.3327,0.317800393896832
85.3328,0.348107737786165
85.3401,0.323740547762029
85.3521,0.376242128331498
85.3585,0.378399428645551
85.4649,0.367864637205315
85.5541,0.160017781727191
85.5581,0.234605458637361
85.5726,0.376243977942863
85.6184,0.0530876956956092
85.6423,0.0494779341156999
85.6764,0.3107463108324
85.6903,0.197260426883986
85.7077,-0.0124997293484057
85.7173,0.0473395334378495
85.7566,-0.161599773095475
85.7791,0.235581257537987
85.7833,0.37058396153536
85.8113,0.0018789266296011
85.8259,-0.063294990342456
85.8803,0.228474788736762
85.9025,-0.102403852028871
85.944,0.23473075049229
85.9519,-0.0469973705235844
85.9619,0.325006939805647
85.9621,0.337318525930655
85.9672,-0.0790905585506039
85.9982,0.280855993411365
86.0085,0.147484363480373
86.0537,0.0394154786490475
86.0691,-0.13900801850771
86.1119,0.258863262136401
86.1467,0.377472160515609
86.2335,-0.0725621048447351
86.255,0.3381087978171
86.2662,-0.154769744761566
86.3607,0.08653545375833
86.3653,-0.0235706994892411
86.3714,0.380134002589173
86.3796,-0.149857085256571
86.4093,-0.121550269137941
86.412,0.0137310404761593
86.4431,-0.0560500696767292
86.4642,0.270723679916671
86.4671,0.3045604806114
86.4739,-0.152762768644948
86.4779,0.013397190190588
86.5332,0.37889873484221
86.5672,0.0597019555631846
86.593,0.109433418443089
86.6164,-0.0360210788740716
86.6224,0.211671805362357
86.6571,0.350884375542776
86.6743,0.00570426354016718
86.6773,-0.117562577872775
86.7261,0.300715197035615
86.7316,0.331237866006674
86.7923,0.364185869591765
86.8144,0.3848552091344
86.8153,0.023836153745691
86.8742,0.384692506573415
86.9984,-0.104711091086102
87.0403,-0.114190408493158
87.0477,0.0628809339235374
87.0493,0.201836609449003
87.0527,0.348458014554566
87.0717,0.298265635191484
87.1047,-0.12108846431687
87.2378,-0.103985220726074
87.2473,0.048798940651821
87.2644,0.377835379252531
87.2748,-0.0421889225499683
87.4748,0.324078639934527
87.4918,0.388258530775815
87.5087,0.26777922415485
87.6311,0.137102999947288
87.637,-0.00888873191237849
87.6376,0.22921622397611
87.6549,0.387843819253675
87.6733,0.385747207018682
87.677,0.387575390212746
87.6872,-0.156411155366428
87.7305,0.0802723095642364
87.7305,0.0705351851795797
87.7381,0.08740849050902
87.7797,-0.0152052666052356
87.8625,-0.14648671517152
87.8764,0.381939465512744
87.8897,-0.157172235731267
87.8965,0.28569970129206
87.9045,0.38997890446791
87.9065,0.279258810553344
87.9629,-0.117680012445575
87.971,0.385101737731617
88.0015,-0.0875334895336977
88.0155,0.0509204382103121
88.0719,0.310434961344697
88.1328,0.388890991219483
88.2528,0.373880302572786
88.2805,0.370711070679832
88.2879,0.386104613941455
88.3086,0.132620365412635
88.3882,0.390443741683683
88.4065,-0.16938878389432
88.4202,0.3147417924758
88.4257,0.253722348282395
88.4921,0.371044526333307
88.5039,-0.145622548150101
88.5048,0.125802458048057
88.5066,0.389381658925373
88.5421,0.359620689586876
88.5854,0.114650760439076
88.623,-0.168562779579773
88.644,0.121157762982733
88.7214,0.101926894031493
88.7832,0.381978701947787
88.8443,0.110461841362152
88.8559,-0.159598266528292
88.8854,0.0665847001286863
88.9259,0.19867262899659
88.9274,0.167088923618351
88.9689,0.354910061954854
88.9968,0.271447629014006
89.0005,0.394098731343234
89.0048,0.01387454682515
89.0371,0.028007771281878
89.0391,0.298103400023024
89.0547,0.395369143771987
89.0872,-0.165051224477338
89.1495,0.376348362502569
89.1538,-0.102127055716423
89.1613,-0.164795510364982
89.1803,0.374796825791563
89.192,-0.172809608506171
89.207,-0.110862894057874
89.2298,-0.10920045450554
89.3829,0.217377792156199
89.3869,0.0612704134867101
89.4068,0.175271740068766
89.4105,0.299285332812246
89.4742,0.394780854746259
89.5359,0.395292299875194
89.6082,-0.0246654217330615
89.6084,0.232307864968405
89.6463,-0.162254303998253
89.6561,0.130360384301127
89.6816,0.0737031946238176
89.6833,-0.129980656069634
89.7295,0.395600339768066
89.7487,-0.0415131583392281
89.7854,-0.115042667712572
89.8492,-0.174388415167016
89.8573,-0.0893172029605722
89.8776,0.292497728551339
89.9208,0.0315469924837828
89.9564,0.317997124632896
90.0087,0.399653122048207
90.0137,-0.0592225107177882
90.0649,-0.171600405331105
90.1596,0.386137030291763
90.1699,-0.164244811373095
90.1708,0.392657057258319
90.188,0.203041773755373
90.196,0.153510331500812
90.2174,-0.0343659506170297
90.2234,0.367270744140328
90.2257,0.327031276767087
90.2447,0.194439288515909
90.2708,0.031874585750046
90.2726,0.395131334142121
90.2805,0.151114089987175
90.2839,0.159335228828752
90.289,0.39850682299668
90.3957,0.185375972740658
90.3994,0.38918324427101
90.4304,0.305697198403365
90.4317,-0.159688078550005
90.4492,0.0699399025285032
90.497,-0.16336450291854
90.5322,0.151442452452471
90.5381,0.40129163892621
90.5479,0.320678226911994
90.5652,0.206320591452894
90.5758,0.401098622186566
90.5936,-0.153266744015852
90.5978,0.104478602171866
90.6269,0.0206458286633477
90.6441,0.30575283494511
90.6517,0.323463246273818
90.6528,-0.0185691743691763
90.6539,0.165638540842721
90.6767,0.0127224903979481
90.7059,0.00457859783941217
90.7322,0.401598002424308
90.7379,0.376423861461646
90.7412,0.299623402374777
90.7961,0.157040619181274
90.8131,0.400197222720919
90.8528,0.151380721971151
90.873,-0.174223041159706
90.8903,-0.0732565663110591
90.9149,0.263887181865655
90.9359,-0.159396823853356
90.9672,0.395095422508064
90.9975,0.354298660310974
91.0009,0.380719621272732
91.0206,-0.045563168966396
91.0314,0.20262394188137
91.0332,0.127117749933504
91.0355,0.354877271375997
91.0377,0.266990150780018
91.0943,-0.152157502536127
91.1068,-0.166127004744268
91.1361,0.259614944073363
91.1567,0.402392862082849
91.1742,0.401703134930187
91.1769,0.393274157250673
91.1934,0.036743984074846
91.2124,0.156429257056431
91.2525,-0.0673975460651945
91.2602,0.255659334546394
91.2807,0.146337693006203
91.2883,-0.0375313096858179
91.3238,-0.178192858496374
91.3356,0.0401172154736855
91.3382,0.401160219270977
91.3747,-0.0726374360236832
91.3946,0.192093922672399
91.4025,0.397394377592846
91.4183,0.139689665779002
91.4208,0.3743103647206
91.4603,0.400741760598265
91.5355,-0.111048873363501
91.589,0.304114819907539
91.602,0.403406555156792
91.6126,0.233046733866914
91.6186,0.105022084111269
91.6292,-0.0315858935927196
91.6558,0.0356609960030738
91.6572,-0.145368398729204
91.6675,0.00981187723280641
91.6938,-0.149743195433572
91.7045,-0.105965541799776
91.7083,0.141724756713742
91.7084,-0.0900628861989929
91.7595,-0.152192249225678
91.7673,0.383571718336384
91.7813,0.407498922467482
91.8363,0.166895598858702
91.8805,0.371365787307752
91.885,0.0354731923942069
91.932,0.189434954788481
91.9681,-0.110635469661091
91.9691,0.408508342530709
92.0167,0.366142086361222
92.0502,0.296249370404993
92.0512,0.389146767410963
92.0929,0.285770069912573
92.0967,0.378121571179449
92.1035,-0.125575125125479
92.1325,-0.0891004793646317
92.1348,-0.175800675174955
92.1391,0.401236393714413
92.1412,0.409250194531097
92.1616,0.408013223360513
92.1763,0.392800797275129
92.1772,0.345427990564005
92.2012,0.38504248924562
92.2025,0.205193978546674
92.2734,0.0515579441678256
92.2782,-0.161373984707524
92.3048,0.379968719931966
92.4226,0.233933793027262
92.4295,-0.169313810227834
92.454,-0.0668926743816911
92.4641,0.410144979563825
92.517,-0.000252523560874351
92.5371,0.403761527808584
92.6084,-0.153023237892612
92.6131,0.384162247637576
92.7247,0.348528412024422
92.7467,0.163044926256163
92.772,0.19409365673252
92.8317,0.0578099559589731
92.8673,0.220684719968375
92.9717,0.07506239836124
92.9816,-0.0699816003323832
92.9949,0.352430103197719
93.0005,0.164011711367195
93.0261,-0.0329052887235832
93.1115,0.10838217016267
93.1136,-0.145569928440437
93.1301,-0.0660105454833939
93.1387,0.138369496394589
93.1814,0.249703441703574
93.1891,0.283346088008841
93.2099,-0.157891404836363
93.2737,0.263620678899343
93.3046,-0.137145988613184
93.3194,0.401726157317668
93.3885,0.221652233092058
93.4009,0.390797659888648
93.4234,-0.0805290610287983
93.4501,-0.115615628201652
93.5305,-0.155265531719877
93.5415,0.38819755768958
93.549,0.166535699800221
93.5599,0.0456642992390215
93.5742,0.38195791270509
93.6134,0.385475503472264
93.6403,-0.184893671510551
93.6484,0.310498770545095
93.6564,-0.175583365545961
93.6648,0.0471919062785133
93.6654,-0.00102783156151531
93.6681,0.129715732065762
93.692,0.0507458810552208
93.7321,-0.00724276331914098
93.7482,0.102321807118699
93.7991,0.406681471977024
93.8211,-0.156046286377901
93.8318,0.24231581355015
93.8481,0.292536098855962
93.8745,0.152926716705082
93.8888,0.417037348815384
93.9383,0.417199644223317
93.9438,0.262298685521941
93.9752,0.308321272816514
93.9856,0.267842635145414
94.0083,0.364082540712701
94.013,-0.0065872485671008
94.0157,0.276210812070744
94.0266,0.323188478679796
94.0386,-0.0643175785546077
94.0639,0.369197119737578
94.0738,-0.144890632457034
94.0969,0.18248747364062
94.1535,0.407824097047609
94.1557,0.152518185918908
94.1859,0.1124213867853
94.2204,0.416641781219425
94.265,0.145526914970873
94.3038,0.0739745683497688
94.3372,-0.0544229221798531
94.3474,-0.0578458318080664
94.355,-0.154301204799054
94.3741,-0.180466876007543
94.4131,0.0399199558591619
94.4518,0.417114948305084
94.4749,0.185807321488312
94.5432,0.402399074384803
94.5694,0.221135141094393
94.5702,0.40293436677463
94.5919,0.29536843470612
94.637,0.107015013899684
94.6483,-0.110328291039707
94.677,-0.0821524548475026
94.7343,-0.12870060645426
94.7364,0.313539961552721
94.8165,-0.0807606925625208
94.8647,0.226793830383428
94.8684,0.17623432301987
94.9106,0.326009363958249
94.922,0.08070593813855
94.9246,-0.0627599862182535
94.9326,0.422110984387771
94.9379,0.411701324971702
94.9669,0.301925614285878
94.9922,-0.109296057255904
95.0031,0.109984391625943
95.0196,0.396498434895747
95.0415,0.236917726162773
95.0717,-0.179781401475765
95.0854,0.410392296751851
95.096,0.421972594813212
95.105,0.420711552596899
95.1549,-0.172665173676194
95.2244,-0.122439762474926
95.2289,0.417206316556346
95.2473,0.0362960767227634
95.3037,0.0213691859799638
95.3051,-0.0240012969324681
95.3479,0.0888454869405848
95.3559,0.275412197044204
95.3628,-0.154847400297669
95.4444,-0.132760495340335
95.4499,-0.105465330498077
95.5264,0.145533943611312
95.5372,0.25868021981529
95.6509,0.409482243895908
95.6723,0.318679766872776
95.6769,-0.159443270337192
95.6851,0.391752076637403
95.6864,0.0439598718837431
95.704,-0.155094702456822
95.7262,0.419870394446107
95.7402,-0.00695471639308209
95.7775,0.350856242190474
95.785,-0.173550716062621
95.7909,0.187642975618658
95.8319,0.320879527493943
95.8635,0.0208168247722114
95.8954,0.0635320226330549
95.9511,0.179624247291784
95.968,0.413549964980604
95.9816,-0.0686198935903377
95.9998,-0.147782681886142
96.0092,-0.137081074419569
96.0196,-0.150567038806059
96.0743,0.241665101098278
96.109,-0.059274551936312
96.1165,-0.0994576620179544
96.1655,-0.152407450267589
96.202,0.238830612237265
96.2604,0.427024824113644
96.2808,-0.0725651339581503
96.315,0.100697556916018
96.3167,-0.19771801825415
96.3614,0.394295894705678
96.3667,-0.141829570510765
96.3682,0.426555719385433
96.3912,0.427130282125944
96.4395,0.428113597974217
96.4401,-0.104168854897338
96.4456,-0.043075631214009
96.469,-0.0187498649727047
96.5044,0.421316826364347
96.6092,0.413648180519345
96.6105,0.00829018011690152
96.6127,0.419661533984979
96.6148,0.429376173212262
96.6461,-0.14247029649411
96.7617,0.254460332732819
96.7899,0.296600017324579
96.8237,-0.139511717508796
96.8709,0.307038936007999
96.889,0.399197520432182
96.9498,-0.171402442260501
96.9595,-0.0905466968536217
96.965,-0.0760786904008199
97.0118,0.122751737511678
97.0487,-0.185455452911526
97.0597,0.342855023654934
97.0849,0.425860088045923
97.1113,-0.200623842459052
97.1242,0.036329544205941
97.156,0.429647801520915
97.1884,0.148386393637963
97.1934,0.410305002753063
97.204,-0.157563879151752
97.2276,-0.051617214913307
97.2668,0.405182755093989
97.2694,0.419901724872233
97.2984,0.431932065907063
97.3076,-0.00238402283031292
97.3197,0.273706975974591
97.3438,0.148108706400635
97.3455,0.413897335265133
97.3856,0.170163121187471
97.4038,0.148540310526087
97.4287,0.0322323055810045
97.4443,0.433278287423192
97.4554,0.430055802326635
97.5122,0.433724641171452
97.5314,0.376818773295426
97.5501,-0.144858000881356
97.5504,0.0647198244391092
97.5696,-0.0780965996120528
97.6257,-0.181311277318642
97.6586,0.32000700812219
97.674,0.402036176240031
97.6875,0.35934100842141
97.6909,0.4148234607012
97.764,0.423105167253269
97.7663,0.2925569770604
97.7899,-0.0628365053765236
97.7912,0.42900799387975
97.849,0.0545544380196361
97.8508,0.434917336901961
97.8521,-0.163938943109343
97.8739,0.0279822753738586
97.9099,-0.0205787264506796
97.9529,0.0532415657060739
97.9708,0.422614543442691
98.0078,0.436053747355103
98.0182,0.391247434340173
98.0222,-0.170179170358011
98.0458,-0.00455806405263104
98.0844,-0.082457232068549
98.1025,0.403625866344541
98.1044,0.41533616298446
98.1072,0.416076258600825
98.1699,-0.0533434960211565
98.173,0.0241317175811275
98.1745,0.431570670338118
98.182,-0.19231505335739
98.2017,-0.202834109516829
98.2449,-0.16435648754927
98.2824,0.137169144305105
98.2843,-0.0870448933012682
98.3013,0.0360110540487
98.3349,0.429830746939388
98.3442,0.0666948410954689
98.4,0.437892999901635
98.4083,0.431128381697192
98.4654,0.213483814339313
98.4969,-0.0634757374794503
98.5051,-0.15221080390701
98.5415,0.424769483448031
98.6701,0.38772257652677
98.7316,0.431807913672216
98.7702,0.298756137921785
98.7723,0.384136667045809
98.803,0.0607489778244314
98.8161,0.439224725877352
98.8382,0.428364409871037
98.8505,0.143701275956658
98.8618,0.43695903168279
98.8718,0.425462809731712
98.8916,-0.188676599127263
98.9134,0.366286240027449
98.9807,-0.0398189687450383
99.0385,0.0268489664925085
99.0391,0.239234130287926
99.0438,0.410433260688848
99.0553,0.154562664171308
99.0765,0.426572008386941
99.0789,0.436661951277642
99.0824,0.0411799403139668
99.0963,0.269793744257754
99.1228,0.43671764962518
99.1694,0.324711310809093
99.1822,-0.0392331820441854
99.1826,-0.132078055811363
99.2061,0.441585383491528
99.2282,0.396294658249801
99.2662,-0.204944550357368
99.283,0.350246768398534
99.2838,0.236725468107139
99.3057,-0.137671601229627
99.3292,-0.160496449812229
99.3937,0.389504637771537
99.3979,-0.111709218945407
99.4378,-0.15104962283695
99.4507,0.437762138876309
99.4573,0.432260932699592
99.4683,0.416803585468799
99.4791,-0.0279422522395265
99.486,0.341835762135787
99.4927,0.353342449508432
99.494,0.400747660525738
99.4944,0.439796104941706
99.5059,-0.00991346794430115
99.6279,-0.0310677265750172
99.6378,0.393258633852838
99.6677,0.0933812432781878
99.6838,-0.093485556737221
99.6957,0.443773419381756
99.7268,0.108833185216824
99.7635,-0.119301071205186
99.809,0.43605183819362
99.8135,0.355216531980375
99.8186,-0.107410999247634
99.8223,0.375383330813577
99.8759,0.0899412982373491
99.8884,0.312368678889413
99.8972,0.431915848360305
99.9062,-0.196483338150443
99.9073,0.420555680532701
99.9099,0.375213618713488
99.9175,0.0293777716452155
99.9578,0.395090275115635
99.9859,0.438524833374871
99.9976,0.434028549074839
