0.0967,0.000128148726200192
0.2127,0.00033678939678361
0.2692,-0.000460559559996576
0.2825,0.000329885892569048
0.3241,-6.19254556111781e-05
0.3254,0.000339935877541719
0.326,-0.000306516314633742
0.3505,0.000396368389858126
0.3669,-0.000485730707962373
0.3717,0.000547362166981757
0.4082,-0.000676915746104012
0.4678,0.000575494192427306
0.5595,-0.000818970059734081
0.5598,0.000364884735770565
0.5946,-0.000880324367152352
0.5961,-0.000682026744474928
0.5989,-0.00137998164175934
0.6115,3.09273648335662e-06
0.6329,-0.000762630629630001
0.6568,-0.00182424308921303
0.6601,-0.000632329990083558
0.6689,-0.000505905241958038
0.6744,0.000772963914166813
0.6784,0.00073706224095671
0.7176,-0.00101338105159099
0.7427,0.000290984895354174
0.7571,-0.000935581523325069
0.76,-0.00150686770125186
0.786,4.44299122199787e-05
0.8164,-0.00171667977477907
0.8361,0.0006846152599711
0.8383,-0.00133518880218808
0.8394,-0.00113743968680613
0.8407,0.00121114962964375
0.8455,-0.000886315953251282
0.8539,-4.18442239302763e-07
0.8565,-0.00146092365485462
0.877,-0.0020065371617124
0.8921,-0.000711314192421986
0.8964,-0.00208132144081419
0.9378,-0.00219248036538122
0.9477,0.000731879278099368
0.9719,-0.000536457072081609
0.9743,0.000372133056077639
0.9894,0.000499564307609779
0.9902,-0.001976873446631
1.0084,-0.00226805502025518
1.0293,0.00132410869841038
1.0388,0.000146569038552702
1.0412,-0.0016841576073352
1.0614,0.000721049192717205
1.0623,0.00120250167709535
1.0634,0.000629315548283493
1.0909,-0.00118632012418463
1.0948,0.00111929664157628
1.0964,-0.00151140037516684
1.1361,-0.00169496393022395
1.1409,-0.000430100283081103
1.1821,0.000981466810474396
1.2073,-3.13098524138411e-05
1.2121,0.00159162096975041
1.2165,0.000587672951399387
1.2189,0.00175434359331761
1.2343,-0.000370081373500586
1.2677,-0.00235675719105788
1.2762,0.00180715795911013
1.2921,0.000248611144366473
1.3191,0.00191103645899737
1.3299,-0.00290435726427218
1.3382,-0.000694835700826735
1.3444,-0.0017129837228016
1.3594,-0.00137771568270151
1.3596,0.000885708976880117
1.361,-0.00286286135964242
1.3895,-0.00294821519768318
1.3902,0.00180402951649739
1.391,-0.00259126137438925
1.4,-0.00314150878747332
1.4136,-0.0018652132921233
1.4257,-0.00213568636616057
1.4268,-0.00140005144856303
1.435,-0.00219618267271038
1.442,0.000279764928816428
1.4474,0.00190980905273475
1.4486,-0.00350357172571392
1.4496,-0.00300579758263608
1.4508,0.00136574566805958
1.4644,-0.000833727962441966
1.4644,0.00192744821699375
1.4654,-0.00131557436424456
1.4888,0.00192521293102832
1.4974,-0.00287526762168655
1.5023,-0.00350837284383099
1.5122,-0.00161000045392545
1.517,0.000796008613472177
1.522,-0.00121476107471419
1.5246,0.00198003521126733
1.5272,0.000508638477958234
1.536,-0.00138093063273481
1.5414,0.000532287529608766
1.5433,-0.00349618622048098
1.5489,-0.00175290264286843
1.5549,0.0011250181669169
1.5614,0.00218512688053418
1.5707,-0.00359508171558365
1.5795,0.00210644278523775
1.5897,0.00177670961577259
1.5927,-0.00176452394935156
1.5943,-0.00293624255595981
1.5945,0.00205486130587618
1.602,0.00059019814334782
1.6053,0.0019463606174448
1.6059,0.000445871242304774
1.6116,-0.00190376373766599
1.6149,-0.0018608832346354
1.6195,-0.00178380056192284
1.6314,-0.00249253060705645
1.6361,-0.0023024514768728
1.6369,-0.000802915148417904
1.6658,-0.00035017038641616
1.6663,-0.001975601709991
1.6704,-0.00173907688703601
1.6753,0.000116986579582257
1.6755,-4.01906542413233e-05
1.6863,-0.00297866572417238
1.6866,0.00232913819525504
1.6908,-0.00364989744838473
1.6915,0.00157457270912476
1.6919,0.000851999100527356
1.6993,-0.000502642877443948
1.7066,0.00233445775581154
1.7182,0.0014925755676698
1.7278,0.00219885564014777
1.728,0.00197509138372198
1.7291,-0.00179956166301953
1.7529,-0.00284600401934521
1.7583,-0.00354932420134069
1.7611,0.00219071992229791
1.7706,0.00241329603907525
1.7881,9.38376003449815e-05
1.7942,-0.00211080799569396
1.7983,-0.00397607169799064
1.8048,0.00178130946958333
1.8052,-0.00371703357966213
1.812,0.000887736540694073
1.8141,-0.000487707310769636
1.8151,0.00154146410191558
1.8212,0.000390907869673107
1.835,-0.00210775941685681
1.8409,0.00164388824199313
1.8486,-0.00272365250896822
1.852,0.00203898652159129
1.8696,-0.00117164705950357
1.8737,0.000355343306629896
1.8871,0.00126674683320194
1.89,0.000894273270324319
1.8913,-0.00371801946921124
1.8939,-0.00434644432463616
1.902,-0.00294685798087446
1.9179,0.002578761852289
1.9187,-0.0029284719736038
1.9331,-0.0042500718258156
1.9394,0.00245096731004746
1.9403,-0.0010434374886632
1.9559,-0.00344118498398505
1.9579,0.00237827114195444
1.9654,-0.00389810669315849
1.9661,0.000669442954828625
1.9698,0.00128425609620009
1.97,0.00257122196569948
1.9769,0.00257929024169168
1.9863,-0.00285064485294506
1.9884,-0.00456080246922852
2.0084,0.000822890728034764
2.0096,-0.00410286108723978
2.0131,0.00207540443937981
2.0208,0.00132717399763482
2.0265,-0.00212306798799622
2.0323,-0.00292467594291912
2.043,0.0011848108380752
2.0443,-0.00384383054233739
2.0487,-0.000870013165256811
2.0488,0.00292718915278956
2.0523,-0.00352859983357989
2.0629,-0.00362031374314098
2.079,5.66133718229445e-05
2.0932,-0.000733240144357605
2.0934,0.00106251112499889
2.0964,-0.00470518317690338
2.0996,-0.00466580676701467
2.1068,-0.0042647651901877
2.1099,-0.00153409167658891
2.1248,-0.00117400051567618
2.1338,-0.00423517883045577
2.1375,-0.00478994902739016
2.1394,-0.00391135907436668
2.1593,0.0018768887199605
2.1678,0.00197996755028029
2.172,0.00250334978530065
2.1725,-0.00270795649759936
2.1758,-0.00467069417768995
2.1765,-0.00173551004536288
2.1771,0.00306289414483363
2.1857,-0.00419122709481456
2.1878,-0.00150472067763552
2.1889,-0.00452163487223789
2.1898,0.00232548425415624
2.2,0.00250633231996611
2.2013,-0.00319155210195721
2.203,0.00267527816366231
2.2088,0.000112096509276682
2.232,-0.00182582956165067
2.2322,0.000181350047602002
2.2325,-0.00185066720385718
2.2486,-0.00309692798351469
2.2587,-0.00494459366840383
2.2594,0.00283380609982142
2.2636,-0.00344626586962704
2.2642,-0.000529634231852594
2.2681,0.00328878342109507
2.2686,0.000903802959605127
2.2687,0.000694979853381739
2.2874,0.00304606601542456
2.2961,-0.00168604277188011
2.302,-0.00350224343728156
2.3021,0.00213148081080528
2.3049,0.00204588366448455
2.3111,-0.0016124696788502
2.3156,-0.000464218503488212
2.316,-0.00468147987310985
2.3262,-0.00511576530982349
2.327,0.00294906681334384
2.3271,-0.00396885402189762
2.3296,-0.00460596060461338
2.3367,0.00286990952355959
2.3397,-0.00343425324991342
2.3494,-0.00254436625723109
2.3679,-0.0038341621114224
2.3693,-3.98556562215546e-05
2.3797,0.00295042350161046
2.3853,0.0010424791284569
2.3953,-0.00539778873584673
2.3957,-0.000462827565515855
2.397,0.00337059708446308
2.4007,-0.000398041224256573
2.4016,-0.00380947865370507
2.4099,0.00304042548121375
2.4122,0.000460687832750661
2.4227,-0.00544982453338561
2.4274,-9.56210682208081e-05
2.4369,-0.00254458602664887
2.4371,0.00309348832225886
2.453,-0.0054068976599404
2.4626,0.00046121516901465
2.4628,0.00243073723188436
2.4696,-0.00541341217705638
2.4769,0.00166242202194988
2.4803,-0.00365492148529478
2.4837,-0.00391457123632533
2.4898,0.00308965645180725
2.5033,-0.00564473671616161
2.5054,-0.00533406429352778
2.5138,-0.000487926620475587
2.5189,0.000890878963472286
2.5202,0.00163320916330489
2.5214,-0.00392326344280658
2.5299,-0.00424542191152444
2.5383,0.00264495316065938
2.5404,-0.00102030114587137
2.5419,0.00342197443044778
2.5429,0.0026924820170664
2.5467,-0.00588237193753294
2.551,-0.00439170877947737
2.5568,0.00270493119942028
2.5592,0.000236101663535049
2.5599,0.00356052573560461
2.5643,-0.00470587251292898
2.5692,0.00364721649934241
2.5827,-0.00537072605887223
2.5881,0.00361595728462349
2.5922,-0.00530193572927651
2.593,-0.00117862587242978
2.5952,-0.00544828606487036
2.5955,0.00102523795168752
2.5979,0.00308189846168361
2.6125,-0.00468860850900032
2.6135,0.00159130530111629
2.6138,-0.00549071125317324
2.6166,-0.00569929568774263
2.6213,-0.00455052140010315
2.6216,0.0017211181478789
2.6312,9.51757235658768e-05
2.6315,0.002635600144131
2.6389,-0.00425643189982461
2.6594,-0.00414539279210535
2.6634,-0.00401222738320373
2.6692,-0.00592909760340454
2.6709,0.00274485634089272
2.677,-0.00372759425430091
2.6801,-0.00524084016599202
2.6806,-0.00443090696830684
2.682,-0.00621611373105724
2.6834,-0.00460172837072514
2.6836,-0.00534212196400263
2.6867,0.00151867277464879
2.6872,-0.0022376139043252
2.6897,0.00104640401839395
2.6935,-0.00240410344202324
2.6993,-0.00539883659483387
2.7019,-0.00213273670428782
2.7076,0.00379371294083564
2.7153,-0.00544171008809524
2.718,-0.00632690168114269
2.7189,0.00361389977977566
2.7214,-0.00248013655478641
2.7216,0.00277725463503753
2.7219,-0.00454639747922636
2.722,-0.00328077981146535
2.7384,-0.00240669203042421
2.7389,-0.00144895608991646
2.7424,-0.00124533746730249
2.7496,-0.00475978556419721
2.7511,-0.00066423427498119
2.7563,0.0020584007117308
2.7567,-0.0046791681677063
2.7576,-0.00376644635664913
2.7597,0.0037874261612707
2.7619,0.00116533248668382
2.7654,-0.0043756173286833
2.77,-0.00596171676922186
2.7774,-0.00615230994762817
2.7816,-0.00246888782009558
2.7819,0.000434283963376192
2.7902,0.00291780871442793
2.7991,0.00393489804145819
2.8106,-0.000885405075731871
2.8106,0.0039352307041729
2.8112,-0.000335608474221427
2.8127,0.00397995182165811
2.8153,0.00370291954289614
2.8275,-0.00200499638018714
2.8325,-0.00643470332601614
2.8353,-0.00653024041327122
2.8356,0.00301902897971429
2.8438,0.00358297399382357
2.8464,-0.005545971849513
2.8479,-0.00443241312643838
2.8481,-0.00326014795688101
2.8512,0.00369701524086796
2.8512,0.00296168413307152
2.8512,-0.00269207220220524
2.8514,0.000118809499513262
2.8546,-0.00297274785597956
2.8576,-0.00598216450277311
2.8629,-0.00595947975039257
2.8641,-0.00631388093447649
2.8698,-0.00127238672960939
2.8715,0.00180689011265178
2.8718,-0.00623773173039455
2.8843,0.000397483874538196
2.8923,0.00109386944752154
2.9056,-0.00633210835039399
2.9091,-0.00330566212721894
2.9138,0.00404132866644602
2.9164,-0.00285361011399621
2.9374,0.00245510156240059
2.9402,0.00388102172285132
2.9444,-0.00656801290999987
2.9485,0.00231709119566137
2.9494,0.00225844426708433
2.9694,-0.00347868167622156
2.9695,-0.00663450801752941
2.9747,0.000375218492313145
2.9752,0.00419227539892564
2.9755,0.00183569163572805
2.9789,0.00364241524675624
2.979,0.00210395176857592
2.9842,0.00104528099678181
2.9899,-0.00643085056793824
3.0041,-0.00630069341451289
3.0084,-0.000205641959045266
3.0136,0.00400303173258587
3.0278,-0.00669468107496884
3.0401,-0.000529984019693064
3.0457,-0.00672402295515395
3.0625,0.00122470374463024
3.0671,0.00162895808123142
3.0764,-0.00663080895459256
3.0765,0.00297789822530481
3.0788,0.00434930044097204
3.0809,0.00231412518046348
3.0821,0.0039627673561049
3.0979,0.00350313290598914
3.113,0.00123085055969607
3.1135,0.00410018925006961
3.1174,-0.00545250077465997
3.1198,0.00310261587915983
3.1199,0.00110736115288201
3.1217,-0.000574984679718504
3.1227,0.00389809233232707
3.1251,0.00345935674198783
3.1254,-0.00673617082488409
3.1302,-0.0061878054043718
3.1385,-0.000160622274926414
3.1392,-0.0056489143191043
3.1412,0.00428710841533553
3.1493,-0.0037580468720968
3.1517,-0.00363550703212834
3.161,-0.00216357125568711
3.1703,0.000472769781416194
3.1736,-0.00667989094300436
3.1739,-0.00711224123098786
3.1739,0.000665128692356021
3.176,-0.000392261550107076
3.1857,0.000348499779678768
3.1963,-0.00295865898014069
3.1967,-0.00717403223021629
3.1968,-0.00224310788334359
3.2034,0.00315369337585025
3.2037,-0.00257588369199535
3.2145,0.00437047278566993
3.2148,0.00294184392040187
3.216,-0.000162791844569909
3.2256,-0.00723934822479366
3.2351,0.00399100596506763
3.2379,-0.000917667568351543
3.2386,-0.00709042592087261
3.2402,0.00134200116678374
3.244,-0.00664173853878847
3.251,-0.000748802710581753
3.2535,0.00194876243019859
3.2542,-0.000425912094756509
3.2545,-0.00324596179320258
3.2614,0.00255714943754581
3.2698,-0.00702325899661371
3.2704,0.00336617909646941
3.2793,0.00349271309092902
3.2804,0.0020384213578919
3.2807,-0.00734557425759697
3.2861,0.000273326910130933
3.287,0.00181741838779725
3.2878,0.00317307303562675
3.2933,-0.00682432841934055
3.2952,0.00376816748584075
3.3106,-0.000741994245347044
3.3183,-0.00726760034995877
3.3191,-0.00681771348158433
3.3206,-0.00634004332573745
3.3218,-0.00689049188421542
3.3233,-0.00733737360940978
3.3255,-0.00437085113948621
3.339,-0.00046088842854175
3.3424,0.000241461890157613
3.3457,-0.00676717596542531
3.353,-0.00726736223343893
3.3563,-0.00195291593150237
3.3598,-0.00159609443224973
3.3616,-0.00493966357522257
3.3641,-0.0015912589844902
3.3649,-0.00608097135851127
3.3656,-0.00595506471473017
3.3728,0.00208402189171508
3.3773,0.00451991847284994
3.3852,-0.00279410026514126
3.3868,-0.00398351993210078
3.3906,-0.00492446843931482
3.393,-0.00540462699450561
3.4008,-0.00579431808435737
3.4014,-0.00752368221681676
3.4079,0.00415336106267228
3.4098,-0.00739548464219153
3.4112,-0.00562300557262896
3.4161,-0.00129341653105275
3.4186,-0.00172031622259361
3.4204,0.00111413164358032
3.4218,0.00478734731039721
3.424,-0.00280924844311459
3.4295,0.0039674850323852
3.4365,-0.00317762791361487
3.4421,0.00422033636984276
3.4452,0.00213157567642019
3.4518,0.00324963173899695
3.4654,0.00111527861111771
3.4694,-0.000133012643284136
3.47,0.00491009575126178
3.4704,0.00243279499847571
3.4865,-0.00736425300817656
3.4884,-0.00191256525137895
3.4901,0.00373576510883211
3.4922,-0.00584203751211465
3.4929,-0.00284707498085357
3.4946,-0.00198686875003817
3.5099,-0.00368607599032833
3.5101,0.00341990430235661
3.5115,-0.00104596570444127
3.5147,-0.000826547075291284
3.5166,0.00482003806699494
3.5192,0.00436018384891534
3.5213,0.00343811080252188
3.5229,0.00441394290351704
3.5231,-0.00793113459785433
3.5315,0.00245495199319867
3.5324,0.00461170583370851
3.5342,0.00284836195536542
3.5365,0.00498028140245843
3.5413,0.00340461705037587
3.542,-0.0064528923604299
3.5482,-0.00799464372513903
3.5485,0.00109388461332571
3.5487,-0.00348607352730834
3.5508,-0.00469742860465283
3.5536,-0.00244616713556445
3.5539,0.00342847685582681
3.5721,-0.00602073344340015
3.5775,0.00499908784420544
3.5866,-0.00158613148848064
3.5876,0.00479138840689508
3.5908,-0.00640016771645957
3.5943,0.00507595225326751
3.5959,0.00477561368720147
3.6066,-0.00262074043269545
3.6125,-0.00556943956593914
3.6136,-0.000206075545685636
3.6143,-0.00609621688510797
3.6146,0.00494387281454278
3.6198,-0.00697040105920843
3.6213,-0.00735899696279319
3.6249,0.000300263951645618
3.6289,0.00160733402526381
3.6425,-0.0034791048135121
3.6432,-0.00679513598142334
3.6465,0.00370044483518583
3.6585,-0.00237985950442532
3.6585,-0.00465473867227573
3.6663,-0.00756315219837678
3.6683,0.00406986666298836
3.6692,-0.00136694399979254
3.6731,-0.00563992085736276
3.6761,-0.00804402904983759
3.6766,0.00211467968013901
3.6771,-0.00681757944912942
3.6794,-0.00648091324291578
3.6811,-0.000780814202395952
3.6825,-0.00497093299757179
3.6825,-0.00657909944929758
3.6849,-0.00657971967967441
3.6863,-0.0077243824726434
3.6871,-0.00409805174901834
3.6875,-0.00808881212146462
3.6926,-0.00774516069939457
3.6953,0.00126728747416527
3.7078,-0.00822029698507887
3.709,0.00235243655000117
3.7158,0.00188917658916976
3.7179,0.00505465124855675
3.7185,-0.00337926043946979
3.7204,-0.00729536250118068
3.7272,-0.00720255899334177
3.7293,-0.00819066693336756
3.7307,0.00353503420889956
3.7376,-0.000340391897903913
3.7377,-0.00257632004289787
3.7399,0.00497315989555558
3.7492,-0.00835886888445181
3.7504,-0.00195892310687995
3.7504,0.00151302598885827
3.7514,-0.00113578180848251
3.7522,0.0034595449359629
3.7522,0.00201483890083365
3.7554,-0.00683224210746314
3.7614,-0.00669570322367141
3.7671,0.00525774127369472
3.7682,0.00390191502190351
3.7695,-0.00539509093358692
3.7727,-0.000577652445399757
3.7865,-0.00862845775991961
3.7878,-0.00782034586840386
3.7897,0.00477657874426107
3.7919,-0.00806305863985868
3.7971,0.00492866931004743
3.7985,-0.0061397078712
3.8006,0.00460034908229323
3.8028,-0.00737918322657727
3.8076,0.000349625434176826
3.815,0.00430848469926959
3.8212,-0.00864744755092817
3.8257,-0.00858198776203656
3.8269,0.00290139038370718
3.8278,0.00203453268037945
3.8319,-0.00270942452072953
3.839,-0.00489385152703203
3.842,-0.00828896602350815
3.8429,-0.00862138688585956
3.843,-0.00831582761435978
3.8465,0.00212521585258063
3.8466,0.000953183587314665
3.8508,0.00162124856317014
3.8523,0.00119396460494459
3.8533,0.00133675365452257
3.8556,0.00120138503076728
3.8586,-0.00639652253460365
3.8595,0.00487600057001591
3.8611,-0.00858975110573867
3.8636,0.000967794218986295
3.864,0.00231501539012857
3.8641,0.00386710984143646
3.8673,-0.00594089547716381
3.8782,0.00126912755089448
3.8814,0.00553795298012449
3.8825,-0.00666471317126982
3.8832,0.00477632106431303
3.888,-0.00826455123028458
3.888,-0.00609523375207921
3.8986,-0.000119911352858715
3.906,-0.00106717334144424
3.9108,0.000632929933912507
3.9123,-0.00884559805892815
3.9146,0.00109047380842364
3.9151,-0.00867676962538066
3.9174,-0.000869016224649855
3.9181,-0.00856135310317674
3.9239,-0.00502462872040033
3.9242,0.00557861983942765
3.931,-0.000142140870794449
3.9326,0.00134014082117728
3.9368,-0.0069655403842197
3.9388,9.66982485253176e-05
3.9438,-0.0073313293122359
3.9459,-0.0073196725915623
3.9466,0.00265459994487927
3.947,-0.000214578477620631
3.9509,0.00117663427636971
3.951,0.00143590264063631
3.9661,-0.00639769224338194
3.9752,-0.00858365555970142
3.9817,-0.00580038917506664
3.9869,0.00464331096829484
3.9872,0.00565068844422223
3.9887,-0.00586763008378099
3.9889,0.00255295279818046
4.0066,0.0044976375168515
4.0103,-0.000279575384396935
4.0111,0.00116255375507102
4.0117,0.00547353469105794
4.017,0.00541127156959043
4.0178,-0.00103924795646115
4.0238,0.00263409335330955
4.0247,0.00573316133072321
4.029,-0.00906788981567974
4.0292,0.00565725760967606
4.0345,0.00116598664074274
4.0352,-0.00224214610914775
4.0362,-0.00608112228455227
4.0372,-0.00293683382741783
4.0399,0.00536972934271684
4.0432,-0.00387106081414679
4.0434,-0.00605687017774059
4.0445,0.00174836254461752
4.0456,0.00307695478851411
4.0471,0.00508272789287734
4.0492,0.000965782287371653
4.0501,0.000530282944726679
4.0524,0.00581867915615319
4.0564,0.00557627220223544
4.059,0.00319299342860813
4.061,-0.00285434198235812
4.0618,0.00580546797233072
4.0626,0.00470199868430043
4.0698,0.00508342381265869
4.0732,0.00562217321501901
4.0847,0.00578830575698586
4.086,0.00587429431244146
4.0875,-0.0026610203160935
4.0883,0.0035019161466181
4.0897,-0.00541624139409258
4.0915,-0.0091005584217605
4.0935,-0.00739878617722134
4.0937,-0.0092048442419923
4.0941,0.000275566806640981
4.1046,-0.00727494861519329
4.105,-0.00179248113112962
4.1058,-0.00782136163293856
4.1082,0.00410061517316951
4.1105,-0.0092573067011914
4.1133,0.00387623740885434
4.1135,-0.00431525486638229
4.1144,-0.00677309855123998
4.1153,-0.00273478631851543
4.1161,-0.00366421416372109
4.1191,0.0038692086460399
4.1214,0.00468640295014744
4.1263,-0.00913378508728346
4.1266,0.000697175009642059
4.1353,0.00550134184876594
4.1452,-0.00447822276534371
4.1484,0.00493490500455884
4.1505,-0.00245399145345893
4.1608,-0.00602145125606501
4.1619,-0.00390314953837301
4.1629,0.00505587298046795
4.1634,0.0051693155022452
4.1771,-0.00917632347503794
4.1825,-0.00856150788741061
4.1843,-0.00615634920758534
4.1892,-0.0018292489010765
4.1914,-0.00184710975479341
4.1917,0.00578221891682862
4.2031,-0.00232187438553844
4.2039,0.00576908417095368
4.2058,-0.00443767946229467
4.2125,-0.00486054144416315
4.2137,0.00386907866102959
4.2146,-0.00037906578722513
4.2162,0.00607323155639961
4.2176,-0.00899475513887271
4.2208,0.00585388599820291
4.2216,0.00254959347937422
4.2219,0.00599928793683802
4.2253,0.00560792920063413
4.2312,-0.00939357044871869
4.2361,0.00564822057010694
4.2392,-0.00939502458355435
4.243,0.00474256651388139
4.2433,0.000515566237194953
4.2448,-0.00570944816517027
4.2458,-0.00046369240799482
4.2465,0.00239424991674575
4.2501,-0.00946559384352863
4.2616,-0.00459111578376703
4.2627,0.0049522141181102
4.2685,-0.00363270150760098
4.2688,-0.00943320460923491
4.2693,0.0017966636166884
4.2728,0.00433737258037592
4.2751,-0.00566870852987655
4.2758,-0.005492350757347
4.2793,0.00544394861993602
4.2795,0.000175404677964508
4.2816,0.00029736431591143
4.2821,-0.00505046468882231
4.2862,-0.00866413431916602
4.2875,0.00166556853777244
4.2888,-0.002715937935311
4.2904,-0.00831605388191647
4.2933,0.00608750821774073
4.2961,-0.00158763261327355
4.3012,-0.00503617152260194
4.3024,0.00605776319209017
4.3039,-0.00774462838141243
4.3051,-0.00796468577850185
4.3107,0.00164444692961396
4.3127,-0.00973792812210927
4.3145,-0.00943594578570206
4.3181,0.00504115282457107
4.3231,-0.008761487736618
4.3305,-0.00733002544140682
4.3306,0.00591665599731162
4.3349,0.00552980719312579
4.3352,-0.00958130417142122
4.3366,-0.00802465622910908
4.3369,-0.000730879828185316
4.3371,0.00612324126888453
4.3394,-0.00964575029131609
4.3436,-0.00905393178332847
4.3444,0.00191681928648801
4.3579,-0.00119878462339962
4.3586,0.00562899881749512
4.3592,-0.00874526516118923
4.363,0.00341734676806382
4.3658,-0.00305089860184093
4.3659,0.00549153129443525
4.3668,-0.000657546245908414
4.3675,-0.00978524273406389
4.376,0.00612904942609482
4.3768,0.00627658155386346
4.3769,0.00416698794619474
4.3782,-0.00562810893174781
4.3872,-0.00933317875213113
4.3897,0.00387438953762675
4.3922,0.00304615984667134
4.3928,-0.00998058720337891
4.3963,-0.000507838796190541
4.4018,-0.00959109686214532
4.4096,0.00262704694055049
4.4099,-0.00884778375365602
4.4139,0.00373225943780664
4.4201,-0.00629390795858509
4.4211,0.0017431346442871
4.4213,-0.00175474037251266
4.4234,-0.00561085577436948
4.4255,0.00348384097892218
4.4319,-0.00838489083255922
4.4373,-0.00986468278127894
4.4388,0.00198751207719283
4.4456,-0.00141344445974134
4.4523,-0.00767482870290337
4.459,0.0058112735414495
4.4666,-0.000978473090444076
4.4673,0.00552017389181891
4.4748,-0.00853761704989697
4.4763,0.00636279694173414
4.477,-0.00942837854306777
4.4784,-0.00709190286880812
4.4813,0.00572862546293429
4.485,-0.0008074265148732
4.4873,0.00635062180245249
4.4881,-0.00843843999295668
4.4896,-0.00996178119201385
4.4913,-0.00777252303923071
4.4935,0.00478214594779125
4.4945,0.00123904144584319
4.5018,0.00461858710890262
4.5026,-0.0050746344557675
4.503,-0.00393663300931379
4.5063,-0.00727039066025625
4.5133,0.0064487699547664
4.5179,-0.00815142034888527
4.5214,0.00573986896931533
4.5221,0.00578679025472617
4.5253,-0.00944359257977911
4.529,-0.00693442246448495
4.5291,-0.000182249777841648
4.5347,-0.00365454736318149
4.5388,-0.0090183718805017
4.54,-0.00707482424396577
4.5449,0.00535466092324288
4.5463,-0.00276032244870805
4.5536,0.00410713951217812
4.5583,0.00245165041673001
4.5602,-0.00314218453394499
4.5666,-0.00963364518423404
4.5704,-0.00319378505158241
4.5769,0.00316818912795025
4.5832,-0.000911047926743791
4.5839,0.00407668507653725
4.5859,0.00649623749555417
4.5879,-0.00293155131218814
4.5881,0.00619499007510615
4.5884,0.00295063414686325
4.5923,0.00617040894072218
4.5994,0.00595395001421117
4.6017,-5.75867634822202e-05
4.6065,0.0029163694667016
4.6099,-0.00388839270639796
4.6154,-0.00353168724054687
4.6233,0.00586358822373079
4.6298,-0.00618671383824587
4.6302,-0.00350749190912492
4.6316,-0.00378248075081
4.6329,0.00560792003428556
4.6367,-0.00603662484080036
4.6375,0.0064494827829451
4.6402,0.000114116352722959
4.6404,0.00519447857948929
4.6448,-0.00864496682403093
4.6453,-0.00525498371147037
4.6471,0.00448088866826435
4.6474,-0.000100081740712632
4.6535,-0.000913892225772983
4.656,-0.00582652177832177
4.6593,0.00629056931224437
4.6595,0.00424104895966337
4.6663,-0.00695608526901115
4.6673,0.0033685339836369
4.6674,0.00150510581910979
4.672,0.00647106868647551
4.6731,-0.00704543149037118
4.6809,-0.00425946466528782
4.681,-0.00761004602716486
4.6812,-0.00542889138074987
4.6835,0.00384453025198894
4.6857,-0.00307224769877479
4.686,-0.0102849051663956
4.6865,0.00304429578236842
4.6919,8.63777542363664e-05
4.6919,0.00153916121584619
4.6935,0.00270224695626897
4.697,0.00579783365788433
4.6976,-0.000113519580723143
4.699,6.3417413206146e-05
4.7002,-0.00971351307725765
4.7032,0.00613126771490347
4.7057,0.00537273828360707
4.7061,-0.0103353256252143
4.7115,-0.00869985850316457
4.7117,-0.00675066692950832
4.7166,0.00595253892760894
4.7204,-0.00791399621906663
4.7212,-0.00541320173552329
4.7219,-0.0105767943896371
4.7271,0.00207965369928775
4.7271,0.00495691727089742
4.7289,0.00438258488145671
4.7326,-0.00266616818579379
4.7332,-0.00312343688209715
4.7341,0.00318460339628857
4.7348,-0.00574886531387619
4.7403,0.00655235925644337
4.7441,-0.0106733871822229
4.7451,0.00596431070549919
4.7468,0.00428338722812516
4.7484,-0.00921155335291513
4.749,0.00449554473134928
4.7609,0.00681463438251839
4.7617,0.00435769763129823
4.7623,-0.00306938354233743
4.7632,0.00376993028990302
4.7657,-0.00881827193942009
4.7689,-0.00938474859095173
4.769,-0.00853813286468519
4.771,-0.00849005396548197
4.7724,-0.00383816681083449
4.7746,0.00509859835961102
4.7797,-0.00115037499936754
4.7801,-0.00208014678768631
4.7851,-0.00641803131452079
4.7868,-0.00310801463706145
4.79,0.00565200513382358
4.7907,0.001754535086123
4.7918,6.66051931510481e-05
4.7924,-0.00593648644821432
4.7939,-0.00106212810455641
4.7997,-0.00927452803665485
4.8001,-0.00751031817942405
4.8007,-0.00562462619748683
4.8035,0.004573379191811
4.8057,0.0023962428109181
4.8068,-0.00908838030766557
4.8175,-0.0075391841396204
4.8235,-0.00998267804514441
4.8236,0.004955995852991
4.8241,-0.00672217412543663
4.8242,0.00684782307938114
4.8248,-0.00136805889278868
4.8278,-0.000191444374657124
4.8325,-0.00254979186501991
4.8335,0.00688731708071
4.8412,0.00668237009699002
4.8412,0.00647944634127384
4.8446,-0.00999803067264793
4.8471,0.00675684674893429
4.8508,-0.00337863597838517
4.8518,0.00603614877713277
4.852,-0.00103840699192759
4.855,-0.0086918608586064
4.8577,0.00614222499062933
4.858,0.00696242346621645
4.8599,-0.00611939068832257
4.8619,0.00379068697083706
4.862,-0.00858848703751836
4.8625,-0.00515232396961807
4.8666,-0.00786889547113478
4.8685,0.00204978552686796
4.8729,-0.00730294737342696
4.8738,0.000502633932693897
4.874,-0.0106330155141903
4.8785,-0.00775274673333914
4.881,-0.0048656005133525
4.8823,-0.0042373854528055
4.8832,-0.0108584284708018
4.8834,0.0057216812052685
4.8863,0.000283737179947785
4.887,-0.00542344915482662
4.8871,-0.0108625078764621
4.8896,0.00098835214327142
4.8914,-0.0061089045334235
4.8933,-0.0102020337916766
4.8945,-0.00856287110241993
4.8966,0.00699164638676475
4.8985,0.00688817327415503
4.8989,0.000698237316364647
4.9052,0.00275218238816066
4.9072,0.00160191191893588
4.908,-0.00276987875168544
4.9165,-0.00249501875831637
4.9177,0.00570879880589281
4.919,-0.00257636918410498
4.9195,0.0042054855085647
4.9216,0.000871860860397256
4.9223,-0.000917835664666633
4.924,-0.000781208731611471
4.9258,-0.0027585795494387
4.9259,0.00697119767818766
4.9327,0.00542378794966503
4.937,-0.00951800232893074
4.9377,-0.0105779355271034
4.9387,-0.0070726121923439
4.9387,0.0049529293848547
4.9395,-0.00613154722586362
4.941,-0.00195443001432416
4.942,-0.00918413403256402
4.9463,-0.00290608870471054
4.9515,-0.00207620197654723
4.9558,-0.00231244940175035
4.9599,0.00156543618560434
4.9626,-0.0110384891308346
4.9654,-0.0105462034900103
4.9732,0.00713615189455297
4.9795,0.0058258750973863
4.981,-0.0110688911839665
4.983,0.00630954940740569
4.9925,0.00253494480484306
4.9928,-0.0109177756913637
4.9976,0.00545692114301577
6.3125,0.00903922957330394
6.3175,0.00664064928253438
7.0994,-0.00358234449645511
8.1775,-0.0175375410477923
8.2402,-0.016205290414911
8.3157,0.00425027600642025
8.3624,-0.0170645566757468
8.4756,-0.0109002466145594
9.063,-0.0079447478513881
9.1407,-0.0209010929229212
9.9141,-0.01960078380311
11.1379,-0.0244763711531384
11.4507,-0.0248402528702272
13.0224,-0.00443272597800792
13.1342,-0.0306958491723446
13.1389,0.0118516881208919
13.1752,-0.0292610217207123
13.1996,-0.00865706032592684
13.4531,-0.0255756803592959
13.7183,-0.012853403836429
13.8848,-0.0261375497430443
14.1201,-0.0295217533235821
14.4644,0.0205990463029124
14.7544,-0.0202046703493384
14.761,0.00398556270307893
14.9842,-0.0140046077038214
15.1648,0.0174563700007155
15.2074,0.0218738291159291
15.7194,0.0226479529027337
15.7832,-0.0326752169189231
16.0855,0.000186111063147365
16.4971,-0.0249041903183418
16.8199,-0.0289022587742771
16.9604,-0.0396013630149703
17.2912,0.0083153977390964
17.4496,-0.013855350053273
17.5575,-0.0245917360473413
17.7989,0.0174103851067677
17.8639,-0.0372137308817742
18.0211,0.0153761818558422
18.1852,-0.0406738647930602
18.3389,0.0243498711610073
18.5089,0.01853502455144
18.551,-0.0450020449718558
18.5909,-0.041319092539883
18.7137,0.0244517825254249
19.0837,0.0272215583320019
19.2016,-0.0468687506088337
19.3054,-0.00437657324613028
19.5249,-0.00599266707694568
19.5479,0.0172158406066423
19.5825,-0.0253436795033757
19.5962,-0.0489795410192961
19.7785,-0.0173093382513869
19.8614,0.0255196922791043
20.3224,-0.0297157568791064
20.4244,-0.0150804902870867
20.512,-0.0474899383740173
20.5676,-0.0494321813657415
20.818,0.0215604275549133
20.9976,0.028189483568859
21.1872,-0.0242853355590498
21.2366,-0.0301519857872883
21.4524,0.0143963317981282
21.5127,-0.0306642302316753
21.6583,-0.0552225023960169
21.9127,-0.0560889156363764
22.1246,-0.0241812066785378
22.2676,-0.0370894186481188
22.3128,-0.00959263100526542
22.3766,0.0299986421320391
22.5945,-0.0441018814082916
22.6276,0.0307656969363244
22.7572,0.00524874874491132
22.9087,0.0320980853280055
23.2205,-0.00793557852838944
23.4097,0.0255555930631033
23.645,0.0170707858584827
23.8217,0.00997562708345612
23.8413,-0.0622662636157933
23.9586,0.0317363020672055
24.0665,-0.0465649457618866
24.1219,-0.0666757885445541
24.1222,-0.0623236684345727
24.4746,0.0196500098037724
24.5168,0.0324968917820208
24.6627,0.0220947897754513
24.8724,0.0115120664812025
24.9944,-0.0620766715899101
25.1529,-0.0629234646651007
25.2076,-0.0629555190601714
25.2115,0.0355288862416465
25.3857,0.0362695387529968
25.388,0.035038068827081
25.4083,-0.0664554363122392
25.5025,0.0366546971930788
25.5969,-0.0368396932097781
25.6813,-0.0241828604028349
26.0378,-0.0658206919844666
26.0523,0.0309252694334816
26.159,0.0227897982690237
26.1827,0.020672605704295
26.2057,0.0290614199321872
26.2164,-0.0338661658263106
26.3194,-0.0446520342706762
26.4409,0.00188037146572384
26.4794,-0.0691164409795775
26.5663,-0.0462642928993908
26.5718,-0.0692796457722586
26.6419,0.0358046995051851
26.7469,-0.0729931219715425
26.8064,0.0204334101751513
26.8896,-0.0700435326308053
26.9541,0.0387250609825607
27.0305,-0.0778409013254517
27.0707,0.00671500488147458
27.09,-0.014528635592189
27.1232,0.0138944019172413
27.3253,0.0339883476585214
27.6009,0.0077475861347196
27.8561,-0.034201153936479
28.1426,-0.074480575332835
28.1785,0.0145155369133505
28.381,0.0375324770024648
28.4041,-0.0370693540102032
28.4212,-0.0796131335675838
28.6238,0.00159787085856422
28.6482,0.0394927067117621
28.6663,-0.0529203414978134
28.727,0.028955715377343
28.8865,-0.0804576935265864
29.2304,-0.0568640309114663
29.4479,-0.0495662886371839
29.5042,-0.0629905274219951
29.505,-0.0802737071149373
29.513,-0.0829868466485593
29.5975,-0.0697130507353982
29.6225,-0.0497255230894282
29.6685,0.0338952633467358
29.8737,0.0330777952520123
29.8846,0.00333659445321643
29.9716,-0.0355037717542999
30.0458,0.0428171938788502
30.152,-0.0697954940004202
30.2622,0.038609453970345
30.348,0.0425950709223599
30.4442,-0.0830729505214371
30.5388,-0.00176766507631854
30.7457,0.0392900760017199
30.8643,0.0116503847892346
31.0177,-0.0403273144630489
31.02,-0.0520433038695174
31.0285,-0.0853654130320365
31.0873,0.0182654736379178
31.0983,-0.00742907982066043
31.139,-0.0860924543439481
31.3465,0.0448303864273605
31.3736,-0.0742097508047905
31.4411,-0.0843817393715085
31.4591,0.044734967448651
31.4835,-0.0452809463741488
31.5265,0.0324407760526455
31.5324,0.045243821417106
31.5523,-0.0961717573729501
31.8604,-0.0684650320224982
31.9651,-0.0959104407982494
32.0071,-0.0856684632855291
32.0427,0.0442819990489625
32.1966,-0.0613918808054805
32.5363,-0.0345835979930769
32.7177,0.0420087527546755
32.7678,-0.0867078206834293
32.7775,0.0418878110877259
32.8019,-0.0656439462321856
32.835,-0.103996289133292
32.8737,-0.0528474732601012
32.9587,0.0260002895182438
33.082,-0.0280729844878778
33.1934,0.0150458317204922
33.2563,0.0434368860239829
33.3881,-0.057424823908093
33.4256,-0.00733508670126071
33.4376,0.0469208653682784
33.5212,0.043311067002044
33.5543,-0.0642470148224064
33.5834,0.0303208729812354
33.6825,-0.0788861665770995
33.7665,0.0436557718462751
34.1533,0.0491674757669216
34.1622,0.0490752676260797
34.3148,-0.0685048870124803
34.4134,0.0484744436087539
34.4982,-0.0767159561435946
34.5703,-0.0730411398549009
34.6845,0.0213431310492709
34.71,-0.0187639109064364
34.7985,-0.0946053193094158
34.8188,0.0484714688333838
34.9785,-0.0409634828804997
34.9906,-0.0370721968071663
35.0196,-0.0405724295849481
35.0229,0.0496828540273526
35.0689,0.0507613129351157
35.3271,-0.0387637771756602
35.4533,-0.0351564951006651
35.479,-0.0320586703935675
35.4912,-0.0390073037331859
35.5836,-0.0446896041493261
35.6488,-0.0828796372704304
35.7649,0.0513866839068555
35.8195,0.0404950213329869
35.8418,0.0514630199809005
35.8592,-0.106728778471137
35.8795,0.0235817334482107
35.9334,0.0273896431786937
35.9992,-0.114034067510161
36.034,0.0520590407864248
36.1868,-0.0335067237441109
36.2086,-0.103521753615979
36.3765,0.0415516177675386
36.5304,0.0530895414372026
36.5597,0.0450782914460675
36.6248,-0.100837194675734
36.6988,0.0203977013775116
36.7727,0.0394706264120472
36.8236,-0.041381864895385
36.9105,0.0529477326860786
37.1531,0.0539315020608697
37.2021,-0.125563181723294
37.2364,-0.062061604805109
37.2751,-0.102391009600481
37.5731,-0.0597614194380185
37.6137,0.0231200349967651
37.7456,0.0510445533950943
37.7576,-0.0336517224839099
37.9385,-0.0954943478357535
38.2515,-0.0522668780208164
38.3522,0.00440560426256553
38.4258,-0.0825873401095052
38.6892,0.0517010451097448
38.724,0.0519756617013911
38.947,0.0554069285387726
38.964,0.0563708307944495
39.0824,-0.129620141333767
39.1329,-0.0245776981091765
39.3806,-0.00979629323004616
39.6701,0.0535059445682577
39.6783,-0.128262859736566
39.8026,-0.0151928756775703
39.8261,0.0572629429290714
39.8359,0.0277695030166356
39.8865,-0.0309394149344939
39.9407,0.0175679906009663
39.9544,0.0150535828188794
40.286,0.0414822933015273
40.363,-0.127064063519249
40.4224,-0.0660666977231656
40.5258,0.0551199853586155
40.5559,0.0534806237255196
40.6387,-0.12532003579841
40.7775,0.0569283172868111
40.8421,-0.131269774847645
40.8427,-0.0898105031790308
40.8881,-0.130113503769749
40.9401,-0.0807172174566873
41.0291,-0.0909305656841468
41.051,0.0512991916330847
41.1042,0.0270627530808696
41.2027,0.0152376696649554
41.2208,-0.0795379138673979
41.2437,0.0195524626311965
41.3872,-0.0916120055166871
41.4896,0.0630853424072697
41.5109,0.0334915479694757
41.5508,0.0528223499698939
41.5739,-0.0634006467752855
41.6175,0.0370885164835713
41.7,0.0356973297223036
41.9183,-0.126255636881474
41.9215,0.060508027531597
42.0035,0.0411186993597497
42.0909,0.0642385455764156
42.2424,-0.137829326858061
42.336,-0.143312371286669
42.4931,-0.138941266447361
42.6052,0.016967076220169
42.7549,0.066509419138626
42.7935,0.0632189304579072
42.8136,0.0154060570606944
42.8643,0.0177911012331862
42.968,-0.0653184727272347
43.0431,0.0659515021212584
43.2022,-0.101558087140887
43.2169,-0.00809288019388532
43.2648,0.0597502229140119
43.5154,0.0643481221753319
43.5283,-0.135380006495815
43.5822,-0.143591424785484
43.6029,-0.141145084050763
43.6153,-0.135105907628244
43.6169,0.0680023830201577
43.7662,0.0159101278050642
43.8124,-0.138633545804801
43.8748,-0.0477528124833384
43.8995,-0.0451361550122371
43.9973,-0.000298745102142561
44.1133,0.0531491557807939
44.1636,-0.11252351652098
44.1725,0.0628668015802205
44.2696,0.0699847193312237
44.2973,-0.0935430793819663
44.3214,0.0699261045182524
44.3621,-0.127132567472835
44.3633,0.0636002932378119
44.42,-0.0196941009302805
44.527,-0.119934616783837
44.6635,-0.130557086735109
44.7706,-0.149756082199993
44.802,-0.0497692195430872
44.8406,0.00755803780374009
44.8711,-0.0215729715373243
44.9559,-0.152812336628486
45.0399,-0.147408472728294
45.0542,-0.142773167805075
45.1018,-0.0839431745544914
45.1089,0.0312093103687303
45.1222,0.0556331258129745
45.3013,-0.150958294005001
45.3209,0.0734038820709841
45.3967,-0.0124083563205843
45.5507,-0.0450907696785237
45.6444,0.0149373597818467
45.6576,0.0727714176968419
45.7623,-0.019702872729475
45.8074,0.0472446845566239
45.8408,-0.152589774089684
45.8789,0.0650340389525113
46.0312,0.0657905932460352
46.057,-0.0369485678650179
46.1423,0.0674606758266236
46.3321,-0.026992687164288
46.3764,-0.134653832582003
46.3916,-0.148053560717486
46.4007,0.0662641182083163
46.4315,0.0647587579346052
46.4552,0.0731637698016669
46.4606,-0.13379683001434
46.4758,-0.101468121577291
46.5436,0.0670849549249581
46.565,-0.16286672202596
46.5888,0.0769790447772394
46.6089,-0.102173147732451
46.6377,-0.159780717674558
46.6635,0.0640604120365111
46.7019,0.0732395463423074
46.7125,0.0462504980342331
46.7142,-0.0583294033255157
46.7324,0.0664452611850237
46.8536,-0.00606696391962203
46.8654,0.0769417866246442
46.9244,0.0170817349984631
46.9348,0.0747286148142052
46.9717,0.0488642781459916
47.0192,0.00511840217184556
47.0292,-0.070758031004388
47.0514,0.0676878438813375
47.1591,-0.0882125288983318
47.2076,0.0688175947419936
47.2134,0.0776271937238633
47.2498,0.00426893177310461
47.2524,-0.0970431892940411
47.3119,0.0746567965625786
47.3387,-0.163435802725566
47.394,-0.159846804853466
47.4677,0.0616523236742736
47.6445,-0.152172493712918
47.6528,0.0680893493230101
47.7033,0.0688940131442237
47.8489,-0.165333508634284
47.8591,0.0670983605973561
47.8843,0.0678224553678461
47.8895,-0.127513323986705
47.907,-0.10452880748732
48.1331,0.0755664864813639
48.1735,-0.0176497941208922
48.193,0.0161791335297963
48.2809,0.0495440921123489
48.3077,0.0800879406255461
48.3197,0.0765582698739138
48.4477,-0.1707293534988
48.4665,-0.0699652397245956
48.4678,0.0673660575785391
48.4822,0.0653396200583529
48.5611,0.0570718447563507
48.6278,-0.0616997776376209
48.7297,0.0295216798313831
48.7475,0.0829817545450169
48.8742,-0.117454334821005
48.896,-0.120760602036341
48.9293,-0.118332368601472
49.0205,-0.0163219203668703
49.0289,-0.0913526189334064
49.063,0.00422380897041563
49.0699,-0.155477062196248
49.2366,-0.153329671574944
49.292,0.0587940896782584
49.3188,-0.166807997372999
49.3268,-0.173745537072755
49.3758,-0.13789760740876
49.5032,0.0478264331192904
49.5272,0.066785329283725
49.709,0.0262249945502688
49.7937,-0.129992865597337
49.82,0.0777927033779022
49.9759,0.0562776544184942
49.9859,-0.174458722387755
49.9867,0.00589951300274549
50.0277,-0.0600886702336183
50.1014,0.0578049862177537
50.1462,-0.0608869878440146
50.298,-0.0310182860802826
50.3046,0.0669714489036011
50.3505,-0.00630953068024809
50.4044,0.0624025907275794
50.4114,-0.120516793678227
50.416,-0.12124817543981
50.4193,0.0843894678461297
50.42,0.000390740513338983
50.4932,0.0605352983517449
50.5189,-0.1398255369064
50.5275,0.0855425569993002
50.5649,-0.159835912405377
50.5711,0.0808367286378413
50.5815,-0.193899186760177
50.5982,0.0892167884138644
50.6034,0.0725905380164207
50.6206,0.0764981659970587
50.6468,0.0761404622361255
50.6921,-0.0334649745181181
50.6937,-0.192259500942889
50.7288,0.0769244889746759
50.7393,0.0760060799894973
50.8337,-0.0255661389604285
50.8399,-0.00967517672489038
50.9753,0.0789530743506432
51.0146,-0.11163500739066
51.044,0.0526166393262244
51.1066,-0.0644193531642259
51.1253,0.0757613195076416
51.1509,-0.142069619176468
51.1603,0.0164430775093862
51.2435,0.0778924208593423
51.2878,-0.112808531745429
51.3619,0.039524639297845
51.445,0.0825901989409559
51.4771,0.0833455391343065
51.4826,-0.149795563368727
51.4935,0.0757883359522253
51.4985,0.0887957744155159
51.5284,0.0542894508008942
51.5289,-0.172163644809054
51.5626,-0.0677379562947849
51.5708,-0.142509271640392
51.5808,-0.0869205351345528
51.6106,0.0853795583991541
51.655,-0.0713810563556621
51.6873,-0.201203479248953
51.6935,-0.0187464044830179
51.7248,-0.0318239824607787
51.7719,-0.0534126634835346
51.8129,-0.122538356053838
51.8314,0.0629953132802754
51.8823,0.0457124740719337
51.9159,0.0522160980945756
51.9195,-0.177236916548004
51.929,-0.150401656204167
52.0903,0.0682805997297677
52.1454,-0.172068592055645
52.1845,0.0915160949566101
52.1869,-0.0897959005151634
52.2746,0.0751603875074167
52.3267,0.0821869016643504
52.3961,-0.100651981313185
52.4078,0.0449091757092006
52.4239,0.0739084364852829
52.4488,0.0564434104287557
52.4836,0.0701926000343747
52.5333,0.0333330930745035
52.559,-0.0695687126484259
52.6606,0.090634222001043
52.8447,-0.0127260916133309
52.9022,0.0691207262209446
52.9023,0.0734299807690988
53.0881,0.0974865229441946
53.1287,0.0735550523362249
53.2036,0.06775002716914
53.2075,0.032632625212031
53.2238,0.0820335574754409
53.2311,-0.164562877042499
53.2339,0.070637205572389
53.2663,0.0654442140877052
53.2903,0.0907997560670779
53.317,0.0871806137739881
53.5838,-0.136394364188163
53.6462,0.0271904663567994
53.7224,0.0736810329319084
53.7415,0.0878629712646912
53.7827,-0.0843058161165899
53.8023,0.0925695036260237
53.9245,0.0759371121248051
53.9403,-0.13898924455323
53.9473,-0.165202699573264
54.3611,-0.181310545737375
54.3784,0.0791362147284573
54.3793,0.019658587088955
54.393,0.0983593858494984
54.4173,0.0613728838242693
54.4825,-0.0122394373703258
54.5068,0.0779266632221791
54.577,0.0624023536755232
54.6081,0.0214713386715744
54.6504,-0.187682709433062
54.768,-0.163900119321404
54.781,-0.0678411031729595
54.8043,0.0723764385526167
54.8053,-0.179124075383406
54.8844,-0.110747795853008
54.8863,0.0709428072125391
54.9463,-0.194540105626032
54.9605,-0.187859952226276
54.9865,-0.132006322538956
54.9934,-0.017511660649248
55.0772,-0.00712746393185881
55.0889,0.0110246575068089
55.1199,0.0563913530859423
55.1414,-0.0847157896510993
55.1681,0.0920458387882661
55.1733,0.00995022749455643
55.2059,0.0974211174537487
55.3116,0.0731952767771986
55.3438,0.066686762283382
55.3538,-0.167368908571447
55.3544,-0.217809274731778
55.372,-0.0950881653417568
55.4458,-0.206682297044686
55.4666,-0.0156732427510917
55.5311,-0.150573089487828
55.5434,0.0948642108105133
55.5629,0.0765124641329109
55.6452,-0.223478682272074
55.6814,0.080670441264445
55.6815,0.0900295759362564
55.6855,0.0621951043766771
55.7048,-0.00883031269550116
55.7143,-0.145863606604998
55.7557,0.0643024409505486
55.8294,0.0815088790103928
55.8877,-0.19697206969596
55.9162,0.0864725762058711
55.9736,-0.223032631178775
56.0283,0.107770061757002
56.1383,0.078566511577236
56.1396,-0.225219529978546
56.2227,-0.100669482451906
56.2473,-0.209695959357113
56.2972,0.0953951271966815
56.3665,-0.0281099503682967
56.3895,0.0718078872312233
56.5725,0.0749848389584002
56.5867,-0.222181977483523
56.6209,0.0865816483952457
56.6218,0.101279382219175
56.6865,0.0719521743486595
56.6886,0.0752996315271091
56.7311,-0.0109905285834344
56.7333,0.089260293308719
56.8166,-0.110440259841617
56.8495,-0.0465044596918389
56.8497,0.00138650471297552
56.9438,0.0758890682250808
57.0804,-0.203557791267983
57.1914,0.015033414079646
57.2206,-0.164600787778774
57.243,0.08216413931261
57.2514,0.0802710775458024
57.3056,0.0425860039602313
57.3365,0.0868862864978084
57.4495,-0.209898241805803
57.5291,-0.206477507782978
57.5583,-0.028001600243293
57.5777,-0.198660393720317
57.5911,-0.193737360061647
57.6845,0.0737518477270882
57.7062,-0.145244278031733
57.7177,0.073175457718321
57.8027,0.100637002487929
57.8211,0.11142710782201
57.8458,0.0748592582980407
57.9308,0.102225920189113
57.9348,0.104611650211233
57.9504,0.090854319623908
57.9645,-0.206973360789704
57.9717,-0.00738401643530295
57.9786,0.0745545696090062
58.0201,0.0939372570739749
58.172,-0.216379685097884
58.1737,-0.132960567596065
58.1857,0.0945212732381648
58.2134,0.109168703187166
58.2193,0.0814006318870568
58.2562,0.106068740138717
58.3907,0.11480401865154
58.4408,0.0382543838057927
58.5037,0.0596107443502945
58.5149,0.0666375829412829
58.6252,0.0861600380749294
58.671,0.10681472457145
58.7849,0.0505420835570334
58.8066,0.0789547778442241
58.812,0.0774512782495762
58.8249,-0.199540924458475
58.83,0.0774829002278139
58.8477,0.0929912274068911
58.8642,0.103116569261381
58.888,0.0577169883281812
58.9305,-0.0135589643012111
59.0339,0.110127952042006
59.0537,0.0786666068432424
59.1999,-0.237399603578922
59.3397,0.105815150006705
59.3507,0.0648823752756655
59.359,-0.20690068893586
59.3916,0.114685385541513
59.3975,-0.179577673805241
59.4083,-0.168578045502315
59.4118,-0.113491627728422
59.4255,-0.194829777757988
59.4889,-0.119709318490564
59.4978,-0.123398678651377
59.535,0.0663091808263445
59.5578,-0.0568078814740787
59.5697,0.0997499859035926
59.5765,-0.0205991675614214
59.6037,-0.00272978785894651
59.6092,-0.233200938030308
59.617,-0.232498938355839
59.6376,0.0566591321888197
59.668,-0.0260634738268521
59.7289,-0.13099859995102
59.7352,0.113098059277505
59.7476,-0.177561389960509
59.9366,0.0973124592955941
60.013,0.024537709052403
60.016,-0.0143670459786875
60.1347,0.0822202912710566
60.1394,-0.214203273433824
60.1401,0.106122165663955
60.1585,-0.230809671312109
60.1623,0.0169312298163788
60.2046,-0.243145833718728
60.2071,-0.121790286565137
60.2399,-0.0930363522324171
60.2452,-0.153790438946004
60.265,0.0683779436258263
60.2667,0.0723088439333637
60.3517,0.0228441241315736
60.3572,0.0680632193960875
60.3981,-0.125993437591816
60.4218,-0.246270749446843
60.4252,-0.204863284876829
60.4336,0.0840130502808023
60.4503,-0.158601384443635
60.4692,-0.0579049294230103
60.4727,0.101737807415645
60.4916,0.0954188401106535
60.5168,-0.243241859255676
60.5284,0.0506413714681671
60.5302,-0.150301489962423
60.6082,0.0799436371977009
60.6156,-0.219420314313105
60.6382,0.0514051388335091
60.8593,0.066207466388903
60.8778,0.118516283644865
60.8785,0.0795141860281063
60.8943,-0.0736561837413277
60.9093,0.126792859863713
60.9159,0.0822237813248421
60.9256,-0.229486465328165
60.9435,0.0730619208916181
60.9718,0.126250578928705
60.9966,0.0520324879861818
61.0571,-0.178335140905077
61.088,0.1092012810551
61.1307,-0.00937229035277909
61.1393,0.0893836979360856
61.1607,0.0848803465398191
61.23,-0.0918415853529595
61.3089,0.0987251525345059
61.3479,-0.245841426375797
61.3611,0.128915404321653
61.3612,0.0779785869870295
61.4108,0.109254852544254
61.448,-0.228555882009417
61.5035,0.0650257312254752
61.5063,-0.153564818557932
61.5241,-0.182272562987592
61.5314,0.0891630245023336
61.6184,-0.140279326358659
61.6368,0.129162819624703
61.6455,-0.162386907714669
61.6505,0.11041113392821
61.6513,0.100884148726145
61.7883,-0.0528968817305682
61.8636,0.095546475121921
61.8684,0.0101295185439412
61.8893,0.125578924561736
61.9541,-0.0011796561001276
62.0802,0.124223485685704
62.2405,-0.146647945715877
62.264,-0.23265204155679
62.2741,0.120236316564196
62.295,0.122492676912032
62.3806,0.0893361827245656
62.5416,0.130242049696982
62.6559,-0.225929741230026
62.7052,-0.120160457771583
62.7997,0.0818196379582048
62.851,0.0692211457943728
62.8862,-0.256228291075807
62.8996,-0.256153407912919
62.9922,0.0832468754038089
63.0056,0.0275982562925776
63.0368,0.135979497210307
63.1018,-0.179663894162935
63.1635,0.090747818903516
63.1679,-0.0775257871757802
63.2324,0.134263744748182
63.2428,0.0262641432397785
63.3126,-0.0274083321367229
63.3291,0.129893043525527
63.3948,-0.102538866553182
63.5126,0.0806918799069223
63.5736,0.136839029716384
63.5929,0.0771789901618476
63.6401,-0.197882970373513
63.7012,-0.26359990492562
63.7326,0.12965327984071
63.7333,-0.24191618505499
63.7392,-0.204797922843881
63.7902,-0.261704563294629
63.8074,-0.101557717139393
63.8317,0.106087653506094
63.8731,0.139575605675994
63.8874,0.125739887184317
63.9889,-0.138296385426898
64.0592,-0.231480547512618
64.126,0.0875237482312627
64.1688,0.129267730654149
64.184,-0.258593705908851
64.1873,0.0741369652577077
64.2006,-0.0225423317557869
64.2402,-0.207443936604989
64.2845,0.0842805054162739
64.3435,0.141696198082641
64.357,0.132485064761866
64.4266,-0.0494219449444131
64.4463,-0.0805735182799481
64.4977,0.137894659697693
64.4983,-0.048816538577114
64.5642,0.124033675367713
64.6799,-0.116783909551543
64.6908,0.113757862510298
64.7889,0.124338156268749
64.7985,-0.166924990115874
64.8248,-0.04601995601368
64.8567,0.101848088551932
64.876,-0.267372961087986
64.9195,0.139773548380717
64.9561,-0.225170185240302
65.0227,-0.205453124745617
65.0267,0.0857861956821182
65.1445,-0.0470011082322941
65.1467,-0.232352974789762
65.1583,-0.175561964609813
65.193,0.136608852713536
65.2149,-0.054426429346023
65.2257,-0.216212100463224
65.2363,-0.0206472930098158
65.2556,-0.251473878367818
65.2867,-0.18390438573806
65.3323,0.131755529467569
65.358,-0.166245764910556
65.3629,0.0123153186708294
65.388,0.0721425027409879
65.4396,-0.0231243334615101
65.4597,-0.272873287247606
65.4687,0.113936889836296
65.4732,0.0850308580793211
65.5211,-0.200746446633431
65.5517,0.0926716855538956
65.5844,-0.0176343957474074
65.589,-0.091121708881829
65.589,-0.220603239315608
65.6776,0.0890507564681258
65.6852,-0.257497631232326
65.7111,0.108302212576206
65.7114,0.139130845250705
65.7599,0.112029633082912
65.7766,0.0242596061531657
65.7904,0.138349358831277
65.8026,-0.262629264543122
65.838,0.0444080135479794
65.9359,0.0868122556097575
65.9616,-0.249040123322388
66.0289,0.0701373955947275
66.0568,0.105588607398076
66.103,0.0390366380696747
66.1971,0.134961771641713
66.2981,0.0669843735310138
66.3893,-0.267846535966441
66.3987,0.0984278569075627
66.4011,0.094454112752004
66.4229,0.0954363754144936
66.4472,-0.177126042941552
66.5182,0.122438780345803
66.5674,0.131497830934137
66.6099,-0.108143208416791
66.6488,-0.227096343936793
66.6765,0.00547278072043866
66.6928,-0.251561480564831
66.723,0.149223225738922
66.7298,-0.280554185982169
66.7422,0.068354916554739
66.8112,-0.152700881942735
66.8688,-0.00966817961752042
66.885,0.0453243788749802
66.9068,-0.283736066242625
66.9113,0.153045784194376
66.9132,0.00904249324807438
66.9188,-0.284483403217109
66.9306,-0.247332996668732
66.9477,-0.274845613909136
66.9708,-0.261882835864256
67.0217,0.127082705110496
67.1371,0.137427105237933
67.1896,0.147311848243646
67.1955,-0.0381983442687925
67.319,-0.219432324049905
67.3815,0.144733297883903
67.4035,0.0227134172127563
67.4281,0.0410119423467847
67.4759,0.00954092537141094
67.5605,0.0575187737895391
67.5737,-0.049828860769253
67.5862,-0.199859626295108
67.6102,-0.265568852611452
67.6904,-0.00223461761028432
67.7001,0.156888333696173
67.7744,0.148294509624051
67.7801,-0.214031629301999
67.8902,-0.294066999647072
67.9026,0.157799127228571
67.906,-0.286502702493806
67.9154,-0.28825673627405
67.9805,0.0168130465092133
67.9903,0.118096632472117
67.9961,-0.280286080644089
68.0213,-0.124951341592194
68.044,0.110564916805956
68.0627,-0.288378906738032
68.0731,-0.0134377086670128
68.0741,-0.0328776845959879
68.1068,-0.151381173535896
68.1123,0.15681865804217
68.2108,-0.289849986311694
68.3425,0.0977223343187603
68.3648,0.137026517539311
68.3802,0.139182117035375
68.4192,-0.287245084657471
68.4251,0.0161752859284974
68.432,-0.286199034611016
68.5107,0.0931870290974643
68.5844,0.109641207008238
68.6075,-0.263063995689961
68.6567,0.150590719299828
68.6865,-0.296671532077625
68.7022,0.0876120425409255
68.7087,0.141793051276892
68.7179,-0.0810291504192691
68.7764,0.151446012074132
68.7805,-0.205436788454776
68.9083,-0.170352087649093
68.912,0.0154833935820307
69.0353,0.0985052010397993
69.0809,0.0873116697487575
69.0857,-0.293641123899235
69.1914,-0.234193592968253
69.1957,0.112106609927324
69.2375,-0.194673225276489
69.2421,-0.157179206819876
69.2811,0.0342182755016722
69.3229,0.152179894230414
69.3739,0.150976800567491
69.3865,-0.218936103877041
69.387,0.0986456706119014
69.392,-0.283464926164513
69.3968,0.130678071218767
69.5173,0.0685837365282538
69.5271,0.127439412174368
69.6336,0.133607511224568
69.7836,-0.000218246430321756
69.7858,0.0867215417557645
69.8644,0.100032313892797
69.9318,0.167651833801571
69.9648,-0.0219789246985158
69.9891,0.14496881298399
69.9919,-0.15892529741744
70.0126,0.0919106884273617
70.1116,0.159460533176073
70.2281,0.103882935429326
70.2328,0.114530490626706
70.3328,0.132952105194818
70.3397,-0.23370322994684
70.3529,0.157635534648236
70.3553,0.0271387815846111
70.389,-0.287106531103248
70.4179,0.170167143389378
70.4363,-0.299834778510998
70.4537,0.0536297143671902
70.4548,0.0292207266123228
70.5252,0.0141791156580098
70.5599,-0.193011665294378
70.6147,-0.238925298632779
70.6181,0.0927647188024423
70.7475,0.100165111917136
70.7723,-0.310201169289329
70.8065,0.131476686297177
70.8417,-0.161164192419946
70.8677,0.128040674478498
70.8797,0.168718052269668
70.9298,0.1415945466035
70.9481,0.0452602249315248
70.9964,-0.10060668818511
71.0101,-0.0498858613876791
71.0313,-0.257895578960301
71.1171,-0.312865467696483
71.145,0.172247479809897
71.213,-0.224790925699239
71.2211,0.00725768279249905
71.2541,0.162369247897885
71.3378,0.122836613148209
71.3878,0.019650681347116
71.5852,-0.321359737312534
71.5869,-0.18869426956644
71.6384,-0.0300679332108871
71.6698,-0.220079772951451
71.698,0.160352371971754
71.7008,0.173065813789464
71.7117,0.107725866295425
71.744,0.141246032156204
71.8147,0.0954718318343453
71.8491,0.172879239122182
71.9087,-0.319650828133248
71.917,-0.239944107086203
71.9403,-0.24032658581433
71.9409,0.0190681529939951
71.9559,0.0948529597428518
71.9588,0.0716085753224576
71.9611,-0.244882434100532
71.9613,-0.299005437639565
71.9755,0.1687851562166
71.9812,-0.023988860926238
71.9931,-0.246289122789079
72.0043,0.0209617226106786
72.02,-0.320670441550604
72.0374,0.145561901153528
72.0641,-0.29639996669205
72.0973,0.152907819212999
72.0988,0.0904494712981005
72.1372,0.0989403051457742
72.1839,0.00981861713189858
72.2138,-0.317426549441137
72.2176,-0.294217181286953
72.2243,-0.147106567156754
72.2333,0.144162165682047
72.2658,0.0442873251097069
72.3027,0.162667041547351
72.3531,-0.27588871133635
72.3564,0.016596881064217
72.3808,0.135733413400018
72.3824,-0.254901425570949
72.3915,-0.0790624152958941
72.3989,0.0713175839048574
72.4079,0.171789265249643
72.4224,0.131778938395158
72.4277,-0.320917119233698
72.6208,-0.302266980172419
72.6616,0.102147186126331
72.6652,-0.319745572800301
72.6842,-0.325501330283828
72.8119,-0.303400199552442
72.9679,0.0921874401183231
73.0011,0.103704446301847
73.0113,-0.32749282491703
73.0138,-0.211849554302731
73.0155,-0.311546125371407
73.0375,0.0716036011498744
73.0869,0.0782448820520329
73.1048,-0.00217467017095885
73.1284,0.0981075056210159
73.1886,0.054459145731343
73.247,-0.327222733000823
73.263,-0.278543594217624
73.3706,0.0794013370710189
73.4187,0.0998494192883328
73.45,0.03486847994931
73.5269,0.105249781645938
73.5549,0.158770098373324
73.5713,-0.326732150044563
73.5733,0.11487031155221
73.7086,-0.33156693237683
73.7258,0.143413757746387
73.7424,-0.253264837553417
73.7547,-0.117054775454505
73.8301,0.150971535420339
73.8686,-0.0880329290738047
73.9227,-0.0352946998324057
73.9329,0.18584736158563
73.9457,-0.0300749843634094
73.9458,0.0949701975564636
74.0452,-0.153195338486626
74.1211,-0.154840973264726
74.1465,-0.292209866018538
74.161,-0.342792328940504
74.2906,-0.0327316440138219
74.3015,-0.232461003845458
74.3039,-0.337586378629382
74.3224,-0.176732810076714
74.3415,-0.100724793997458
74.3652,0.157993127256589
74.4045,0.0596446620607907
74.4191,-0.170128164482961
74.4292,-0.181548301809229
74.4782,-0.335313740933273
74.5011,0.164861562019169
74.5031,-0.321794873353667
74.5232,0.0877650336870346
74.6718,-0.195432599005187
74.7082,0.0194722475143152
74.7296,-0.100917312021693
74.7347,-0.326932976749092
74.783,0.187096765991612
74.8194,-0.273896257431574
74.8216,-0.258507534190883
74.8502,0.103818105694927
74.854,-0.341947905536927
74.8587,-0.262229116729415
74.8882,-0.226677395588382
74.8911,-0.28094906069515
74.9097,-0.334808198376905
74.9199,-0.25074851219172
74.9357,-0.34179719421347
74.971,-0.188453780174655
75.0302,-0.317728473920354
75.0376,-0.0329536660819514
75.039,0.166459435168036
75.0435,-0.15235455902905
75.0904,0.178003136315525
75.0973,0.192421574794977
75.1061,-0.230870260107721
75.1188,0.183913657417051
75.1322,0.0790992219408224
75.1361,-0.0619681395599514
75.1719,-0.30612022727685
75.2072,0.121484124076474
75.2661,0.127012323252259
75.3046,0.182920711001373
75.3166,0.175908337256899
75.3417,0.122448300609108
75.3526,-0.202615399454245
75.4154,-0.168246999294652
75.4997,-0.123439862942021
75.5033,-0.338599424179407
75.5195,-0.0742374471668086
75.5805,0.196848407340795
75.6208,0.0901202558419385
75.6227,-0.352434283115514
75.6328,0.0237194275754149
75.683,-0.259776160412514
75.6976,-0.183200426666559
75.7063,0.176116545447613
75.7065,0.196882196704891
75.7147,0.0981903799138593
75.7148,0.140430400896108
75.7761,0.171785674461503
75.7809,0.0772177616392753
75.877,0.17873935456457
75.9073,-0.222564792683244
75.9372,-0.197632155604012
75.9563,0.110944731682878
75.9981,0.059571612908357
76.0037,-0.333541500709202
76.0182,0.177575091906917
76.1051,0.104868356697196
76.1093,0.0611337403848466
76.1103,0.195206163314879
76.1329,0.147487197901199
76.1981,-0.33651444208509
76.2032,0.141295280696028
76.2651,0.115196555915276
76.3654,0.184609767215761
76.3802,-0.0786311409746077
76.405,-0.0356043954549818
76.4083,0.19144148865125
76.4553,-0.0486927125757859
76.4726,0.135776311604872
76.5079,0.192692625312674
76.5481,0.102714081642546
76.5648,0.1957946976259
76.5691,0.193294166825794
76.581,0.189749466456618
76.6409,0.199362767597478
76.6643,-0.104265807603085
76.7154,0.196480238887105
76.7318,-0.0906451581086856
76.7503,-0.180327442928004
76.7812,-0.316854961280498
76.7964,-0.206864727331606
76.8209,-0.0138511592296169
76.8271,0.128407875819931
76.855,0.165732400401765
76.8561,0.032017409878037
76.8734,-0.101592651948494
76.8876,0.112476792928803
76.8906,0.159357353834721
76.9367,0.112565789498049
76.9752,0.204463503456964
77.0124,0.139180716359803
77.0654,-0.193090148630574
77.0821,-0.347260256235728
77.0831,-0.18497088968131
77.201,-0.0284506545333443
77.2362,-0.350850485035153
77.2391,0.192066684201848
77.2735,-0.246535157131802
77.2853,0.149885630812776
77.3637,0.000535032563206528
77.4069,0.10914089175148
77.5199,-0.35194928221928
77.5204,0.207468939250774
77.6002,-0.345696550265686
77.6207,0.133807366794898
77.6346,0.11712819752816
77.743,0.125199494436217
77.8007,0.129546850789652
77.8515,-0.166679097312297
77.8819,-0.182127038830288
77.9476,0.0882610552950212
77.9753,0.103295759985897
78.0251,-0.0650339596229941
78.0549,0.178024827645714
78.0767,0.101158141280607
78.122,-0.350870184959717
78.2296,0.0505055291012582
78.2632,0.0144085162320948
78.2729,0.114158816129034
78.3072,0.199342720100304
78.3327,0.131599933084658
78.3408,-0.133278760797111
78.3717,0.140864286042344
78.3827,-0.0607897866727711
78.3873,-0.0697571439120424
78.4135,0.116704648305628
78.435,-0.0140428322582409
78.4549,0.0572227401570302
78.458,0.106131078065985
78.508,0.157774343805102
78.5194,-0.0309210301403908
78.5242,0.030626441552343
78.5304,0.206728315973635
78.5955,0.0858278363113243
78.6108,-0.368172205250417
78.6229,0.0199030411957466
78.6362,0.0993166496423186
78.6566,0.0955991474516225
78.6683,-0.0346156277590808
78.686,-0.216648676892248
78.6978,0.176516341676006
78.6997,-0.218338620368613
78.7039,0.103077708582347
78.7341,-0.222793401956082
78.7612,0.142020976288862
78.7642,0.200467689018296
78.7838,-0.198201004438062
78.9063,-0.2321020876105
78.9347,0.0839843130036257
79.0106,-0.179407036212154
79.0807,-0.31739767513811
79.0838,0.200168188801612
79.1553,-0.357303695314371
79.185,0.0450133399594819
79.2421,-0.315240111652628
79.2703,0.165467560291887
79.2769,-0.0502607682585108
79.2851,-0.37644017432693
79.2926,-0.0503834093872797
79.3458,0.170031653930863
79.3564,0.187556737853967
79.4388,0.134099267513079
79.4608,-0.295981060269114
79.4681,0.0694560468393348
79.4748,-0.236832331939866
79.4844,0.0639679715232973
79.5853,-0.22552899867614
79.5997,-0.367022196286527
79.6019,-0.225888149072532
79.6779,0.108422868934127
79.7196,-0.0275210758465363
79.7905,-0.119812901794006
79.8274,0.16640884134533
79.8355,-0.36304603533145
79.8441,0.199902897325316
79.8787,0.186644904920115
79.8884,-0.249718323429704
79.9503,-0.265868378912089
80.051,-0.379781418763613
80.1293,-0.373719236744492
80.1375,-0.371285881302526
80.1694,0.161991344367522
80.1726,-0.0341789876008676
80.1876,-0.373796572712337
80.2075,0.207982511529408
80.3915,0.195983636782216
80.3949,0.107326087009824
80.4007,0.105232101679334
80.448,-0.354952306997049
80.4923,-0.210995493080034
80.5124,-0.229297786764974
80.5268,-0.097867515122843
80.5427,-0.0289527337225621
80.6055,0.2032723845562
80.634,0.113110747494076
80.6834,0.0935632539786155
80.6897,0.161113879096689
80.6965,0.10653006632991
80.7461,0.014110655525073
80.761,0.224297318179367
80.7811,0.18513649118087
80.8242,-0.230018660133027
80.8812,-0.343258892380248
80.8946,0.0528875531398256
80.935,-0.240615418782539
81.0743,-0.0633760661867768
81.0823,0.12578040483352
81.1357,0.109302480857721
81.1619,-0.392506945755571
81.1745,-0.219914119042599
81.1881,0.163063225737261
81.2057,-0.376851454551257
81.2329,-0.391773506347789
81.2665,-0.387141731656612
81.3195,-0.339364509408824
81.3321,0.18265191268388
81.3776,-0.251647720298777
81.4103,-0.377116667670606
81.486,0.108278688485484
81.5654,-0.250318467293383
81.5708,-0.0996034269210213
81.5807,0.153211548404201
81.5951,-0.395633609433091
81.5971,0.0606576853320462
81.5989,-0.372318693304507
81.6017,0.0633454827904529
81.6292,-0.302902117516695
81.6364,0.210607300202753
81.6389,-0.22520878834608
81.6526,-0.316743270523972
81.6531,0.180754413360546
81.7038,0.103644999805525
81.7885,0.219444667970961
81.8247,-0.0879503856342581
81.8627,0.00184420913342365
81.866,0.0903383980153762
81.9091,-0.383426134156039
82.0065,-0.24600113384443
82.0719,0.124511736119715
82.0755,0.201311992966467
82.0789,0.151970651495091
82.0817,0.0515379285684787
82.1639,-0.127467508610138
82.2928,-0.307058322796223
82.3189,0.205920298548136
82.347,-0.19276621432607
82.4155,0.0499163959676281
82.4665,-0.0307621913049019
82.4674,0.169211565950008
82.4885,0.221824415825196
82.49,-0.377601475728085
82.5278,0.160194164192689
82.533,-0.339707079973749
82.5626,0.0149159313135243
82.6063,-0.00575908848669826
82.7058,0.171171307897012
82.711,-0.0125020892237728
82.7335,0.0141734906489717
82.7553,0.103243651354404
82.766,-0.0667493161785728
82.8073,-0.0474553592676585
82.8237,0.0863286846721962
82.8346,0.00959045263938663
82.8538,0.115616447059381
82.9269,-0.14572310673357
82.9933,0.202886551014927
83.0715,-0.194437923382566
83.0721,0.147757945879505
83.1135,-0.181600932674101
83.1208,0.0635110925926625
83.1607,-0.334157165248627
83.1621,-0.333429706818734
83.1952,0.0676246133585181
83.2111,0.107753126289182
83.2138,0.23892087154637
83.216,-0.148277135213775
83.2357,-0.199119281216284
83.2366,0.0970560729344214
83.2437,0.231617020928425
83.2659,0.155243335128603
83.2743,0.0257310703501759
83.2825,-0.284841785376372
83.2872,-0.120731771159925
83.3256,0.212071890183893
83.3457,0.219120304700169
83.3518,0.215534622888342
83.4374,0.220008109558805
83.4484,-0.0769955360959784
83.4847,-0.295894296836806
83.5442,-0.141575260243101
83.5718,0.141197847490318
83.6839,0.194345725157959
83.6849,0.101146575975108
83.7141,-0.202296259902226
83.8567,0.231103606163074
83.8826,0.111006694043596
83.9346,0.128835250555412
83.9785,0.0775899560385227
84.0005,0.183681989788894
84.0234,-0.406057978800732
84.0338,-0.40388989107673
84.0347,0.10224545056262
84.0435,-0.0966510127249762
84.0577,0.159295020120609
84.0808,-0.0584965553411791
84.0866,-0.0297924292174372
84.0917,0.207778776296976
84.1052,-0.145215611955962
84.1077,0.239278026476171
84.1804,0.0156152162656298
84.2155,0.120420328613804
84.2471,-0.141463596036857
84.2725,0.0848406876188079
84.3042,-0.418525326300838
84.3112,0.143119233326033
84.3576,-0.247421881289128
84.4315,0.194289847807838
84.4518,0.135080578298471
84.4653,-0.242557837513331
84.5469,-0.338879762464074
84.6112,-0.244622036177375
84.7044,0.129695982182227
84.7235,0.0797235767363844
84.7462,-0.205272888255465
84.7962,-0.0651952641414653
84.7967,0.107432395382531
84.8028,0.0987462355001156
84.8054,-0.0150539292528009
84.8194,0.137389856536004
84.8678,0.187440242379935
84.8823,0.102673132589317
84.9928,-0.406933425635501
84.9981,-0.30546028043976
85.0048,-0.150426627256238
85.0484,0.099227806772177
85.1027,0.220009729208286
85.1167,-0.115415897631664
85.1374,-0.111481003716975
85.1387,0.24241634313843
85.1425,-0.108146878477584
85.1598,0.110968470362295
85.184,0.113985173515189
85.1984,-0.0857211684256214
85.2109,0.0813600185714307
85.2538,-0.116453585707291
85.2574,0.100095663658877
85.272,0.0037823981181333
85.2788,0.0461191729308155
85.4298,0.0183986739645121
85.5315,-0.429299303992408
85.5584,0.100324310649739
85.5815,0.158267479727996
85.6239,-0.0811728715145961
85.6734,0.250101754586638
85.7151,0.242136535246487
85.7204,-0.080599638571158
85.7212,0.169456283625436
85.7323,-0.300270323101699
85.7479,-0.230628321958761
85.7585,-0.313962774460904
85.7842,-0.406773949926489
85.7873,-0.208177316885795
85.7972,-0.0358316021424088
85.7996,-0.328715486350717
85.815,0.224717231512244
85.9213,-0.285273263580578
85.9995,0.222738564011209
86.0076,0.068414741644176
86.0084,0.220655269418387
86.0174,-0.404067208021701
86.023,-0.433442632688966
86.0586,0.257020683006147
86.0674,-0.248503979169257
86.0691,0.195866248313038
86.1107,0.132383791901219
86.1112,-0.388576177147712
86.1591,-0.153010861069731
86.1742,0.207386254128622
86.2069,0.0821179361444564
86.2202,0.10201457752477
86.2244,0.110783858184675
86.2368,0.221255980895293
86.2377,-0.428300938195633
86.2591,0.175471330639951
86.2633,0.00381420292760026
86.267,-0.0378791361745954
86.3205,-0.279783622490839
86.3241,-0.409137354313629
86.3256,0.133439700625274
86.4384,-0.0902551848192701
86.4481,-0.0663547367562671
86.4499,0.0860682406114961
86.4524,0.259253298270522
86.5431,-0.389662266169452
86.5458,-0.398386819674812
86.5871,-0.416170936160285
86.6037,0.245358177804789
86.6293,0.238703105215052
86.6481,0.16675641956644
86.6725,-0.147678652075555
86.6825,-0.383632268386762
86.6937,0.123466546932605
86.7024,0.235416992800623
86.7221,-0.386712682387667
86.7716,0.103184533560892
86.79,-0.290572158926864
86.8092,0.186126403476734
86.8457,0.0958595444789836
86.8769,0.124854898596439
86.8808,-0.384994107678821
86.9012,0.00204902861493395
86.9106,0.169810838952515
86.9171,-0.434573923322688
86.9208,-0.429779878118524
86.9431,-0.390668405842831
86.9493,-0.103785744061682
86.9717,-0.211241340564939
86.9727,0.188193614506062
87.0709,0.252785832483198
87.099,0.230256782560218
87.1013,-0.439022904685714
87.1053,-0.285283327610557
87.1148,0.116082896956542
87.1254,-0.357923175899799
87.1611,-0.245567650189813
87.1681,0.155323235631684
87.248,-0.329698356795859
87.2931,-0.233094797355392
87.3237,-0.253665406715484
87.338,-0.279378409503963
87.3914,-0.108876893527381
87.4053,-0.445384018234051
87.4118,-0.38986949493048
87.4505,0.1084767271808
87.4774,0.0849519374846039
87.4888,-0.298852516910742
87.4932,-0.222348186335068
87.5073,0.159638331431864
87.5238,0.0104148683849559
87.5798,0.0844183967562913
87.586,-0.159454181839806
87.6037,0.237924935095265
87.6342,0.15994828809356
87.6427,0.0831198205720938
87.6475,0.257638460205584
87.6557,0.262426224253218
87.6626,0.195495542453386
87.6812,0.137716035032099
87.6915,-0.429396041916135
87.7032,-0.191053117258903
87.7293,-0.187386992756885
87.7356,-0.398497391155573
87.759,0.165724767175803
87.8148,-0.0170426358174325
87.8211,0.248812728485902
87.8561,0.210968373296367
87.8799,-0.300120889751966
87.8919,0.00352369866699576
87.9025,0.103497455256147
87.9124,0.116569598939918
87.9285,-0.123237182687419
88.0204,0.159969568935793
88.0422,0.231212253219852
88.098,0.141371982536114
88.1394,0.105162234670175
88.1658,0.268918958529369
88.2407,-0.235831204634792
88.2561,-0.239153746808469
88.2793,-0.388280870851744
88.4176,0.207314663973108
88.4319,-0.371212884481452
88.4689,-0.212110344093944
88.5009,0.107281741329842
88.5169,0.106025215396372
88.5175,-0.45570880780285
88.5365,0.127234282678415
88.5402,0.0995149314124433
88.5731,0.181763850945913
88.5922,0.0815662925814706
88.6092,-0.048574541297782
88.6567,-0.260179913462082
88.6592,0.245054776829008
88.6919,-0.421466600517462
88.7403,-0.165849183122432
88.8091,0.205363794358703
88.8562,0.119694490061306
88.8666,0.108565948236773
88.8846,-0.258880640498191
88.9167,0.103685285262301
88.9244,0.104088568384114
88.9472,-0.00392353708042492
88.9703,0.0362672295932782
88.9784,-0.31661577189432
89.0042,0.125844842753224
89.0158,0.214421210579431
89.0218,0.266657890765586
89.0431,0.122346024325665
89.0673,0.164034715137944
89.081,0.111238364400918
89.0987,-0.435711748922017
89.1393,0.24961540934757
89.167,0.256157173166031
89.1677,-0.44029247626861
89.1807,0.0645230574026527
89.1918,0.116437883475811
89.2073,0.271661335556288
89.212,0.119359781775572
89.2288,0.107398502288675
89.2288,0.206460227059566
89.2896,-0.401331301586879
89.3025,-0.113422960866046
89.3373,0.106466527682457
89.377,-0.295512287660529
89.3813,0.16384427134345
89.4256,-0.307360703353126
89.4327,0.133812286199131
89.4408,0.121142344833274
89.5191,0.111959577817018
89.5285,0.10787778234436
89.6274,-0.210527009953537
89.6328,-0.356080008567943
89.6366,-0.457572350979149
89.6641,0.10716719131986
89.7078,0.19359104773406
89.7164,-0.270023447879012
89.7274,-0.399824093158827
89.7476,0.11107390036203
89.7597,-0.0508164940331284
89.7603,0.106329556631266
89.7679,-0.442359726991583
89.7708,-0.45197045066638
89.816,-0.375080986826333
89.8246,0.165142879868469
89.833,-0.054766565342419
89.8504,-0.384834046973282
89.8809,-0.166892596834316
89.8933,-0.232264173064081
89.9254,0.265571994521522
89.9539,-0.299568259304095
90.0333,0.276370203432435
90.0472,-0.418315243786694
90.0506,-0.435186148036436
90.1038,0.266814804237114
90.1265,-0.427147340934312
90.1319,-0.303821783935319
90.1393,-0.449025056738918
90.1406,0.126606503629958
90.1869,-0.318087090276236
90.1965,-0.45574296247834
90.2019,-0.154887260992851
90.2182,0.0775741886291428
90.2198,-0.461559519049842
90.2252,0.163160033405148
90.2496,0.156427449619926
90.2614,-0.120895682228763
90.2625,0.167653698161402
90.2896,0.165586556559347
90.4071,-0.177706266627425
90.4998,-0.232146499355736
90.5094,-0.274956512021305
90.5095,-0.199924646044025
90.5214,0.178280563127103
90.5806,-0.220982691328047
90.597,0.19138212986239
90.6592,0.0921763764861794
90.6681,-0.203751424968303
90.7065,0.268080548333003
90.7229,-0.349438898456711
90.774,-0.0313096180553032
90.8472,-0.170962874867669
90.853,-0.421641292521173
90.8759,-0.0470683607149027
90.9095,-0.0367537809144096
90.937,-0.000825662879634592
91.0305,0.261603296866028
91.0376,0.199366179346555
91.0491,0.195600865134352
91.0612,-0.460742958790306
91.0939,-0.292973658185929
91.1109,0.0296467139392149
91.179,0.191938609234356
91.218,0.230984420805839
91.2545,0.260156288931512
91.2603,0.111429392320275
91.3,0.105024234978046
91.3264,0.270748345997006
91.3688,-0.426892812407345
91.3781,-0.116799078687635
91.4205,-0.0103545672172203
91.428,0.276774346625274
91.4592,0.0713096623103411
91.5182,-0.381069023276325
91.6055,0.131546241814959
91.6471,-0.00247772337600338
91.6662,0.117739014070608
91.6814,0.111457101051371
91.6838,0.278999380799988
91.7316,-0.483634344846436
91.7478,-0.219805676825658
91.7876,0.0217631108918255
91.7983,0.284754534422447
91.8557,-0.0473174272178056
91.9014,-0.295182325158422
91.9331,-0.232557092927067
91.9969,0.175159319609605
92.01,-0.292531428770573
92.0328,0.19642780490156
92.0396,0.111599271403108
92.0544,0.251362094242197
92.197,0.285298418890207
92.2226,-0.231017678155439
92.2318,0.285338321787165
92.2474,0.1336328283585
92.2565,0.254753977567105
92.2728,-0.369830330649364
92.2966,0.286085964495697
92.3335,-0.4324315053356
92.3431,0.0445233972463797
92.3918,0.204775822940732
92.4186,-0.432129740691821
92.4253,-0.0644188033223969
92.4424,0.0751154451374276
92.493,-0.409676874481406
92.4977,-0.362482977291137
92.5186,-0.432452560273987
92.573,0.277958385727828
92.5861,0.185311057719005
92.6115,0.228676466173042
92.669,-0.486412148637299
92.6906,0.204353102790208
92.7133,0.0819250494263883
92.764,0.242438745825453
92.7729,0.114847221484865
92.8079,-0.263683206571869
92.8329,0.226509592093436
92.852,-0.482042139061889
92.9034,0.167183435744519
92.923,-0.471629112802489
92.9308,-0.0239236551214077
92.9599,-0.19652760745879
92.9773,0.152445158157249
92.983,0.0331929487193463
92.9914,0.290050137984949
93.0051,0.103092498996205
93.0203,0.299618407981953
93.0339,-0.0338270331557595
93.0532,0.165410088203458
93.0953,-0.446853399061226
93.1002,0.270027989868581
93.1161,-0.0964540530307261
93.1389,0.154468489316088
93.1996,0.112711116109594
93.2066,0.249157775045219
93.2085,-0.0174562250482069
93.2667,0.193936651433759
93.267,0.274196649614382
93.2757,-0.190099977539404
93.2846,-0.105903116738588
93.3115,-0.196585424255773
93.3233,0.125708793601206
93.3234,0.28275771852968
93.3982,-0.218824450892114
93.4138,0.235942752403773
93.5263,0.236632713155686
93.5303,-0.036970432300123
93.5961,-0.32342444439054
93.6368,-0.25341518998448
93.6802,0.294327070377932
93.6868,0.129791987614382
93.7129,0.167734737714724
93.7197,-0.490569183327054
93.7906,-0.163794742860489
93.7916,0.114140233467737
93.7916,0.131862033098955
93.7943,0.11389388359315
93.7951,-0.504087105527404
93.8046,0.0141548317277653
93.8401,-0.185057571250383
93.8448,-0.135014581381824
93.8704,0.227841408193271
93.8977,-0.43465703054305
93.8983,-0.170183397206287
93.9008,0.0273198506057355
93.913,-0.269889692665444
93.9237,-0.340527659336658
93.931,0.283946722327642
93.9361,0.272368876779083
93.9866,0.168523601641283
93.9991,-0.503044433136239
94.0911,0.134814945724528
94.1373,0.114422121599432
94.147,0.290242271275005
94.1491,-0.158234019037508
94.2126,-0.450212373998909
94.2667,-0.286927395410999
94.2677,-0.370007656280393
94.2775,0.23277712431549
94.3149,0.130942272969619
94.3188,0.0855647081363884
94.3528,0.145556921215302
94.3952,-0.147889562945451
94.4599,0.266722051120666
94.4893,-0.201574439901663
94.4911,-0.381013951396966
94.511,-0.102161773031142
94.5462,-0.221748330719734
94.5805,-0.148605491682957
94.6142,0.0346987611100502
94.6956,-0.440288939367449
94.6976,0.19015643905648
94.6998,0.188855001350348
94.7049,-0.122281718982791
94.7208,-0.0752907536507053
94.8429,-0.476119340725845
94.8506,-0.0774333249462842
94.8625,-0.294791092100567
94.8665,0.00676582298558515
94.8748,-0.462364593884587
94.8832,0.0685669897437435
94.9233,-0.324975481322099
94.9471,0.0190363833360152
94.9514,-0.124196313096135
94.9857,0.115473624198529
94.9966,-0.243681154122214
95.0128,-0.300344003665785
95.0169,-0.47259811586791
95.0225,-0.463869597072375
95.0876,0.00190527306392596
95.092,0.115089672609869
95.0951,0.306273264990466
95.108,0.128650937722043
95.1271,0.118498119622288
95.1343,-0.0851136818278349
95.1925,0.287025664457587
95.222,0.293168172781165
95.2252,-0.0585116051092029
95.2392,0.153940509540988
95.2573,-0.154260005869546
95.2616,0.304303338122892
95.2734,0.301803179739764
95.291,0.20104878641061
95.322,0.273344574875665
95.3259,0.121695243387393
95.3328,-0.383717869543474
95.3514,0.138013722724807
95.3899,-0.273658224963029
95.393,-0.408897312660585
95.3935,0.164208221844106
95.3936,0.286223926802606
95.4249,-0.502156318751872
95.4329,0.135841007255891
95.5107,-0.0646587516250889
95.5354,-0.114652242480517
95.5429,0.308335226042928
95.5991,-0.298139707494371
95.6388,-0.514800681295299
95.6449,-0.246325116023556
95.6946,0.183238196190374
95.6997,0.150079679698052
95.702,-0.00416632199743106
95.724,-0.508953814306381
95.7573,0.306631425740591
95.795,0.0834301288347206
95.8438,0.301055738146957
95.8458,0.321243512211296
95.8867,0.217673415171447
95.9023,-0.36557256330083
95.9283,0.149479922179779
96.0618,0.136624149055407
96.1561,-0.49228580513018
96.1569,0.143634223851137
96.1757,-0.519906871184645
96.1972,-0.0162717880404415
96.2326,-0.521066470851935
96.2509,0.194703535112296
96.2829,-0.134493924929103
96.3012,-0.314735625530091
96.3043,0.297106080358375
96.325,0.130669043942916
96.3729,0.130599436401596
96.4188,-0.424413113632653
96.4214,0.28735715786911
96.4237,0.132610599172551
96.4327,0.320266543131098
96.4432,0.215797863666623
96.4824,-0.329613325226347
96.4871,-0.0316630203207779
96.4957,-0.520243380355708
96.5175,0.235738677158096
96.5757,0.137739131017682
96.5762,0.328645431761231
96.5958,-0.430347462338204
96.6106,-0.362109658276751
96.6768,0.234830084846635
96.6782,-0.422308149907664
96.6868,-0.47423804047034
96.74,-0.301862086073896
96.7511,-0.22280105306038
96.7513,-0.351710335548191
96.8526,-0.211738836233508
96.8592,0.293454210019775
96.8762,-0.532429269275141
96.8766,0.19704274285111
96.9668,0.0618020073872572
96.9864,-0.434406531790472
97.0038,0.32777741095299
97.0111,-0.464041654255666
97.0133,-0.18421038143542
97.097,0.128925497472054
97.1343,0.304438931522654
97.1408,0.0215555178702829
97.1632,0.0746262191013898
97.1812,0.205592081048977
97.2347,-0.251370179376053
97.2769,0.298026462670478
97.298,0.13065618785582
97.3372,0.137417541670843
97.3441,0.0616742432258377
97.373,-0.0452521794706513
97.4401,0.334863602852778
97.5048,0.234822529067571
97.5123,-0.0192552931830647
97.5612,0.121632729497662
97.5752,0.0734908490792208
97.5758,0.0571903644535041
97.6195,0.207730805840072
97.6486,-0.205087886344756
97.6587,0.135509669916402
97.6679,-0.496116467023072
97.6834,0.133804011326262
97.6959,0.207470219929164
97.7,0.165964492460176
97.7028,-0.261344898047085
97.7112,-0.466599470555138
97.7308,-0.457128016540949
97.7534,-0.167624984862044
97.7605,-0.514051856224725
97.7732,-0.448859289928166
97.781,-0.0224469653106638
97.8311,-0.534127343205867
97.8311,0.0306543462745168
97.8448,-0.431489674520776
97.9148,-0.422693218244063
97.9245,0.311768076623466
97.9682,-0.434605936965028
97.97,0.281607628403634
97.981,0.270062285399277
97.9828,-0.530048276938132
97.9943,0.334691293495965
98.0451,0.118459195880661
98.0862,-0.541765571218775
98.1239,-0.0652194832935464
98.1288,0.30171838156835
98.1732,0.152577246047429
98.2373,0.217972900698541
98.2746,-0.285658588252161
98.2771,-0.404654143328784
98.2807,-0.470555411432656
98.3859,-0.245151055852546
98.4139,0.138454217349562
98.4873,0.184651245261065
98.4938,0.311862512735061
98.503,-0.169373537067116
98.5081,-0.514623989304738
98.5114,0.0778499073051364
98.5289,0.323410303579038
98.5634,-0.437946904773483
98.565,0.25016826411732
98.5777,-0.208194159209327
98.5851,0.118391569786354
98.5941,0.120219018971994
98.6022,0.270333321807982
98.6423,-0.0346622166278934
98.6668,-0.0443955961271172
98.6844,0.327771953935127
98.6892,-0.366891559430883
98.7354,-0.279857669524063
98.7806,0.126265714062612
98.7868,0.32087189528464
98.8209,0.219755890827898
98.8404,-0.547536744895467
98.8741,0.172183815154455
98.8817,-0.15969987983577
98.888,-0.549134998976641
98.8988,-0.547263253592334
98.9147,0.133201924718378
98.933,0.139049118612746
98.9541,0.010129345374537
98.9691,-0.502182265249701
98.9698,0.0913510599835945
99.0433,-0.521754922130739
99.0435,-0.0288521314713108
99.0553,0.177499421683237
99.0846,0.0882291538916888
99.0888,0.319749992337833
99.1008,-0.497466695900883
99.1115,0.31007919686887
99.1132,-0.307215023120364
99.1165,-0.106704573319448
99.1214,-0.0319745039109876
99.1376,-0.47301621836435
99.1889,-0.417380649676446
99.2154,0.0117238291988144
99.2155,0.287476545119688
99.2203,-0.292170563597011
99.2454,0.251980420138395
99.2615,-0.514732832157108
99.2648,-0.399045240945725
99.2736,0.33964507834969
99.3083,-0.53589590975561
99.3717,-0.283903654336896
99.3908,-0.556799050089879
99.3969,0.0486717730895521
99.4657,-0.440888444098221
99.4761,-0.0173620985889045
99.4807,-0.512745391259557
99.4894,-0.217965179661732
99.554,0.349898868282438
99.57,-0.385675971774916
99.6125,-0.498243800605849
99.6225,0.124878203931303
99.6432,0.0895832244667503
99.682,0.142112963768909
99.7256,-0.533938012186482
99.7347,0.116979072695983
99.7553,0.123066623144055
99.8176,0.320919835781496
99.8279,-0.285577882335616
99.8589,0.162562596186774
99.87,0.213514803814064
99.871,-0.416959966878309
99.9013,-0.292069459650875
99.916,-0.540465652068633
99.9565,-0.558723462224961
