0.1958,0.000441646505181081
0.2772,-0.000558646316057454
0.3194,-0.000710365555808667
0.4332,0.000373085379254123
0.4376,-0.000988783716361352
0.4933,0.000136305166164752
0.5023,0.000793252123829191
0.508,-0.0011846288963917
0.5815,-0.000601290565581336
0.6136,0.000103071796944687
0.6142,0.000813774479707319
0.6338,-0.00126850525669697
0.7335,-0.00138272315413457
0.7445,-0.00143926234406655
0.7545,-0.00147877298881349
0.7852,-0.00177429322587552
0.8073,0.00102665243529787
0.8191,-0.000681804515947682
0.8617,-0.00125110112036653
0.8624,-0.000456865062818168
0.8832,0.00116548837762831
0.8968,0.00107796403146487
0.9162,-0.00109914741689077
0.9178,-0.00100247477715487
0.9352,-0.0018889594226652
0.9446,-0.00214482347920697
0.9594,-0.00208378473437631
0.9625,-0.000323636169053731
0.979,-0.000383155051406847
0.992,-0.00216711714026196
1.0148,-0.00143424876547193
1.0203,-0.0022511830194456
1.0242,0.000986686194745623
1.0254,-0.000215838428265558
1.039,0.00207701811628014
1.0599,0.00151154246297813
1.0626,0.00154369101816321
1.0647,0.000675698796483104
1.0655,5.11275295203006e-05
1.0699,0.00179660481510324
1.0721,-0.00100454924173454
1.0843,0.00028391345096912
1.0895,0.00172702626280796
1.0908,-0.000893234670515719
1.1211,-8.11993229830055e-05
1.1395,-0.00228410629530851
1.1409,0.000108174212365642
1.1418,-0.0024184505029814
1.1497,-0.00105391631601903
1.1536,-0.00255865800240307
1.1637,-3.48649407457824e-05
1.1701,0.00120544566555436
1.1703,-0.000967563049043552
1.1757,1.04466492201194e-05
1.1837,-0.0010127757156817
1.1857,0.00248638628183606
1.1947,-0.00262584121286058
1.2202,0.00163285460471707
1.2215,0.00155586778516748
1.2298,0.00116195993552548
1.2401,-0.00127668227874045
1.2476,-0.00271196010681551
1.2503,-0.00244516091464697
1.2529,-0.0023379061136819
1.2576,0.00241981436767746
1.2708,-0.00263404880457463
1.2744,0.00133942287476119
1.2753,-0.0022927606888874
1.2776,0.00227668014173865
1.2796,0.000397333779428299
1.2849,-0.00170986574723409
1.2865,-0.00281718091791627
1.3038,-1.41008487017924e-05
1.3143,-0.00290941879348172
1.3204,6.65938006751965e-05
1.3224,0.00100360519791365
1.335,0.00248161180382223
1.3393,-0.00291882126392307
1.3467,0.00261369173699189
1.3551,-0.00238146643703274
1.3566,0.000320453769954154
1.3653,-0.000141634054819262
1.3707,-0.00208840172919622
1.3718,0.00236105964947919
1.378,0.00257672687105215
1.3931,0.00296346152783311
1.398,-0.00227824985599945
1.4037,0.000897703463134336
1.4065,-0.00287190074099009
1.4105,-0.00191093718704471
1.4257,-0.00231564527281725
1.4279,-0.00250106660482574
1.4308,-0.00181813204503234
1.4422,0.00177252108684534
1.4524,-0.00254684119916604
1.4659,-0.00310914954347252
1.4793,0.00323535241024042
1.4801,0.00292636131064139
1.4933,0.00232742181053736
1.5106,-0.00274663783802387
1.5115,0.0026085402013627
1.5259,-0.000541052238450135
1.5402,-0.00225839263384886
1.5433,0.00243329449246565
1.5439,-0.00334506064283957
1.5597,-0.00195959650203315
1.5641,-0.0033566854473932
1.606,0.000801216203883071
1.6089,0.00300653975220833
1.613,-0.00313934674262328
1.6175,-0.00319168345837051
1.6179,0.00347787436437907
1.6372,-0.00366149347164479
1.6393,0.0027020316809685
1.6445,-0.0012812915677074
1.6445,-0.0035559531698317
1.6462,-0.00346061567823841
1.6571,0.000533124712956967
1.6769,-0.00380552910156196
1.6806,0.00359793399187969
1.6822,0.00196861256626679
1.6872,-0.0013448905867004
1.7036,-0.00100679454119423
1.7102,0.0031261839150889
1.7111,-0.000906372857679028
1.7143,0.0028819355238785
1.7153,-0.00310949929113447
1.7345,-0.00236624236933536
1.7363,-0.00335294328749769
1.7381,-0.00382439749518526
1.7479,-0.00249772922413016
1.7503,-0.00156852474005609
1.7638,0.000718866966910037
1.764,0.00384568743793956
1.7783,-0.000193196885990288
1.7789,0.0028868175158927
1.7815,0.000811940025909896
1.7849,0.00250244656842935
1.7958,0.00068121723381509
1.8112,-0.00399677115141683
1.813,0.000586834228811783
1.8291,-0.003063904356021
1.8366,0.0018482835366227
1.8419,0.00146277714647658
1.8585,-0.00410986214354003
1.861,-0.00123319658739751
1.8625,0.0034399004893082
1.8792,-0.00424510989454574
1.8802,-0.00146754291621209
1.8886,-0.00124320790793009
1.8917,-0.000233790393478595
1.9092,-0.00315575575483273
1.931,0.000911251718516137
1.9359,-0.0040238440649778
1.9518,0.0042349088389988
1.957,-0.000687486715768237
1.9599,0.00229830092344274
1.9617,0.00300655068259204
1.9685,0.00184067648526387
1.9751,-0.00440337298368298
1.9861,0.00198119449560719
1.9904,0.0025476570272549
1.9964,0.00371735179263943
2.0056,-0.00425753000676066
2.0113,-0.0035890289237579
2.0117,-0.00405328820910666
2.0128,-0.00432105538774463
2.0163,-0.00119521908370013
2.0188,-0.00214484806019755
2.0203,-0.00443318276846671
2.0308,-0.000887966778740257
2.0345,0.00388194357917104
2.0484,0.00385240113398932
2.0547,-0.00235966682808497
2.0556,0.00418255348084262
2.0601,0.00375354454294374
2.0934,-0.00274530189403466
2.1095,-0.00334800966956905
2.1099,-0.00108054808030733
2.1108,0.00174734793452203
2.1116,-0.000652724948214889
2.1143,-0.00377711745793441
2.1174,-0.00252777622434097
2.118,-0.00425654864237046
2.1181,-0.002691185897707
2.1241,-0.00347804815794905
2.1347,-0.00375558601007953
2.1372,0.00356527288682518
2.1461,0.00471847208044629
2.1543,0.00381102251428622
2.1588,0.00127153848194128
2.1624,-0.000373492297405242
2.1712,0.00414622990921298
2.1743,0.000345067336957161
2.1789,0.00353983437267003
2.18,-0.00365770908081586
2.1833,0.00378278965343259
2.2022,0.00125821527556713
2.2142,0.00174209697278593
2.233,-0.00364834547767146
2.2374,-0.00496803044806571
2.2429,-6.2125001528468e-05
2.244,-0.00224580771560534
2.2461,-0.00259141407234598
2.2525,0.00229863418479948
2.2565,0.0025510629809351
2.2609,-0.00154381564450867
2.2649,0.00393869084619558
2.2672,0.00149606582774897
2.2824,0.00497821601882276
2.2847,0.00326421132699917
2.2901,0.00485128142235425
2.2934,-9.74878569026671e-05
2.2961,0.00178154751908988
2.2975,-0.0050002280953092
2.2976,-0.000416339903508867
2.2995,0.00389074315106352
2.3016,-0.00473795523192821
2.304,-0.00235268462707916
2.3052,-0.00242538047075191
2.3244,-0.0048807299405671
2.3276,0.00201187394948876
2.3289,0.00504646324613178
2.3351,-0.00123469321656389
2.3455,-0.00344366840232979
2.3691,0.000359107061588038
2.3739,-0.00359185403875939
2.3815,-0.0028966957126455
2.3891,-6.24296001028313e-06
2.3897,-0.000212200305730104
2.3928,0.00221519347926424
2.4073,0.000588447784669377
2.4108,-0.000983685125139022
2.4167,0.0036742315874263
2.4203,5.91654343882198e-05
2.4224,0.00358815500963416
2.4247,4.65624067715886e-05
2.4314,-0.00392299318755507
2.4391,0.00237031537265464
2.4399,-0.0029327126401677
2.4463,0.00421327177992614
2.4475,-0.00246737297601207
2.4545,0.00121644492338246
2.4677,0.00111518580152481
2.4714,-0.00216133595092405
2.4728,-0.00445833232088289
2.4776,-0.005024122111978
2.4837,-0.00524093007632942
2.4844,-0.000238766541445834
2.4909,-0.00115661340090556
2.5046,0.00423916721456807
2.5093,0.00257857739711431
2.5422,-0.00470786464808493
2.5446,-0.00549761450559449
2.558,0.00311277284868616
2.5663,-0.00316554940527025
2.5665,0.00546468757053065
2.5757,0.000556830035024714
2.5811,0.00182740159730876
2.583,-0.00484815047686338
2.5856,0.00452383681172863
2.5877,-0.00566771080383921
2.5991,0.00423545714106366
2.6228,-0.0039257647512958
2.6254,-0.00298937190078119
2.63,-0.00507945768165374
2.648,-0.00525245404636543
2.6494,0.00164674362301875
2.6562,-0.00290058211257982
2.6628,0.00247549949550141
2.6653,0.00582039512008992
2.7071,0.000705002426468315
2.7113,0.000374978644421375
2.7121,-0.00593269566523658
2.7139,-0.0056581055982603
2.7144,-0.0033504874871908
2.7208,-0.00226812032328549
2.7252,-0.00452304797181524
2.7263,-0.00476023874333187
2.7342,-0.0012833232979057
2.736,-3.85119893935304e-05
2.7483,0.00488301886051046
2.7658,-0.000133826917516622
2.7713,-0.00600422509696452
2.7719,0.00385901898347862
2.7729,-0.00400978179843259
2.7767,0.00402260766056406
2.7784,0.00441139250227263
2.7863,0.00599421771960618
2.7872,0.00272479520247693
2.7892,0.00326716338626376
2.7909,0.00107847685208684
2.801,0.000338945906436461
2.8044,0.00152803315072836
2.8071,-0.00105982843369423
2.8262,0.00449505760744007
2.8263,0.00412498912157355
2.8265,0.00509692599865508
2.8395,0.00253714094693791
2.8415,0.00306727840496901
2.8435,0.00495119538750188
2.8468,-0.00614534374713172
2.8494,0.00471298265823616
2.8597,0.00515151452302032
2.8602,0.00275422795791114
2.8617,0.00387672099697278
2.8693,-0.00628951561619129
2.8705,-0.00487156489411555
2.8711,0.00190505801717844
2.8711,-0.00316844612495748
2.8713,-0.00297562717471411
2.8817,-0.00154207222537162
2.8892,0.00358175601804644
2.8903,-0.00149461596640554
2.9067,0.00199958871034411
2.9071,0.00351740708971482
2.9086,0.00435576658297032
2.9111,0.00205994398074871
2.9131,0.00540677493138508
2.9157,-0.00191733869699284
2.9172,-0.0023539091564686
2.9215,0.00344912589594148
2.9219,-0.00481902348086827
2.9242,0.00497788898063867
2.934,0.00423052587167394
2.9357,0.00471626642771072
2.9403,-0.000656553298398421
2.9448,0.006135697982248
2.9521,0.0020680840312215
2.9529,-0.00634099761432383
2.9539,-0.00570968094657776
2.9543,0.00500714912782252
2.964,0.0042243694068449
2.9676,-0.00566099307052648
2.9714,0.0064971210168161
2.9722,0.00016734645254779
2.9744,0.000864697633905287
2.9804,0.00320995923284961
2.9903,-0.00625053565935874
2.991,0.00493041086889834
2.992,0.00144433693792623
2.9928,4.97800307757146e-05
2.9933,-0.00310680846866118
2.9992,-0.000113703144462463
2.9998,2.0675307898177e-05
3.0048,-0.00101150497021862
3.0065,-0.00175447638574244
3.0089,0.00267815359240764
3.0142,0.00390653017983489
3.0223,0.00579464909976402
3.023,0.000456512487148508
3.0263,0.00523159145327323
3.0305,-0.00564737938185633
3.0347,-0.0067703209057699
3.0403,-0.00568607133814769
3.0529,0.00477886434787944
3.0593,-0.00588324581885447
3.0637,-0.000178944218860888
3.0653,0.00642138073217913
3.0656,-0.0026481082244163
3.0659,-0.00642425717612038
3.0682,0.00472007816004893
3.0693,0.00398975005268287
3.0721,-0.000734195798415271
3.0768,0.00612692250833513
3.0785,-0.00335961905789439
3.0792,-0.00170776144792883
3.0809,-0.00565817545233083
3.0826,-0.0067284493874018
3.0905,-0.00101204541546362
3.0946,0.00599622126043453
3.0965,0.00485898565141207
3.0995,0.00476996451889988
3.1008,0.00672370275704104
3.104,2.57141271648997e-05
3.1072,-0.00637961139141829
3.1121,0.0010882001960133
3.1146,0.00667133782853124
3.1222,-0.00236452191604286
3.1283,0.00122085282495732
3.1383,-0.00659229991958554
3.1403,-0.000281074472399556
3.1415,-0.00638888987050112
3.1443,0.000917869100073965
3.1474,0.000229472339754899
3.1492,0.00442279926784961
3.1588,-0.00581017850820897
3.1597,0.0016971643105248
3.1609,0.00341610487100752
3.1673,0.00347087248346423
3.1727,0.00490706070892921
3.1785,0.00696344597538667
3.1809,-0.00591495754672033
3.1852,-0.00122313906175497
3.1925,0.00604945578699034
3.1929,0.00610413743471261
3.1977,0.00529317031161769
3.1977,-0.00577486008834915
3.2007,-0.00444762606343341
3.2024,0.00539873495592413
3.2033,0.00195977957859217
3.2038,0.00158017474385463
3.2108,0.000674410863124919
3.2116,-0.000436972929828805
3.2287,-0.00712062623958243
3.2296,0.00401963156742502
3.231,0.00546776408126393
3.2375,0.00541571318127909
3.2392,-0.00407925965578881
3.2431,-0.00404050734163519
3.2442,-0.00404180510835506
3.2492,0.00166105219811996
3.2527,-0.00553484359185141
3.2541,0.00424056444404597
3.2545,-0.00669077084251057
3.258,-0.00629910201057138
3.2657,0.000615488828937139
3.2713,-0.00214095544102832
3.2744,-0.00686277211558384
3.2758,0.00679829115987829
3.2799,-0.00724184425256835
3.2808,-0.00136577799516813
3.282,0.00554087427975603
3.2911,0.0042320936996294
3.2944,-0.00643763441459777
3.3066,0.00296900837403413
3.3174,0.00243428006729429
3.3276,0.000821615179382729
3.3373,-0.00586550911574291
3.3396,-0.00548878785789597
3.341,-0.00252267001031248
3.3421,-0.00726988648271742
3.3425,-0.00686648901203135
3.3456,0.00443316909152092
3.3475,-0.00594354026225652
3.3509,-0.00625193556772485
3.3526,-0.00662927965206661
3.3594,-0.00301403558417457
3.3615,-0.0050388498143743
3.3819,-0.00737608198328354
3.3867,-0.00740555240260043
3.3926,6.07171083188973e-07
3.3943,0.00265069911657623
3.3983,-0.00164414790027401
3.3998,-0.00254886537707888
3.4032,-0.00715628459659223
3.4051,-0.00743596605567731
3.408,0.00111782147499939
3.4126,0.00380206317409248
3.415,-0.00462186404576848
3.4222,0.00135650051888048
3.4222,0.00412587327012837
3.4225,0.00297158842859302
3.4267,0.000116481830754633
3.4289,-0.0073060956395703
3.4294,0.0021826389298778
3.4298,-0.00246766287577804
3.4486,0.000633072029998516
3.4519,-0.00287652676552064
3.452,-0.00603043414041915
3.4539,0.00346270237630453
3.4565,-0.00563171100542581
3.4612,-0.00036850207239647
3.4633,0.0057291643141264
3.4699,-0.00214720577081762
3.4706,0.00567975317775948
3.474,-0.00418758004878805
3.4863,0.0019787020516544
3.4898,0.00776053652456854
3.4939,0.00524600841695255
3.4956,-0.00434717695575548
3.5013,-0.00406892534627223
3.5036,-0.00780468970055948
3.5044,-0.00734157765742838
3.5066,0.00594858484498539
3.5096,0.00587427698932963
3.5113,0.00582805070922765
3.5156,-0.000254272957883828
3.5368,0.00608449176789705
3.5379,-0.00538805234558737
3.5569,0.00469965574268327
3.5583,-0.00797025133729923
3.5604,-0.000589777514707013
3.5619,-0.00213403230897713
3.5661,0.00621334985276567
3.5711,-0.00798282090581903
3.5746,-0.00125715346857813
3.5765,0.00487826799887658
3.5772,-0.00290549135985829
3.5776,0.00489325031118737
3.5807,0.00642849941227031
3.5821,0.00519929113083117
3.5844,0.00694574976500117
3.5859,0.00380067432718967
3.5878,0.00315490178855171
3.594,-0.00369227607036615
3.5943,-0.0078160810509913
3.5962,-0.00659470296726949
3.598,0.00304296331889553
3.5991,0.00400618426368471
3.6012,-0.00736537843695606
3.6021,-0.00622228276974823
3.6034,-0.00719340969876336
3.6036,0.00805041688639818
3.6077,-0.00757620749616938
3.6089,-0.0040837810780654
3.6117,-0.00678490798842502
3.6125,-0.00394209513386734
3.6166,0.00602277695975939
3.6219,0.000816346774930032
3.6227,0.00716774044441237
3.6304,-0.00799540041276003
3.6311,-0.00775878582484557
3.632,0.00264100532452272
3.632,0.00805290526191316
3.6333,0.00267448386011226
3.6564,-0.00763538598469449
3.6636,0.00131889017072417
3.665,0.00431008896604279
3.6715,0.00478537190148431
3.6736,-0.00716504558350861
3.6758,-0.00813553686055313
3.676,0.00349033413811251
3.6788,0.0041424175027065
3.6841,-0.00687662898759811
3.6896,-0.00431301508603132
3.6905,-0.00814207962949398
3.691,0.00772651185145445
3.6933,-0.00301230582492762
3.698,0.00826178128795574
3.6982,-0.00811382354099655
3.6997,0.00101687972813114
3.6998,0.00499807793156615
3.7035,0.0047153756851066
3.7045,0.00412659907515822
3.7061,-0.00824259826077922
3.7066,0.00186148426855626
3.707,-0.00339446520696862
3.7113,-0.00194303293341624
3.7147,0.00605070084956338
3.7174,0.00757529511174226
3.7232,-0.00716994091660839
3.7233,0.0060678044034348
3.7253,-0.00472705456899636
3.7268,-0.00794268064881765
3.7306,0.00308061212783306
3.7346,-0.00842658220710302
3.7397,-0.0084074384529651
3.7539,-0.00475086222929955
3.7544,0.00573303853876173
3.7548,0.00626436052944346
3.7557,0.00490570379274313
3.7567,0.000944044253555543
3.7585,-0.00515270935193923
3.7598,-0.00082674552966111
3.7613,0.00309549130048747
3.762,-0.00366855266886601
3.7622,0.000229945659993458
3.7639,0.00614055038755046
3.7669,0.00155941952123007
3.7669,-0.00370515308390873
3.7695,-0.00626661669881479
3.7722,0.00846344924622722
3.7756,0.00823051496058103
3.7803,0.00819239596684662
3.7863,-0.00833993032992542
3.7875,0.00341345218836686
3.7894,-0.00841773327948037
3.7903,0.00511560549407708
3.7907,0.00534557415808745
3.7932,0.00656892831532385
3.7975,-0.00846962909944038
3.8018,-0.00753345731196919
3.8041,0.00396006584648667
3.8068,0.00623051616819215
3.81,-0.00796828921325599
3.8101,0.00283607348256032
3.8119,0.00338419639320797
3.8121,0.0047410787082578
3.8176,-0.00821153091295823
3.8222,-0.00628412631044828
3.8226,0.00242671049693488
3.8267,-0.00842262014085238
3.8267,-0.00778193267103422
3.834,0.00788671251836437
3.8392,-0.00386668220789277
3.8424,0.00053080595957633
3.8469,5.39973425661699e-06
3.8495,-0.0029828202807276
3.8495,-0.00855176035262195
3.8576,0.00579740337390966
3.8603,8.71851701536031e-05
3.8643,-0.0023025537055652
3.8695,0.00109366325634763
3.8727,0.00304953640458594
3.8746,0.00493782864709313
3.875,-0.00149531533361325
3.8751,0.00379160505261078
3.8798,0.000480189543894838
3.8841,-0.00384528885094504
3.8859,-0.00417838813857285
3.8878,-0.00713886242924211
3.8899,-0.00463754168998376
3.8902,0.00656230095533417
3.8902,-0.00849504759084496
3.8911,0.00830278708906729
3.8919,0.00754869165297212
3.8952,-0.000848419198581585
3.8988,0.00744307287750123
3.9021,0.00698929143975313
3.9045,0.00379088790921678
3.911,-0.00325208566951307
3.9155,-0.000552218854114273
3.9175,0.00870175339669021
3.923,0.00119502025592055
3.9267,-0.00168175344244093
3.9274,-0.00247972753012959
3.9279,-0.00836373432015547
3.9282,-0.00839411090179931
3.9288,0.00510077077639481
3.9301,-0.0047367350346974
3.9334,-0.00537013010117704
3.9373,-0.00769272726282511
3.938,0.00629904190772823
3.9424,0.0022123382241559
3.9462,0.0022286871763848
3.9468,-0.0058612234332589
3.9583,0.00413094734875408
3.9583,0.00457020286079812
3.9634,0.00869024017259301
3.9648,0.00570547467611116
3.9648,-0.00601886980994903
3.9668,0.00531237601912871
3.9674,0.00559633393722025
3.97,-0.0086595358410877
3.9705,-0.00868657466991962
3.9728,-0.00104125325079263
3.9734,-0.00757728380638856
3.9743,0.00621617371555283
3.9777,-0.00288871603722551
3.9854,0.00112924140581727
3.9859,0.00724848222724273
3.9868,-0.00170727242252156
3.9879,-0.00591138552479631
3.9907,0.00659577439325654
3.9917,-0.00137310544632818
3.9962,-0.00238398781041127
3.9989,0.00878178202847124
4.0018,-0.00230294792292707
4.0043,-0.00874917447694568
4.0078,0.000228703795572827
4.008,-0.00871388969673603
4.008,-0.00646578326002434
4.0094,0.00671646774749757
4.0094,-0.00174396098563268
4.0125,0.00796050566459527
4.014,-0.00708110851562882
4.0152,0.0087434366452257
4.0177,-0.00454557570092895
4.0239,0.00173094083241931
4.0286,-0.00593134241496962
4.035,0.00869227387269245
4.0417,0.00196575455349812
4.0473,0.0067073140656726
4.0511,0.00890735679774757
4.0513,-0.00823995815175671
4.0541,-0.000304796975420629
4.0574,-0.000840615838733072
4.0598,-0.00896512999397014
4.0617,-0.00810205328299762
4.0632,0.00785833495439725
4.0646,0.00311843942317758
4.0657,0.0015991890050655
4.0717,-0.00544714126910861
4.0772,-0.000311656272060645
4.0777,0.00748353743554464
4.0787,-0.0090959239525894
4.0808,-0.00406666520612031
4.0822,-0.00478511984994245
4.0861,0.00421560740029925
4.0896,0.00413340446301635
4.0911,-0.00398512941667306
4.0918,-0.00722830902029337
4.0929,-0.00726901681426817
4.1027,-0.00469312299827873
4.1074,-0.00724864764615063
4.1116,-0.00754420344807816
4.1143,-0.00441892045983394
4.1148,-0.00328433652083415
4.118,0.00547817534376183
4.1182,-0.00145134822900861
4.1297,0.00918521504634295
4.1329,0.00686180366407729
4.1344,-0.000882495481384638
4.1366,0.0068500467278767
4.1368,0.0025916115971798
4.1439,-0.0090606236662385
4.1465,-0.00449229704921894
4.1506,-0.00648716209372324
4.1539,-0.0068095364927645
4.1613,-0.0084938984401921
4.1673,-0.00936455520984314
4.177,-0.00916157992534661
4.1783,-0.00666105320673704
4.1858,0.00240183891048051
4.1858,-0.00275277094304371
4.1903,-0.00790442296250049
4.1952,0.00714670827519281
4.1956,0.0022655036810999
4.1962,0.0061854836147619
4.1975,-0.0078915739108556
4.1978,-0.00931668781704076
4.1989,-0.00864442007562971
4.2007,-0.00871031367003727
4.2107,-0.00941623697179228
4.2153,0.00938384835215711
4.2172,0.00908909802087443
4.225,0.0094043854395256
4.2256,0.00832464024325219
4.2269,0.000583459551808829
4.2334,0.00801124216879856
4.2342,-0.00625328061922836
4.2403,0.00255887534696519
4.2406,0.00699412706092595
4.2414,-0.000934499740751882
4.2421,0.00599050908696075
4.2425,0.00937315768540703
4.2516,-0.00706677681572199
4.2516,-0.00115240526700688
4.2533,0.00714645635820776
4.2539,0.00659138811963711
4.2593,0.00277770800756993
4.2593,-0.00857215420303881
4.2604,0.00340206902014373
4.2646,-0.00759175681989177
4.278,0.007163122946376
4.2781,-0.00963757730226078
4.2835,-0.00738841357168951
4.2858,-0.00413277916303922
4.2858,-0.00644217602122232
4.2925,-0.00915709604128345
4.2949,-6.73941800624078e-05
4.2957,0.00269346388762415
4.2987,0.00719587730119553
4.2992,0.00131246039418809
4.3031,0.0075671140572986
4.3078,-0.00844182795583048
4.3106,-0.00940542886398532
4.3139,0.0060069185243492
4.315,-0.00462466231054481
4.3166,0.00880479448930949
4.3174,-0.00655831202562318
4.3181,-0.00703346471105171
4.3208,-0.00148249420218427
4.3214,0.00524293137891618
4.3289,-0.00796380664758711
4.3297,0.00634147553519782
4.3303,-0.00248427763346637
4.3321,-0.00518185992374232
4.3322,0.00405633075644296
4.3363,0.000967889355345086
4.3368,0.00474991867918728
4.3369,-0.00302980160447763
4.3381,-0.00749218824966214
4.3387,-0.000273679029243468
4.3392,-0.00205417546035136
4.3428,-0.00831660035435444
4.3442,0.00723008943631243
4.3468,-0.00296907376598554
4.3498,-0.00699917107605774
4.3511,0.00744770338027934
4.3543,-0.00228490397900849
4.3545,0.00950727079561631
4.3574,0.00191636548949692
4.3591,-0.00148648145138974
4.3596,-0.00827118932448823
4.3609,0.000319897158525428
4.3609,0.00759918761836165
4.3716,-0.00231773188161188
4.3767,0.00666039422796061
4.3815,0.00301519895253488
4.382,-0.00663699409327378
4.3836,0.00306298114922043
4.3861,0.00242081007760042
4.3872,-0.00979356255921893
4.3894,-0.00384361847259296
4.3935,-0.00481377561456142
4.3976,0.0041975112874244
4.3993,0.00653788325988369
4.4,0.0058295710257088
4.4,0.00295580009533669
4.4075,-0.00215443392787318
4.4075,0.00687042774731861
4.4126,-0.00264534749539624
4.4175,-0.00965352716115131
4.4197,0.00960104955547525
4.4217,0.00989765919492491
4.4271,0.00654890569397626
4.4335,-0.00708994681967745
4.4394,0.00529246120501625
4.4431,-3.36660172157721e-05
4.4452,0.00453837377140331
4.4488,-0.00123895587965794
4.4601,-0.00878281350423915
4.4636,0.00576243820559519
4.4666,0.00795724871882886
4.4671,-0.00176676033649681
4.4712,0.00997460957278395
4.4726,-0.00187178827640189
4.4744,-0.00491808304886732
4.4753,-0.00466326287306895
4.4755,0.00058166427255113
4.4774,0.00795858252016046
4.4781,0.00498111652843125
4.4862,-0.00292924893709934
4.488,-0.00961975800331505
4.4984,-0.0101256086374359
4.5,0.00773147313661848
4.5022,0.00616408645234401
4.505,0.00998811556872337
4.5077,0.00182695956943491
4.5109,-0.00808773161132681
4.5129,-0.00134344103426454
4.5151,0.00853964039891508
4.5224,0.00763929991302081
4.5252,-0.00983922984007446
4.5267,0.00611431255539774
4.5268,0.00462013724600574
4.5293,-0.00274637876624872
4.5328,-0.00481663251544973
4.5354,0.00807284334431291
4.5361,0.00607791226252008
4.537,-0.00979685106527217
4.5388,-0.0100843347310926
4.5408,0.00385955819643424
4.5413,-0.00859081379999171
4.5454,-0.00677541589739938
4.5464,-0.00888146577666493
4.5469,0.00669758465846471
4.5473,-0.00811459203478115
4.5474,-0.00316449215470271
4.5528,-0.00934826247428511
4.5547,-0.00547441026684492
4.5561,-0.00644342451456481
4.5641,0.00689042304839127
4.5676,0.00168185675400512
4.571,-0.00995317576713184
4.5746,-0.00181405129724777
4.5787,-0.00200368918366056
4.5789,0.00120733851282573
4.5801,0.000369020601137748
4.5814,-0.00907381516781314
4.5828,-0.00541609524803999
4.5873,0.00915017469079693
4.5918,0.00504052105636177
4.5951,-0.00796955789422693
4.5952,-0.008383425881064
4.5955,-0.0097892849456267
4.5988,0.00964155093982466
4.6035,-0.0037544484791816
4.6075,0.00249923237920591
4.6098,0.00648096614107185
4.6105,0.0080517100297044
4.6128,-0.00559601528898845
4.6137,-0.00725076258833912
4.616,-0.00405284277218154
4.6164,0.0065531008455384
4.6197,-0.0104844921675245
4.6281,-0.0101249388516855
4.6299,-0.0101116040499267
4.6308,-0.0078959005411825
4.6368,0.00749191850000397
4.6387,0.0102783328443889
4.6403,0.00795492981312318
4.6406,0.00761841235264704
4.6424,0.010009577933781
4.6427,0.00443904533798722
4.6503,0.00304709855470087
4.6545,0.00314291881353146
4.6556,-0.00940476995585904
4.6719,0.00128008404467916
4.6773,0.00226731005691061
4.6821,0.00960571062480664
4.6823,0.00925368787717495
4.6892,-0.00954516839715502
4.6944,-0.00354564121212597
4.6991,-0.00762610516751128
4.7003,-0.00761413684403678
4.7104,0.00774160793641343
4.7141,-0.0104485494507687
4.7152,0.00941438054537436
4.717,0.00557480213299666
4.7226,-0.00719832793823816
4.731,-0.00903448746558766
4.7336,-0.0105191028874838
4.7403,-0.00175870713332937
4.7408,-0.000197414133053186
4.743,-0.00827865549025653
4.747,-0.00377418820005637
4.7474,0.00471323148709057
4.7486,0.00613350006048208
4.7605,0.00166741405543736
4.7635,0.0105627067117435
4.7646,0.00723707532847939
4.7691,0.00868758062294805
4.7704,0.00698622377961122
4.7728,-0.00686960695858208
4.776,0.00769753641290816
4.7789,-0.000805930708694724
4.7802,-0.00234156899547777
4.7825,0.00140923835320717
4.7839,-0.00999859074990184
4.784,0.00230416860759775
4.7859,0.00518281054873082
4.7862,0.000688192198879278
4.7972,-0.00959205741345492
4.7973,-0.00144161653097186
4.7986,-0.0093450316849486
4.7995,-0.00794729071145106
4.7998,0.00590116262230111
4.803,-0.0106630023053649
4.804,-0.0032288368549942
4.8044,-0.00699425105428908
4.807,0.0106333281559374
4.8072,-0.00936234062763308
4.8086,0.00985545580333191
4.8135,0.00277355887029529
4.8149,-0.0015904901130126
4.8188,0.0105682617605982
4.8192,0.00352804293319231
4.8195,0.00354329248707064
4.8234,-0.00953193103452588
4.8315,0.00653821795259013
4.8331,0.00797795967509796
4.8503,0.00827269023678312
4.8521,-0.00254480041798555
4.8635,-0.0104741005196054
4.8637,-0.0108043009789425
4.8642,-0.00996784893453917
4.8701,-0.000363526019757643
4.8711,0.0023458047126157
4.8726,0.00174801150949122
4.8745,-0.0104689522749313
4.8746,-0.00667189869664675
4.875,-0.00299087811706755
4.8761,0.0109957638121188
4.8778,-0.0109593307514881
4.8779,-0.00288644234138147
4.8784,0.00859669988680967
4.8798,0.00558366927447107
4.8857,-0.0105931508804789
4.8907,0.00611708403612266
4.8925,-0.000434568032853022
4.8935,0.00830038384679543
4.8947,-0.00519788841703317
4.8951,-0.00883452136818264
4.8956,0.00864460706063408
4.9001,-0.0105307220143294
4.9016,-0.00893001864496945
4.9049,-0.00641422147302606
4.9058,0.0101012916899528
4.9059,-0.000628424434348851
4.9064,0.00691956001289817
4.9068,0.00825268394312229
4.9086,-0.0109345109239465
4.9133,-0.0077367144625109
4.916,0.00111126179107757
4.923,0.00223020396561147
4.9321,-0.00628666850151749
4.9334,-0.0100960370258045
4.9351,0.00665642745764217
4.9353,0.00293991587900777
4.936,-0.00727497413728884
4.9399,0.00667485938002077
4.9414,-0.00673472506530892
4.9424,-0.0051233253836056
4.9425,-0.00355663961453612
4.9447,0.00541808489643181
4.9525,0.011021348290603
4.9558,-0.00319840582029407
4.957,0.00784945441853147
4.9573,0.00812587480473237
4.9575,-0.00243128004065696
4.9585,-0.00951591317801981
4.9598,0.00686895690803091
4.9601,-0.00620220070863997
4.9721,0.00513966318404702
4.9801,0.0111638447788138
4.981,0.00461890968865752
4.9817,-0.00218395610032651
4.9842,0.0103639121005132
4.9851,0.0107323049254884
4.9905,0.00125241136244902
4.991,0.00658682695516966
4.9919,-0.000882038554673059
4.9923,-0.00654475875878724
4.9938,0.00883898823148677
4.9945,0.00655729816979544
4.9945,0.00116132860344464
4.9954,0.00667163222471778
4.996,-0.0109572738005559
4.9983,0.00445125776380628
4.9995,-0.00306846331250732
5,0.00208414296114157
6.1167,0.00904469639293382
6.397,-0.00288036086970322
7.3835,-0.0137772907013849
7.5147,-0.0160937336166134
7.5751,0.0110802490980655
8.24,0.00313621946450837
8.4771,-0.0161951714081408
8.4993,0.00734493944437808
8.6417,0.00954945862063994
8.9662,-0.015110144049201
9.367,0.0209964669562961
9.4298,0.0211236421924781
9.6543,-0.0205491155043447
9.999,-0.0210409655978125
10.2669,0.0229924339751229
10.3545,-0.0232409511601297
10.7697,-0.00831402830498007
11.204,0.00663813940936819
11.625,-0.02163170562382
11.6413,-0.0250243634758416
11.7288,-0.0293263343069583
11.9555,-0.0536679359993233
12.238,-0.0273996644003418
12.2819,0.0193509677243746
12.3507,-0.0281540378692284
12.526,-0.0186282236350159
12.594,-0.0250017957870003
12.7984,-0.0326037871755336
13.2715,-0.0275930520769574
13.5711,-0.0272984067275281
13.6988,-0.0128958967688462
13.7336,-0.0300901172764654
14.0438,0.0302008830377662
14.3484,-0.0336041455624638
14.3726,0.0326355550444326
14.4474,0.00817245962283231
14.6185,0.0324732574369957
15.0805,0.0192587171662453
15.3002,-0.013604729189451
15.5158,0.00342690883510599
15.8913,-0.00374029414605737
15.9734,0.0317216208202691
16.1846,0.0346056760021938
16.307,0.00112533047503049
16.6542,-0.0187179417378367
16.7486,0.0372844599074149
16.7824,-0.000743284741879791
16.7975,-0.0252726963006644
16.8,0.0156995632087309
16.8629,-0.0262099954514063
16.898,-0.029624181126934
17.0864,0.00549511666786984
17.2011,-0.0296631771076576
17.2619,-0.0325546574372808
17.3487,-0.00268239122318548
17.5643,-0.0405485667244285
17.6612,-0.00780753440234605
17.8123,-0.00884833702048482
18.0217,0.0343415849938147
18.4325,-0.0442617964920835
18.5032,0.0268116734730057
18.6402,0.0144436452258532
19.0273,0.0264023370884559
19.3484,-0.0511313937431233
19.548,0.014015202944833
19.6167,0.0302630583349561
19.6297,0.0105540069746617
19.6373,-0.0464734343578641
19.6741,-0.0128089692051105
19.7065,-0.000577592956137352
19.8406,-0.00897191344482451
19.8949,0.0453709975818768
19.9851,-0.0377392806782453
19.9977,0.00322080803913494
20.0188,0.0172464636162246
20.1498,-0.0178042857874487
20.2948,-0.027662094242249
21.0114,-0.0213550524883033
21.2364,-0.0602227174705128
21.2624,-0.058040736513373
21.3959,0.00238442530509531
21.5085,-0.0478329393514265
21.526,0.0184581246397642
21.5308,0.00262521912274849
21.6145,0.0367491933416666
21.6539,-0.0438207562284596
21.7522,-0.00487756478652557
21.7616,0.0324324903488105
21.8561,0.00917253954764874
21.9164,-0.00405448145503939
22.0257,0.0381255073137545
22.0295,-0.0144522058242487
22.1077,-0.0154769835204895
22.449,-0.0258827888608195
22.5973,0.00926713945948165
22.6961,0.0490609715720041
22.7827,0.0489096998735405
22.8656,0.00598362585992263
23.097,0.0312076962891155
23.2115,-0.0268855027006616
23.5416,-0.00238298695008154
23.8678,0.00472966736396785
23.9484,-0.0456990794343319
24.041,-0.00831845932994213
24.1305,-0.0651445262506378
24.3274,0.0536134944298681
24.6109,-0.0522553608615404
24.6469,-0.00819717037404644
24.8927,0.0446643556120527
25.1092,0.0133232016382969
25.2104,-0.0204687932961036
25.3344,0.0255095512947427
25.4078,-0.01530957688054
25.4982,-0.076004429971789
25.7581,-0.00459140062396557
25.8301,-0.0386567677256053
26.0382,-0.0454508880532707
26.114,-0.0653117441484277
26.3461,0.0538813317510112
26.3968,-0.0290738142057165
26.4955,-0.0547626704374089
26.6183,0.0262706273737194
26.6595,-0.0656002490118617
26.9438,0.019141558631798
26.9497,-0.0735967524968082
26.9697,-0.0690652194176025
27.1522,-0.0567678177225623
27.3234,-0.0243476000891718
27.3663,0.0554256073080879
27.3663,0.0614914102298307
27.4103,-0.068432409812484
27.5247,0.0282163736628256
27.6064,0.0623435461006636
27.631,0.00328975626673156
27.6404,-0.0625678946790629
27.6415,-0.0301473414595925
27.6822,0.0617388842726534
27.6822,0.0290424268142147
27.8146,-0.0450091261294929
27.8532,-0.0564758687939388
27.8941,-0.0552098938891454
27.9001,-0.00216746722545125
27.9097,0.0300525293636298
28.0773,0.0492330398661487
28.2365,-0.0251534072423638
28.2937,0.0492074882176254
28.3446,-0.0697574299527162
28.5651,-0.0379994432040967
28.659,-0.0693644248558911
28.7452,0.0289446441941088
28.8962,-0.0532219755217191
28.9715,-0.00655744406068948
29.202,-0.0752093281331412
29.3209,-0.0176865286275962
29.3481,-0.0469956840810397
29.542,-0.0607129720141977
29.5505,0.052137001313973
29.7123,-4.76825777973033e-05
29.7682,-0.0679946939405234
29.7684,0.043931562344401
30.0631,0.0664963666076517
30.1697,0.0661247392510909
30.1874,-0.0939340108622488
30.3989,0.0316293456785992
30.4421,0.0438548070550517
30.52,0.0516228926456641
30.6696,-0.00928092209889186
30.7118,0.0100916310167314
30.7731,0.0448967888368159
30.8663,-0.0856792393874244
30.9187,0.0203223056177499
31.0338,0.0282762595710508
31.1444,0.0708671050642629
31.1933,-0.0481285291626925
31.1983,0.00845709535034089
31.314,-0.0804002685427356
31.4373,-0.0949313710878208
31.5007,0.0405840117219469
31.508,-0.0674394979694029
31.536,-0.0387281516364695
31.5368,0.0586544448183517
31.5927,-0.075192171606659
31.6068,-0.00555812436531511
31.6561,-0.0775247007733988
31.747,-0.00960596553420956
31.8047,-0.000682472481223328
31.8561,-0.0935933615407833
31.9181,-0.0343815553069682
31.923,0.0390876403599485
31.9549,-0.0113326503424531
31.9936,0.0574316139334279
32.1119,0.0106448601279041
32.1595,-0.00384321087876316
32.2113,-0.0641688746497451
32.315,-0.0711840020588284
32.3716,-0.012697666872036
32.5277,0.074013670304943
32.6107,-0.0652264661181761
32.7876,0.0731731394453874
32.9668,-0.0675987128268574
33.0299,0.0433612327209119
33.0764,0.0604953768320939
33.094,-0.110920834417598
33.5476,-0.0281740647022914
33.5521,0.000946854739908076
33.6573,-0.0721354658018996
33.664,0.0318606704887756
33.6821,-0.0271159147199
33.785,-0.0850245605946895
33.8316,-0.017692884799736
34.0767,0.0435516958703488
34.1526,0.0654073590089936
34.1602,-0.110662538974417
34.1689,0.0265848299625233
34.1717,0.0473683294324942
34.2488,0.0739880514487936
34.404,0.0292117244971308
34.4315,0.0683912297050071
34.464,0.0790641399761185
34.4748,-0.0358159672797669
34.5229,-0.00283352800246206
34.5985,0.0189781541937037
34.6616,0.0796753737414448
34.6652,-0.0370572314536091
34.7609,0.055151158401415
34.8192,-0.0731465000855636
34.9822,0.0109955042206593
35.0965,-0.04961643590336
35.2332,-0.061822674085839
35.4327,0.00803183588305245
35.6642,0.0781566350367058
35.7111,0.0779533749467376
35.8165,-0.111780285900871
35.8473,-0.107058210873227
36.0104,0.082758297132159
36.1964,0.0642690628029641
36.314,-0.056225707080479
36.4361,-0.00834533083058631
36.456,-0.00195920488209822
36.5639,-0.118949384523184
36.5768,-0.0850451203916478
36.5914,0.0152912505938474
36.6243,0.0702757635445224
36.7088,0.0816995224855077
36.7093,-0.0202230973915576
36.7191,0.0611523053309782
36.741,-0.0759847149089907
36.9027,0.0740378420948673
36.9032,0.0212720227093328
36.9185,0.0599296937441878
37.0119,-0.0194275391517351
37.0249,-0.11307320735142
37.1662,-0.0112777775965895
37.2901,0.0716258521499498
37.3534,-0.0327379766928217
37.3621,0.0227473908200508
37.4531,0.0609252849432806
37.8008,-0.0985956779919945
37.8414,0.0856305477628183
37.8642,0.0471003635752396
37.9376,0.0555437513459012
38.1691,-0.0498506016909772
38.3142,0.0854659243133398
38.361,0.0633557461366934
38.3624,0.0848028533645291
38.3956,-0.0830009792807473
38.4344,0.0120791070040269
38.5613,-0.115118220030546
38.6594,0.0344981055049516
38.6598,-0.0112959322698245
38.7452,-0.0448859019341796
38.7464,0.0758711785378168
38.8025,0.0336797527551909
38.8261,-0.0122522806327083
38.899,-0.0652854249792583
38.9785,0.0869132498664271
38.9825,0.0573610039576096
39.0532,0.0459914993728958
39.1044,-0.109880220289746
39.227,-0.0760318211217808
39.2847,-0.126901981780598
39.3035,-0.106681551412606
39.3129,-0.0643418702236005
39.346,0.0499339929614919
39.3669,0.068589939887346
39.514,0.0585073826958862
39.6206,0.057077908974378
39.6443,-0.107297873284814
39.7943,-0.0635937588809767
39.8118,-0.124280177084358
39.9106,0.00663656023188253
39.9913,0.0722683750897843
39.992,-0.0763510702854404
40.0498,-0.119449136420613
40.0609,0.00787800795506399
40.1378,0.0223370286167324
40.1658,-0.100132295445441
40.1733,-0.0720259931036011
40.3713,-0.061162153987155
40.3974,-0.132557779426548
40.5406,-0.13317040243836
40.591,-0.114355703629201
40.6053,-0.0973955572685199
40.6549,-0.0136125918801255
40.7603,0.0344839750890316
40.774,0.0782339118564508
40.8969,0.0647266617642543
41.0503,0.0668239677227476
41.0584,0.0465281215051121
41.0646,0.0745018423615349
41.2226,0.0947142754744519
41.3837,0.0935451131078011
41.4229,0.0753769371911517
41.4432,0.069550972816053
41.4679,0.073217685629885
41.512,0.0726972945308404
41.5701,-0.104035691374008
41.6201,0.0843237085566315
41.6963,-0.0390817360546905
41.7134,0.0175361569087116
41.7209,0.0913638473712695
41.8835,0.0940323853977318
41.9343,0.0324910820452828
42.099,0.0516822306816778
42.1736,0.0789962315285138
42.1764,-0.116652044354858
42.1852,0.0896238890303422
42.1926,-0.0875708532070476
42.2053,-0.114108698194173
42.3928,0.0584196008032905
42.4224,0.0639437861440229
42.4982,0.082685902605995
42.5005,-0.11916813830026
42.5029,-0.1303233536253
42.562,0.0951088252132379
42.5756,0.0979579870442606
42.5904,-0.0595950023314842
42.668,-0.122832188893895
42.7471,-0.099210916628202
42.9369,0.0702661290650823
43.0487,0.0596012211456127
43.1387,0.0952301457725326
43.1968,0.0903567831620933
43.2293,-0.124644208109153
43.3125,-0.00398536650690318
43.4198,0.0866605612344458
43.4246,-0.0861253597085962
43.4556,0.0946739171367028
43.5084,-0.156036750693943
43.5605,0.0981492795758356
43.5912,-0.0282585251309371
43.5929,-0.0807006328165016
43.6164,0.0973626886528649
43.6496,0.00859668335681363
43.6625,-0.0669318577660718
43.6832,-0.117972311366678
43.7796,0.100744018494282
44.0008,0.00475713214088103
44.0275,0.0281731458940939
44.0701,-0.0524893914559499
44.0865,0.0291344442994301
44.1442,-0.0424828961179315
44.1845,0.00898266973594275
44.286,0.101972319661236
44.3499,-0.064020436462279
44.3628,0.0312710660777853
44.4878,-0.129733449690747
44.5277,-0.131540765438785
44.5418,0.0625801418378487
44.5657,0.0936340481335804
44.5766,-0.135236887551891
44.623,-0.130599028047968
44.684,0.0907473402576642
44.759,-0.0356282688756053
44.7673,-0.134835608915317
44.8043,-0.125363921509582
44.8558,-0.110015986288126
44.9795,0.0478701550256915
45.066,-0.080796988558177
45.2674,0.0549931044303094
45.3441,-0.141450184641968
45.3474,0.0737777447705312
45.493,-0.138186121248104
45.5319,0.101393042953639
45.5867,0.0858312640037582
45.6935,-0.019461970173559
45.8863,-0.110990363888092
46.0557,0.100786709257186
46.3929,0.0405607178390426
46.4254,0.0707940817284296
46.5963,0.107289691673607
46.61,0.0510072559440573
46.6128,-0.131511906504308
46.6738,-0.00165263102747559
46.7512,0.0699251849009386
46.7754,0.0565964974399904
46.7891,0.106638590114585
46.7898,-0.0510517718457493
46.8144,-0.139547887540701
46.8406,0.0788306031828938
46.8505,0.10434851982491
46.8556,-0.140118882744176
46.9259,-0.12073259178969
47.1122,0.0367953663182163
47.1242,-0.108154706712313
47.1553,0.104172232493354
47.2137,0.108514445790128
47.2433,0.0837025480658156
47.281,-0.114763629747131
47.3316,-0.141960395056032
47.3902,0.0893191404738616
47.4087,0.022568606456538
47.4158,0.00665054037360591
47.6709,-0.0490919126061229
47.7266,0.0222142320875633
47.7572,0.084907624966597
47.7633,-0.0527784165835712
47.8171,0.101311847196165
47.8171,0.0772197737802998
47.8481,0.0872689760942933
47.8715,-0.0403322515407112
48.0055,0.00492489578930133
48.0645,0.0987621794415503
48.1009,0.111106370845562
48.3056,-0.146051455831397
48.3217,-0.020934297982123
48.3579,0.0143144279645711
48.3728,-0.13639817818882
48.3819,0.0592161389919141
48.3889,0.107263961977281
48.452,-0.046144621039474
48.4581,-0.0896687572199184
48.4967,-0.118516033948346
48.4994,0.0207645975899737
48.6039,-0.00101054891183594
48.6262,-0.0330102015472065
48.6314,0.111948973514806
48.6579,0.0593687131948357
48.6648,-0.0556997722383699
48.6821,-0.125201554442391
48.6976,0.112019562847813
48.706,-0.0782148648524128
48.7248,0.112149213972835
48.7496,-0.0671612599927585
48.7861,-0.0562579000442938
48.8213,0.087036873859283
48.8314,-0.00324309040303206
48.8481,0.109837924473226
48.8651,0.110018591468716
49.0323,-0.0864169305223612
49.0988,0.0772173620493746
49.1575,0.0618554276566741
49.1908,-0.139511374981453
49.2835,0.11080564214339
49.3907,0.0560777598426085
49.4396,0.0354136246543533
49.4568,-0.115169995085481
49.4762,-0.0764989446050706
49.4979,-0.0202654646167062
49.5171,0.113465010321306
49.5403,0.090006045947078
49.5939,0.113014443863484
49.6101,0.0466656578331097
49.67,0.114416782011929
49.7507,0.0863015458365126
49.7536,0.11451019276825
49.798,-0.00666402907645391
49.8785,0.114671275679179
50.0334,0.114422198981359
50.0764,-0.0380185632154806
50.0832,0.104919038585848
50.1453,0.0431169335405244
50.1685,0.110781107773278
50.2,-0.0191136189388459
50.3325,0.115220443726081
50.6718,-0.108526591892378
50.7576,-0.149330960832053
50.7927,0.101988655117793
50.8509,-0.0518474042903136
50.9266,0.0505225386616743
50.9494,0.114814676507585
51.0052,0.0899801556704389
51.0627,0.0973265668849379
51.1436,-0.109210490802653
51.1884,0.0676665125348279
51.1897,0.0429887168920544
51.2037,0.0179202675401058
51.2134,-0.157487935224182
51.2134,-0.132669356979008
51.4268,0.0256923211637243
51.4673,0.118469967581333
51.4934,0.0939975159752109
51.4938,0.0810358940466926
51.5142,0.11691508534885
51.5275,-0.0099701851583518
51.538,0.100411376473446
51.5971,0.0986952785554607
51.6043,-0.151656778153047
51.6271,0.104066170640962
51.6691,0.118916552041
51.6746,0.118696294858339
51.8836,-0.0841484787651936
51.9688,-0.172774103743961
51.9975,0.117675080917884
52.0111,0.119906988322853
52.1505,-0.0654952890053551
52.1573,0.115808861393894
52.158,-0.118383436722148
52.1842,-0.161377245682196
52.2378,-0.0375538317394444
52.249,0.120457414468589
52.2728,0.119501858486856
52.3706,-0.0931040863479495
52.418,-0.163913375934825
52.421,0.108495320955875
52.487,0.0328236852431374
52.5045,-0.15155978855968
52.5081,-0.152034989005855
52.5249,0.120909207256403
52.5306,-0.145143382938691
52.5317,0.0500698039981344
52.5328,-0.112382743327842
52.5646,0.0736967424208146
52.5685,-0.0384425405806823
52.5837,-0.0528388168881975
52.5975,0.121251911437142
52.6234,0.11934076573089
52.6357,-0.140436169041877
52.6432,-0.172384621185969
52.6571,0.103321298130659
52.6836,0.102409494875367
52.743,-0.00741163231986519
52.7504,0.072367615819303
52.8532,0.121817709157014
52.8595,-0.114592287585047
52.8603,-0.156792351728313
52.8768,0.114969942714843
52.9115,-0.10085709244111
52.9743,-0.109109689658247
52.9805,0.122185174074126
52.9918,-0.0284320903283302
52.9947,-0.0701462055711985
53.0719,-0.162755116946684
53.1968,-0.160515505676386
53.1987,-0.097860582932924
53.3031,-0.147569169169884
53.3451,0.0137599269733286
53.3476,-0.0995916841885176
53.3874,0.104404847039362
53.417,-0.151675724434817
53.4261,-0.0825708541285621
53.4832,-0.0764078258634697
53.5124,-0.0379221023326934
53.5181,-0.109123182504597
53.5535,-0.131147410039958
53.6628,0.0336501879848043
53.6745,0.117952187263008
53.6977,-0.179361837225684
53.7328,-0.126856993472764
53.7721,-0.0673638054021737
53.8379,-0.0787379091344533
53.874,0.114637404961414
53.9872,0.111722302361251
54.0357,0.0712561768194107
54.2205,-0.0840198641900329
54.2306,-0.154630484283402
54.4116,-0.150562523304664
54.4672,-0.174769403007886
54.4757,0.0539425301398495
54.4827,-0.0559848227499131
54.5198,0.101501256909373
54.5605,0.120577960121835
54.5929,-0.130943800932585
54.6573,-0.0595297675504511
54.6982,0.123334512042092
54.7087,-0.0071120522219843
54.7171,0.013621049332464
54.7496,-0.016189933647432
54.7658,-0.0503172616682122
54.7929,-0.184307089697739
54.8092,0.114763904735803
54.8094,0.0533011479415109
54.8299,0.0745217140118868
54.9002,-0.175377589432465
55.4254,-0.153786298104862
55.5176,0.128745558498466
55.5289,0.129163256027852
55.5885,0.12780388073184
55.5902,-0.0864851879347484
55.642,0.127082783687207
55.6778,-0.176057570560808
55.6861,-0.0475610771047172
55.7141,-0.0836112023022721
55.7671,-0.163797683900803
55.7689,0.129550222850611
55.7937,0.128643415846966
55.8936,-0.157720676542297
55.9435,-0.18001373782252
55.9471,-0.159941516253234
56.103,0.0584183035297841
56.1211,0.120336844498013
56.2044,-0.0464584630247273
56.2633,-0.0435162818372561
56.2939,0.0834167871204698
56.3036,-0.102918728284386
56.3222,0.0649730506865751
56.3585,-0.131577128138893
56.3769,0.12860806993401
56.3817,-0.106672966585144
56.4329,0.130033838860136
56.4705,-0.106537087434575
56.4876,0.0483643338732094
56.5195,0.131755370151538
56.6476,0.0379936384827175
56.6491,-0.161450496394849
56.6533,-0.15639327400806
56.7684,0.119390801636278
56.8259,-0.176890139344152
56.8344,0.132704128681333
56.8517,0.019145637977914
56.8719,0.0852123746415003
56.8743,-0.123192196945361
57.0052,-0.136536683133407
57.1694,0.133353472332864
57.1825,-0.111742339410114
57.227,0.132146602728149
57.3548,0.113936017339178
57.3916,0.097318879868034
57.415,0.109091187192433
57.4233,0.128336937474209
57.4317,0.13419502189155
57.4593,-0.0420765412754278
57.4944,0.134662720006958
57.5821,-0.0908158803746488
57.6279,0.073152410648099
57.6969,-0.0842654450150775
57.814,-0.17997230956356
57.842,-0.0265916673989182
57.8619,0.121974253796964
57.9861,-0.181128934270852
58.0283,-0.198209603274577
58.0636,0.117004332300816
58.1068,0.0473977474164116
58.1109,0.0661416079651431
58.253,-0.0859708369507217
58.3166,0.07746540676618
58.3495,0.131931116090307
58.5322,0.120262247595939
58.5476,-0.192301362821809
58.6184,-0.00488279440203598
58.6694,-0.0722906647814625
58.6729,0.127677490949594
58.7723,-0.123581852159177
58.7974,0.134759135061969
58.7978,0.0571983660849682
58.9054,0.137544405909793
58.9096,-0.0898092272593303
59.0256,0.138945218925173
59.0457,0.126110175872554
59.0921,-0.0915417257576863
59.1124,0.0379359919981255
59.1148,-0.191920743109272
59.1754,-0.17941695711162
59.1983,-0.197505968683259
59.3694,0.0949421950876967
59.4111,0.0377912777438496
59.4302,0.0500214316292968
59.5279,-0.215455459446332
59.588,0.14038597141144
59.6063,0.138973204480742
59.6461,-0.18981008920872
59.651,0.140078887624348
59.6551,-0.159778103577175
59.6805,-0.152825657134713
59.6921,0.0838678474313852
59.7049,-0.102048454691349
59.7187,-0.193978364914919
59.739,-0.21746711645325
59.7437,-0.00820887730647968
59.7806,0.128177233781059
59.8125,0.138145359044287
59.8398,0.0472476747732813
59.9989,-0.211832866300512
59.9994,0.139433864677329
60.0364,0.128836892212696
60.038,-0.0958318193130125
60.0779,-0.201691567880346
60.0872,0.142606855158476
60.2385,-0.149007544649784
60.2599,0.139915827499927
60.419,0.142532849894913
60.5163,0.0523178249195055
60.5349,0.0974379361347033
60.6013,-0.0437167488177579
60.6026,0.140749201139378
60.6035,0.140329420092584
60.6076,0.121616274427232
60.6988,0.144326586277536
60.7122,-0.200246346999933
60.7286,0.110858988804537
60.8393,-0.168166889465915
60.8547,-0.186634254396523
60.9155,-0.187209875516238
60.9415,0.141928621508029
60.9828,0.145647761366163
61.0497,0.00125059002784411
61.0503,-0.181705797169577
61.0669,0.143933859584926
61.1043,0.125439162441793
61.1182,0.0659860763800069
61.1344,-0.146213328817467
61.1362,-0.206270500674428
61.1642,0.0223594092083701
61.1706,-0.193231937414559
61.1712,0.0838799758530158
61.2515,-0.185641231336731
61.3689,0.11577002316438
61.4004,-0.196107560511429
61.4137,-0.208542159416652
61.4278,0.0795721230982593
61.4566,-0.209299748701646
61.5738,-0.0279300622377363
61.5923,0.105857592656953
61.6173,-0.140167278647453
61.62,0.146812744073578
61.6319,-0.207680263832465
61.6485,0.102145161978989
61.675,0.141282949081237
61.6824,0.142496244450413
61.7142,0.050089378956784
61.7494,-0.188708198832707
61.8716,0.12232091664491
61.8772,0.003709298620862
61.9704,0.145250878231295
61.9913,-0.052660847993252
62.0083,-0.227102350984026
62.0244,-0.212145751039721
62.0387,-0.161641107988409
62.1774,-0.203342929202392
62.1806,-0.215796233153256
62.3532,0.150464938650593
62.3686,-0.0414665481622194
62.4148,-0.174713936484643
62.4575,0.144343809569079
62.4709,-0.180539993502457
62.4816,-0.0731883129919595
62.4825,-0.0660906772870149
62.4938,-0.0661635299608534
62.5006,0.0678230037225021
62.6119,-0.205811990582049
62.6303,0.0245753853597677
62.6471,-0.0719586927690017
62.6875,-0.0802181722054769
62.6959,-0.119113674090251
62.6972,0.01595093558511
62.9387,-0.211466524454707
62.9433,0.0660748155089479
62.9613,-0.023778004418709
62.9674,0.149938454073002
62.9937,-0.189359920075567
63.0437,0.00639015674288856
63.065,0.152183088682804
63.1477,0.131623994145301
63.1697,-0.0727907518799356
63.1955,-0.151873260307958
63.3367,0.103161390420297
63.3917,0.122407681890834
63.3918,-0.207754583865494
63.4097,0.146702103544406
63.4576,0.146882147993907
63.5273,-0.16730785989256
63.5395,0.15463833064279
63.6016,0.0505693618234062
63.6042,0.116035574486979
63.662,0.0895367807531358
63.6885,-0.0680530551787371
63.748,-0.0400555101062423
63.7568,0.0713185508115473
63.8656,0.145401508527449
63.9621,0.0820223583631048
63.9704,-0.210397204446949
63.9809,0.14774330353773
63.9847,0.140032492831224
63.9954,-0.199002212475868
64.1259,0.154368930787804
64.1723,0.145161109243091
64.2273,0.138910645631626
64.263,0.153320519456258
64.2939,-0.153568880051012
64.3259,0.0814880299604965
64.3426,0.0819625895397422
64.3459,0.0818328075022805
64.3796,0.0937740645509137
64.416,0.135507591951537
64.4413,-0.132075005513585
64.6813,0.133743626129473
64.7421,0.124994406962855
64.7747,-0.0966085465703799
64.8438,0.139466297433714
64.8579,0.0833016225500813
64.8982,0.149773032315295
64.9428,0.146716551324459
65.0935,-0.217529441940457
65.1138,0.15425001798431
65.1806,0.143271031079394
65.2567,0.15094264236275
65.3608,0.0129977477063647
65.3988,0.159462224761441
65.4269,-0.241098263630036
65.4528,-0.108299592906647
65.5221,-0.04782115131853
65.5442,0.107200909568888
65.5552,0.145248493920718
65.6423,-0.0967620700041891
65.66,0.0864193359192029
65.7178,0.0428071993922572
65.7222,-0.238943906109824
65.728,0.159606750922435
65.7364,0.156159910115278
65.743,-0.233240985242574
65.7501,-0.0700562661119477
65.8056,0.0880839981151951
65.8268,-0.207819546012672
65.8701,-0.0362513270796256
65.871,-0.0281972769518717
65.8861,0.129765435834258
65.9054,0.139768758869636
65.9143,0.0423929835640422
65.9445,0.159072560692366
65.9882,-0.118407982269972
66.0314,0.160814194378517
66.0593,-0.239713246747954
66.0957,-0.128276322684684
66.2109,0.147085128122427
66.2166,0.159958438698254
66.2362,-0.241193998358924
66.2455,0.0981024558078758
66.2462,-0.124059296278816
66.3036,0.148057054377091
66.3396,0.0368449195327401
66.3503,-0.233063258156378
66.4379,-0.224371957547064
66.4701,0.0078546673943265
66.4817,0.1575391704244
66.4955,-0.0862720586607253
66.5077,0.127508653239474
66.5171,-0.18472805879459
66.5363,0.0587800136943883
66.5372,-0.162785323100238
66.6084,0.157816482995926
66.6733,0.0302525740224979
66.6746,0.162824776586476
66.7149,-0.0114722991490055
66.7563,0.157190926123562
66.7738,0.0234047755883182
66.7991,-0.00297828261375344
66.8203,-0.249711126898063
66.9092,-0.22633463093625
66.9153,-0.139466635970308
66.9526,0.162712649349828
66.9598,-0.250542400571362
66.9819,0.118109319300956
66.9901,0.166522553370669
67.0048,-0.212346811495195
67.2769,-0.211855843502192
67.3058,0.0203332850361306
67.3204,0.0116116359840532
67.3206,-0.177319166640871
67.415,0.149222658839264
67.4201,0.167238121705338
67.5125,-0.09932687388158
67.5406,-0.187994367446052
67.5936,0.144663202447703
67.5964,-0.154645072346241
67.6353,-0.208656470210812
67.6436,-0.231858605969151
67.7354,-0.0229282105263167
67.7601,-0.222938825725251
67.801,-0.244195494111935
67.8068,-0.223499872796197
67.828,0.0943964793023753
67.8593,-0.171452594831877
68.0385,-0.0949815726978187
68.1227,-0.257214594179032
68.1361,0.0660886195239243
68.1653,0.117940444389532
68.2485,0.15824333739819
68.2637,0.168074848467086
68.2903,0.15030261384473
68.546,0.0526835273454083
68.5621,-0.155948602431494
68.5688,0.133419269577558
68.5753,0.113845868030481
68.6041,0.158672571496353
68.615,0.0580149291031518
68.6168,0.172360677652733
68.6868,-0.0786652978680848
68.7504,0.0250952858090017
68.856,0.112627128996351
68.919,0.159886473830227
68.924,-0.24824101057095
68.9741,0.172877622552335
69.105,0.173112351635965
69.1541,0.144342586500727
69.1802,0.0901774276012901
69.185,-0.238159850512602
69.2005,-0.167732035160626
69.2256,-0.233752754780937
69.2312,0.168300057462773
69.2481,-0.224192804472963
69.2643,0.152199502890781
69.2871,0.170268878229621
69.2925,0.155764642821339
69.2957,-0.220117876360518
69.3003,-0.238986276779286
69.3396,-0.24414060006697
69.3565,-0.190955133332324
69.412,0.168093757523891
69.4939,-0.10193961802112
69.5033,0.167858892729896
69.6318,0.025212856463952
69.7043,0.102244207079792
69.7244,-0.251869223529738
69.7257,0.145030588450538
69.7487,-0.0901714635771782
69.7495,-0.0992939308622312
69.7557,0.0442348019176819
69.7944,0.168356291868804
69.9013,-0.234513303672927
69.9568,-0.0516706770342239
69.9685,-0.140912501376903
69.979,0.0474151363021065
70.0036,-0.00309814605512315
70.0406,-0.175326558076449
70.1575,0.175627317444238
70.175,-0.143864713820406
70.1765,-0.255428176964898
70.1967,0.174575540663767
70.1987,-0.201518962764183
70.2074,-0.20658167177389
70.2397,0.091369962970461
70.2446,0.0770694752830394
70.2677,0.178418006334866
70.2875,-0.0156800311458767
70.2938,-0.130271417913676
70.3016,-0.170609849405281
70.3092,-0.26509244210952
70.318,0.165706631023411
70.3934,0.158136805960211
70.4518,0.059540690746104
70.4559,0.153402137891362
70.5254,-0.155414084436643
70.5687,-0.263793766945355
70.598,0.135559342205767
70.6072,0.158617808907877
70.6637,-0.0637231803753622
70.6806,-0.102457265457033
70.6866,0.163191279933258
70.8765,0.170761433314041
70.9606,0.16631592527726
71.0525,0.178678602957106
71.1241,-0.186858569809118
71.1447,0.0918507487470492
71.2003,-0.0586488071661506
71.2962,0.0154671485045696
71.2968,-0.240444847186779
71.3062,-0.114991482442605
71.3118,-0.179980009265975
71.3767,-0.258834379217689
71.3843,-0.143957776749602
71.3872,0.0473665124784333
71.4416,0.182673364613407
71.5105,-0.188270472679349
71.5283,0.0240938631001626
71.5294,0.168529715618376
71.5591,-0.273099722080261
71.5662,0.0860810346896272
71.5767,-0.00742826971121247
71.5842,-0.0393160967035868
71.59,0.181145011469738
71.5902,0.0312862289385691
71.6436,0.165432083477214
71.6524,-0.235257743241434
71.6538,-0.18225011158593
71.7085,0.175592262340771
71.7544,0.176153913505132
71.7877,-0.176237566673038
71.8407,-0.243857148940634
71.8419,0.18086105180906
71.9891,0.0589228267381685
71.9981,0.0417584266993032
72.0875,0.0715545596153362
72.0897,0.166373398449252
72.1016,-0.248601725072959
72.1029,0.15117765445784
72.1526,0.0821745357501129
72.2489,0.0316927728699881
72.2955,0.000372827991569125
72.3512,0.159017905215677
72.3803,-0.266943230484301
72.4023,0.106410160013652
72.4315,0.0135980957485629
72.452,-0.221945385665052
72.4646,0.170205854613059
72.4825,0.186694545604254
72.5084,0.0356401521423777
72.5352,-0.280887071211126
72.5465,-0.261209531864836
72.5709,-0.217685078740615
72.591,0.143325498613549
72.6654,-0.271282756371562
72.6809,-0.0724505357567011
72.711,0.152591300403301
72.7477,-0.0628137700341966
72.7792,-0.0773335059852798
72.7801,-0.279635489992785
72.7833,-0.100464083975567
72.7893,-0.269021635742533
72.8419,-0.129820416535168
72.858,-0.276773929937335
72.8806,0.0518385247311244
72.9048,0.168699177728357
72.9351,0.189626990236277
72.9685,0.174361319912052
72.9874,0.188700817278004
72.9882,-0.242409784750649
73.0951,0.186733770526089
73.1717,-0.272673630994888
73.2007,0.177704970379963
73.222,0.03743594656396
73.2352,-0.0833996340296892
73.2655,0.0756772904561274
73.2907,0.178976674629268
73.3247,-0.108331511306417
73.3634,-0.261975858322117
73.4575,0.133805560533517
73.541,-0.128395409518106
73.6053,0.0707958870446674
73.6189,-0.214280463963391
73.6358,0.100921573905751
73.6716,0.135381715419413
73.6827,0.0683774833827329
73.7673,-0.264372917879854
73.7717,0.160267486878098
73.857,-0.12712172250987
73.9728,0.191877038239937
73.9829,0.114998889180868
74.0672,0.194434894830948
74.0865,-0.00259443508893753
74.0918,0.173135522511146
74.11,0.179233773925404
74.1208,0.0158796775233156
74.1737,-0.219853565706842
74.1925,-0.0950222852396365
74.2023,-0.233191612854952
74.2184,0.185361874267969
74.2578,-0.274340503503851
74.2861,0.131008861377623
74.2933,-0.273552580694414
74.3337,-0.13705532745756
74.3392,0.0270740867367749
74.3482,-0.198370990384092
74.4688,-0.282799528157284
74.4755,-0.15411277461159
74.4923,0.141979260658772
74.498,0.0110193071645597
74.6048,-0.176391039902015
74.6454,0.10918541295392
74.6533,0.158540676381563
74.6576,0.169076480151574
74.6654,-0.166351277581839
74.7133,0.176395596452224
74.7456,-0.190730436855503
74.7793,0.147562544359047
74.8438,0.160403216657571
74.8452,0.13146820067729
74.8885,0.081009252632029
74.9224,0.193190695168767
74.9231,-0.201779714068806
74.9356,-0.240101513679804
74.9381,-0.0551413372401441
75.009,-0.234875683950065
75.0231,-0.273845533357274
75.0496,0.182338668979853
75.0605,0.179748679257656
75.0638,0.134573350365869
75.0678,0.166295791767865
75.0865,0.17695325790298
75.0883,-0.272727965721131
75.1663,0.174231736774459
75.202,-0.294766628937083
75.3018,-0.172894650555818
75.3093,-0.149011317404529
75.3276,0.00664572390972751
75.3537,-0.174715052359176
75.3748,-0.250718899745692
75.3804,-0.252550046296662
75.3849,0.191985921396252
75.4093,0.184480914544068
75.5207,0.0954865491289638
75.5219,-0.275082114467736
75.5525,0.200658856860912
75.5631,0.200860582797517
75.6621,-0.126248849492114
75.7537,0.191021674273401
75.7729,0.201764609916196
75.8146,-0.278537904342585
75.8445,0.190740110203109
75.8717,0.0503843607796171
75.8858,-0.291622092461893
75.9139,0.115809568748091
75.919,-0.234500870952616
75.9721,0.0229269492929944
76.0007,0.171742773656035
76.0043,0.168008002724548
76.0199,0.165559119346568
76.0724,-0.0369241573699384
76.0817,-0.158438801690082
76.182,-0.205015402722225
76.1916,-0.194262768360005
76.1958,-0.277346503394725
76.2624,-0.0695021119761492
76.3019,-0.267127808822764
76.3518,0.0943322282164445
76.3647,-0.159905330799035
76.3821,-0.288071906412299
76.4825,0.166385338587645
76.6229,0.195269700418393
76.6343,0.183933434745626
76.6568,0.12529894428107
76.7332,0.196442258552551
76.7627,0.183610654694704
76.7812,-0.294848468917891
76.9148,0.204419227071526
76.9234,0.204980497370101
76.9558,-0.107640298519186
77.0538,0.182691343920439
77.0722,0.193455311289441
77.099,-0.253647447342388
77.1514,0.00446715514532059
77.2176,-0.287976071381848
77.2812,0.204095013135941
77.3152,0.155966877670352
77.3833,-0.110786740897993
77.4341,-0.294139267323786
77.4594,0.042321614365278
77.4808,-0.172626994328994
77.4953,-0.29986440053635
77.5116,-0.0651086526713414
77.5628,0.130120922328317
77.5655,0.175110030089925
77.586,0.103717100332872
77.6853,-0.135251297530758
77.7103,0.109353441595687
77.8519,0.188744351725632
77.9397,0.0803192786691937
77.9436,0.204078404228952
77.9677,0.137661415806747
78.0048,-0.30503843687238
78.0414,0.19530841073319
78.0504,-0.277218350878556
78.056,0.2048333478579
78.0837,0.0911216574642566
78.0908,0.203287397351602
78.092,0.197773361823778
78.2444,-0.0972832145043867
78.2941,0.0219637866266993
78.3023,-0.292966898727713
78.3029,0.153045718106981
78.3106,0.16153237755951
78.3375,0.0372958403697226
78.3407,0.178007922132466
78.3794,-0.292594661225237
78.3846,0.178033498914786
78.4206,-0.142477079999054
78.4424,0.177526926975162
78.4554,0.141302139075108
78.5905,0.212808317626994
78.5979,0.212808575941906
78.6134,0.143225726276142
78.6167,-0.187965491765382
78.6226,-0.307967538519293
78.6645,-0.202194610916266
78.7328,0.206843980616995
78.7535,-0.233071036230697
78.759,0.167357241825414
78.7705,-0.214152356045588
78.7728,-0.161891679415248
78.7813,-0.236035725064383
78.8141,-0.0944091660104078
78.8196,0.213592743473541
78.8583,-0.112896604471928
78.8924,0.183061770579798
78.9,0.0535397222379146
78.9233,-0.248665417483693
78.9741,-0.0520886202990312
78.9949,-0.136649969195531
78.9952,-0.240277375718534
79.0005,0.202826657986876
79.0103,0.186002955139784
79.0143,0.214235475089495
79.0173,0.145114700203209
79.1068,-0.254693217902897
79.1108,0.213206966843117
79.1698,0.185220853194892
79.1861,-0.161717938240955
79.2093,-0.00392546807364624
79.2256,0.192404988702108
79.2583,0.103324120530175
79.2947,0.194856802675957
79.342,-0.0453499472892389
79.3694,0.183542958364399
79.4025,-0.0781259925282427
79.4695,0.195376343510773
79.4757,0.1797510188469
79.5052,-0.104673101737177
79.5937,0.206773111481297
79.5949,0.178457811267535
79.6032,-0.293101073191181
79.6389,-0.315496073707607
79.6575,0.0399313939269632
79.7157,0.129945769043118
79.7377,0.196678905328653
79.7757,0.196019601955754
79.7875,-0.0814278308198055
79.8025,0.00771887675689698
79.8142,-0.236166144159299
79.8411,0.190731540898895
79.8604,-0.0903211789828759
79.8809,-0.31836612366979
79.9545,-0.274143055017987
79.9627,0.0668222639129255
79.9661,-0.291251709049448
79.9994,0.0977409554986082
80.0401,0.211973668788076
80.063,-0.283097121698646
80.0646,0.104266189030739
80.1169,-0.0902635589680187
80.1219,0.204046482764767
80.1599,-0.133259303161552
80.1677,0.111838883703911
80.1988,-0.295344909286328
80.2348,0.22083819269686
80.3057,-0.252417395990236
80.3386,-0.149374105371876
80.3586,0.163618271439503
80.3643,-0.161094416104703
80.3959,-0.214137734084844
80.3967,0.098342332397138
80.417,-0.301182546095745
80.4669,-0.320493081849733
80.5535,0.219833438747145
80.56,-0.17702906112099
80.62,-0.24637982075356
80.6445,-0.202030087972332
80.6518,-0.128270218586607
80.6624,0.218403698610757
80.6715,-0.220199976407528
80.6912,-0.122638878483812
80.7386,-0.322159926372393
80.7795,-0.31742995741574
80.8074,-0.177596670222698
80.8267,-0.256961837521899
80.8359,0.203367722691112
80.8563,-0.192415565796765
80.8732,0.213826288231004
80.9089,-0.313673636444477
80.914,0.190576871530098
80.9802,-0.295424853077776
80.9822,0.124673480848116
81.0008,0.124769532361199
81.0082,0.202107598107133
81.0135,-0.0217691568678333
81.0156,0.14403633337254
81.0509,0.0913323451998167
81.0515,0.216560633139622
81.1169,0.00136489414073537
81.1214,-0.301340412666292
81.1352,-0.293901307927428
81.1366,-0.297482677758993
81.1408,-0.159847009787384
81.1614,-0.131434676192214
81.1977,-0.311232770313168
81.1983,-0.0905410973852838
81.3464,0.183787037584111
81.3508,-0.319625386231095
81.3517,0.225859463456047
81.4679,-0.120184636553006
81.4855,-0.323541650410476
81.5259,0.199965697648565
81.5463,0.220807496532274
81.5493,0.0859801189440361
81.6078,-0.325111437883265
81.6306,-0.0280896704041567
81.6313,0.223190899531474
81.6551,0.165486373251767
81.7177,0.211646491902641
81.7298,-0.13891409888717
81.7392,0.0806080693964333
81.7564,-0.273298969160535
81.7827,-0.326337253150371
81.8318,0.189889282332643
81.8621,-0.0908719411193744
81.9114,0.126062799140186
81.9481,0.190087524392339
81.9573,0.218511749560918
82.0386,0.220838874036616
82.0478,-0.201746506222847
82.0678,0.192045229072761
82.0784,0.219130087291376
82.079,0.153968019023068
82.0812,-0.040444838041779
82.1082,0.151754214765006
82.1321,0.224217622802328
82.1395,0.179544846466541
82.1454,0.213271045918447
82.1538,0.170145397903639
82.1557,0.227876460943605
82.1616,0.210826961490852
82.2041,-0.0938338320377028
82.223,-0.152942854518301
82.2909,-0.255071694352651
82.2909,0.203896282586371
82.3195,0.182796258566782
82.3358,0.0807547030770763
82.3711,-0.311635308397854
82.4145,0.197755675497675
82.4572,0.193703127158031
82.5008,0.144077030602531
82.5563,-0.128086921390377
82.6257,0.224493508185688
82.6438,0.187241524342042
82.644,-0.0457276679317857
82.6949,-0.302648548903903
82.709,0.157476555500224
82.7249,-0.195584287906414
82.7281,-0.331644272485107
82.7549,0.209709148695509
82.7725,0.0927160832175673
82.7785,-0.116953662673041
82.8337,0.188089850735636
82.8482,0.232400293719095
82.912,-0.269796780315616
82.9551,-0.236899292859491
83.038,-0.276188805650506
83.0776,-0.178173116912788
83.1077,-0.0789070518183905
83.1478,0.206429722046224
83.1653,0.208771738704726
83.1762,-0.137188863172526
83.2754,-0.232104078419439
83.2836,0.217548402424001
83.3344,0.189536502570633
83.3505,0.0551282734468685
83.4551,-0.0156102547234127
83.4618,0.120166315879658
83.4859,-0.0523762232240728
83.5213,-0.332189345774523
83.5304,0.161243505862387
83.5332,0.1699214625406
83.5478,-0.307333111768202
83.5778,0.197918316504087
83.6073,0.0854255834678384
83.612,-0.253003226873247
83.6298,0.219745978393064
83.6472,0.229667141288459
83.6842,0.0888215313079428
83.7357,-0.289608248307616
83.7575,0.201388442910826
83.7757,-0.178635673582448
83.8081,0.238491396679308
83.8282,-0.0394540560617287
83.88,0.221633398111962
83.8984,0.0378894248482453
83.9245,0.0424982138325589
83.9943,0.0252730953526878
84.0715,0.230095675878744
84.092,0.189943873805802
84.1446,-0.262379647732601
84.1497,0.237767148656957
84.1685,0.194461914248024
84.1767,-0.197059892934405
84.2608,-0.0618096388241867
84.273,0.220948927070282
84.2941,0.156692491405778
84.3012,0.237174518806583
84.3571,-0.0198784875300504
84.4162,-0.309442797068712
84.4199,0.0956541199469854
84.4571,0.0847215397693333
84.4599,-0.340361295217619
84.4764,-0.345941805051694
84.4767,0.220683939127298
84.4891,0.0404213579618755
84.5141,-0.132926994699361
84.5396,0.0390022021462357
84.5616,0.205503061041483
84.5915,-0.259192771867049
84.6509,-0.21435667253229
84.6842,0.136885894703781
84.699,-0.0848726722721693
84.7044,-0.315169569804524
84.7149,-0.0993109378412242
84.7314,-0.339870183583955
84.7445,0.165821205966765
84.8141,0.244074663108407
84.8766,0.191387946351441
84.9226,0.172796519872321
84.932,-0.156521208213846
84.9326,0.223150348381182
84.9715,0.202270425360695
84.9849,0.236678495511512
85.002,-0.0650888386119846
85.099,0.191369814078811
85.118,-0.0675844708779465
85.1347,0.212265667454858
85.174,0.179547826864123
85.1901,0.185784313689709
85.2436,0.235660944682891
85.2465,-0.345157063676638
85.2657,-0.169235082560618
85.2686,0.104693473550157
85.346,0.156785301545497
85.3484,-0.175524791024671
85.4149,0.229339832027136
85.4397,-0.0888905903118058
85.4823,0.00175650685817175
85.5239,0.161779264022982
85.5259,0.170492177686825
85.5481,0.140033609267363
85.5683,0.205895601174021
85.595,-0.051541340038014
85.6807,0.202005508671064
85.6907,0.0237486154364319
85.7183,0.199980895284597
85.7387,-0.290701901342132
85.7548,0.167618092679959
85.8176,0.12088178645854
85.834,-0.104600633482363
85.8431,0.0992886547944209
85.8583,-0.130226505411713
85.9027,-0.15403393186584
85.9065,0.199435188514641
85.9072,-0.295134373423451
85.9164,0.240705838605109
85.9281,0.246409017753152
85.9361,0.113719600529848
85.9413,-0.309856440686318
86.0047,0.198760455371939
86.0305,0.22826749695632
86.0571,-0.300339174957259
86.0585,0.226031953696648
86.0625,0.19865477529315
86.0834,-0.207899836421404
86.1136,-0.302085813322833
86.1352,0.247330395682425
86.1612,0.199239611710425
86.1687,0.191083842357003
86.1794,0.0388748509664367
86.1974,-0.349487457666172
86.203,-0.311939611772615
86.2186,0.0205198912242679
86.2331,0.21207655499741
86.401,-0.20475289186605
86.4075,-0.357284900839517
86.4519,-0.26474445768973
86.4644,0.231467864870751
86.4784,0.187231607208901
86.4962,0.249588370158506
86.518,0.1677672918171
86.5225,0.244538920057622
86.5311,0.227082596162163
86.535,0.223376039206158
86.5505,0.245870159737962
86.6274,-0.210150265226702
86.6668,-0.334622518709978
86.6691,0.0330952878837536
86.6883,0.070173487232509
86.7179,0.135801164942251
86.7329,-0.288095470140448
86.74,0.24101035748771
86.7456,0.142638782220075
86.7652,0.200712651142894
86.77,-0.0504292698412314
86.779,0.184861664873907
86.8143,0.173430828031741
86.8409,0.215353145148754
86.8941,0.22984482448544
86.9163,0.251820982591283
86.9375,-0.309610523483755
87.0235,0.227559319451657
87.053,-0.228212743119968
87.0621,-0.0971935105982169
87.0925,0.204896264838467
87.1224,0.173388784427047
87.1754,0.122069984129666
87.1848,-0.138040934617067
87.2673,0.234938409982817
87.33,0.116090429614715
87.3829,0.01098338874381
87.3861,-0.149651786322124
87.3913,0.24611212669015
87.4273,-0.163596537488417
87.4622,0.252852518888119
87.4657,0.202413615390114
87.488,0.206563660198952
87.5101,-0.367454329658187
87.5247,0.207181421950054
87.544,0.217933740188627
87.5675,0.180463446230647
87.6846,0.202739103210064
87.6922,-0.336766227460089
87.6939,0.170999217891548
87.7051,-0.280770003147296
87.7445,-0.232357481613676
87.7473,0.00998407367008269
87.7642,0.128963726978867
87.773,0.184879004798404
87.7749,0.230584445054816
87.7781,0.207283578719171
87.7782,0.254062328191893
87.8141,0.125175407126889
87.8906,0.208608813974422
87.9916,0.020255802274491
88.0231,-0.135677455197822
88.0539,-0.0415848257130307
88.0554,0.220480215106292
88.0922,0.242205746296278
88.1198,-0.244162474657585
88.162,-0.104790765716885
88.1781,-0.352133803528162
88.1956,0.26156955806627
88.2815,-0.264970591399177
88.2968,0.257782022955254
88.2971,0.0990603941525023
88.3116,0.159930533411199
88.3541,-0.369201156300917
88.3981,-0.273862124764022
88.4877,-0.0989331841590086
88.4955,0.253830388768648
88.5081,-0.109411573219219
88.5335,-0.321089745345361
88.5336,0.0816895102391015
88.5438,0.109796296601701
88.5788,0.210714169183646
88.6438,0.115845097635216
88.6659,-0.375642437005325
88.6747,0.237365539774927
88.721,0.23566062300759
88.7382,-0.171779205255163
88.7783,-0.367335500103934
88.7932,-0.258114559978907
88.8186,-0.174488286131506
88.8203,-0.238345725971243
88.8229,-0.338671629934169
88.8503,0.174344468394636
88.8589,0.240670976942411
88.8689,0.257156298125039
88.9308,0.233824315733244
88.9394,0.261280680398954
88.9805,-0.362485698454577
88.9856,0.261484928070971
88.9945,0.259281727695438
89.0098,0.264171581038298
89.1106,0.0883515847620373
89.1113,0.220499406053605
89.1182,-0.237585054132026
89.1929,0.110097471311633
89.1965,-0.372189856257634
89.2482,0.198892809305136
89.2516,-0.267029495801992
89.2575,0.203727556514721
89.2578,0.200437489288802
89.2769,0.237664624287177
89.3005,0.0277481214825741
89.3155,0.163103462066658
89.3569,0.216176317355178
89.392,-0.191121804281394
89.4204,-0.314870740810591
89.4241,0.195719567798662
89.4279,0.211463408465193
89.4638,0.149722663076204
89.4894,-0.147348771215192
89.5629,0.196601157693209
89.5705,0.194732102979302
89.5761,0.015218268683455
89.5831,0.257644760336447
89.7022,0.0725514815243855
89.7029,0.26670081334963
89.709,0.259365895709863
89.7144,0.235374084444175
89.7292,0.232281865804623
89.7413,-0.155931526086235
89.7451,0.124015309927586
89.7948,-0.306884642284658
89.8592,0.149054911264372
89.8727,0.209348610809201
89.9209,0.134273526413196
89.9434,0.259002695862293
89.9744,-0.319159965916413
89.9766,-0.144269165485255
89.9935,-0.333019509340744
90.0358,-0.009662539490634
90.0796,0.255058243519542
90.1379,-0.212762972023427
90.1659,-0.171757904791519
90.1899,-0.0797655202220682
90.1936,0.18206664119441
90.2383,-0.296214542049725
90.2481,0.199202927745304
90.2581,-0.280417905628809
90.26,-0.371617661482659
90.2633,-0.385667143530597
90.2677,0.231341299792575
90.2806,0.06329590300804
90.2935,-0.31547471592188
90.3188,-0.300779450045482
90.3611,-0.341068721581735
90.3869,-0.271794127540943
90.4216,-0.237502940150705
90.4314,0.26450212328173
90.47,-0.319120192588244
90.4969,-0.385509527686878
90.5175,-0.379140463609545
90.5202,-0.288259986601119
90.5478,-0.190765955437044
90.5579,-0.38821737992005
90.5774,0.220314392699208
90.6504,-0.339149891640048
90.6865,0.118780145666875
90.7217,0.0612094591222245
90.7638,0.255224787442557
90.7704,0.0617394270515632
90.7733,0.211769735688918
90.7867,0.150823888222305
90.8057,0.224184310020732
90.8219,-0.385433757357703
90.8315,-0.299066497868807
90.868,0.123021085294795
90.8806,-0.390641645824445
90.9525,0.257756333872265
90.9693,0.192309157759937
90.9816,0.19646298293118
91.0676,0.21941627154068
91.0722,0.0457461146268514
91.1177,-0.296899748612333
91.1605,0.274312014303291
91.1618,-0.394093342447718
91.1742,0.203975020652109
91.1861,0.137046727921074
91.1924,0.0559962636192637
91.1958,-0.34469922547656
91.2879,-0.050073822412287
91.3075,0.210992680484637
91.381,-0.354723120667344
91.4036,0.253025956601448
91.4145,-0.322016831988918
91.4362,0.211941603389221
91.4744,0.271686917958732
91.5006,0.0978540579873197
91.5338,-0.115521137141457
91.5466,-0.162669535843591
91.5862,0.237888797286175
91.6188,0.255498229422017
91.6427,0.223163322113166
91.668,0.111027443361351
91.6687,0.00544967497573623
91.7588,-0.166403537835365
91.8057,0.277821436125009
91.8298,-0.210815078539696
91.8366,0.0159168195214363
91.8605,0.127150632608121
91.8982,-0.391741725942055
91.9085,0.28142273624762
91.9308,-0.3905110733957
91.9448,-0.249979615159063
91.9527,0.1373488694326
91.9684,-0.290655685012879
91.9776,0.199720820609627
91.9975,0.279622431103817
91.999,0.0689484789680108
92.0342,0.18416341225516
92.0816,-0.0611280456342627
92.0925,0.237257108041533
92.1126,0.229869463352429
92.1263,-0.0366214443339743
92.22,0.230979050039167
92.2389,-0.39231565788522
92.2577,-0.182019674454168
92.3376,0.209738288201336
92.3643,-0.0442197558163144
92.399,0.0991842321535614
92.4471,0.16866125670154
92.5234,-0.103676976263998
92.5288,0.226439553376096
92.5736,-0.27303009287796
92.5809,-0.379005137871872
92.61,-0.366168371473194
92.6786,0.253973345786505
92.6883,0.129599692274027
92.7331,-0.243828832636297
92.7497,0.222505654820708
92.7509,-0.309127809092118
92.7915,0.274284884213728
92.7933,-0.348538948149184
92.835,0.283038991238939
92.8476,0.242379854310073
92.8669,-0.349374716380737
92.8806,-0.0334671796879746
92.8832,-0.291185349882781
92.8863,-0.298515973744145
92.9084,-0.339992506701464
92.9346,-0.263145322037417
92.9496,0.249229862119876
92.99,0.197283151162551
93.0869,-0.0672008134172444
93.1199,0.209417976783058
93.128,0.189502203689699
93.1635,0.134170359456235
93.1889,0.227718865491752
93.2117,0.255833744128793
93.2264,0.0695792648035649
93.2558,0.259966835171326
93.259,0.215590417169295
93.2634,0.170388144595009
93.3004,0.212084978317662
93.3147,0.22096593332374
93.3488,-0.386065797916999
93.369,-0.230529174534993
93.3761,0.260372151442823
93.3765,0.223161645853352
93.4038,-0.253545294522098
93.4098,-0.28804252058913
93.5555,-0.402904749670924
93.5794,-0.141620310449525
93.6204,-0.321107916497837
93.6231,-0.370861736515394
93.6406,0.281695723495574
93.6944,0.218944180879163
93.6989,-0.0492223778865934
93.7018,-0.363012079304028
93.725,-0.0594490439533644
93.7299,0.154561580011872
93.73,0.288934502410257
93.7302,0.217005846359811
93.7313,-0.134386501378287
93.7573,-0.389900429473855
93.7786,0.0459995181342805
93.8074,-0.214178336065274
93.8116,0.291981378335819
93.8261,0.247271824072413
93.84,-0.404664547607254
93.855,0.267382034313954
93.8551,-0.149778774252795
93.8806,-0.13751171103489
93.8994,-0.0583425263466069
93.9293,-0.325347636823977
93.9462,0.186464936846164
93.9501,0.115747101160238
93.958,-0.408967316351934
93.9627,-0.30154499766175
93.9967,-0.369037258420079
94.0294,0.283306591536615
94.045,0.18758780904237
94.0754,0.213983436680905
94.0863,-0.33687854877418
94.087,-0.287428582340155
94.1052,-0.344794763072883
94.1801,-0.287968681059382
94.2633,0.253011996644673
94.265,0.140743064658722
94.3084,-0.413309656325623
94.3299,-0.373912201797694
94.3879,0.190828600610274
94.4006,-0.327087173144562
94.4043,0.199278840391287
94.4092,-0.365578668298468
94.4324,-0.14738306448217
94.4652,-0.198956762052461
94.4861,0.226875716804884
94.4869,0.0902237603469729
94.5161,0.0373744518145003
94.5172,-0.144678867780712
94.5326,-0.399318691446595
94.5449,0.212444706335873
94.5503,0.224018684699288
94.5651,-0.236503591249289
94.5988,0.2832726615529
94.6465,-0.211482521349495
94.6678,0.293698843511464
94.7346,0.219959955823043
94.855,0.0717068365803897
94.8752,-0.328787418963159
94.8783,0.294914646450479
94.8935,0.295157984687492
94.8989,0.240409899320241
94.91,-0.380457321425084
94.9557,-0.401060697571921
95.0885,-0.281120791095603
95.1048,0.213881069903522
95.1243,0.296269319894208
95.1911,-0.294767494668321
95.1917,-0.407791209856256
95.2028,-0.0538641128823798
95.2058,0.112610845798542
95.231,-0.217165601699278
95.3788,0.0341501555060688
95.4341,0.134743378497177
95.4629,0.195886481292249
95.4764,0.283982728845572
95.5042,-0.426552154988073
95.5121,0.0193848652100144
95.5313,0.276946730582225
95.5325,0.183363710925548
95.5631,0.289329247708821
95.5734,0.137431462465628
95.6033,-0.396337404128801
95.6236,0.302285329416719
95.6257,0.276887047119018
95.627,-0.171859783691957
95.6606,0.228106899102372
95.7385,-0.412614314865678
95.7918,0.282081953306033
95.798,0.301227966240617
95.9922,-0.401974598736032
95.9931,0.0309962988081338
96.0031,0.282921126860941
96.0441,-0.417999304069895
96.0452,0.222737952239214
96.0487,0.248506533058617
96.0788,-0.224967674648624
96.1202,0.264240748259752
96.1743,0.224550987083248
96.1766,0.190266511668341
96.2224,0.222566807574822
96.2474,-0.340116812950811
96.2563,0.187918901424098
96.2651,0.303979781224143
96.2738,0.0224077321307874
96.2848,-0.300350053234482
96.2901,-0.416698526728382
96.3455,-0.0250901292655357
96.3656,-0.385061348311609
96.3887,-0.00497879280372615
96.4179,0.27528027904107
96.4186,-0.119695193866434
96.4578,0.304364832319166
96.4883,-0.430233353435426
96.5041,0.0310377178138594
96.5259,0.277793075530013
96.5972,0.271877617908288
96.6961,-0.294075697734016
96.7253,-0.370448706062149
96.7457,-0.331117432972022
96.7921,-0.0626147976898181
96.7982,0.292112411745919
96.8143,0.223779123030411
96.8429,0.22397322787954
96.8518,0.299556842374358
97.0195,0.0919259641413959
97.0432,0.256065583396364
97.0488,0.297286173834181
97.0549,0.304851932802308
97.0607,0.248127736356935
97.0817,0.218052424009457
97.0861,0.232084848555047
97.1059,0.230453792518389
97.1076,0.12813573890989
97.1269,0.213168265643219
97.1399,0.272347037346293
97.1763,0.310402571823261
97.1927,0.282493842222408
97.1957,0.265972355533208
97.2608,-0.0941370537823474
97.2969,0.254374485553839
97.3008,-0.427398199753839
97.3099,-0.310835669975305
97.3323,-0.107946673615089
97.3523,-0.109145484522472
97.3606,-0.374189275274645
97.3686,0.215344195613824
97.4134,-0.393277735176667
97.4228,-0.133244618552453
97.443,0.293761698320012
97.4921,-0.365645507337291
97.5567,-0.0855396638528418
97.5568,0.139499119201858
97.5646,-0.36183775728081
97.5662,-0.277481901429169
97.5825,-0.106489309092694
97.5984,-0.050309255837135
97.6167,0.293161848816609
97.626,0.17017828392575
97.6444,-0.325243781213118
97.6521,-0.398609681025121
97.6562,0.233004692213342
97.6703,0.313279539507917
97.69,0.287973226195774
97.7248,-0.43732752438703
97.8506,0.222927452607408
97.8603,0.226510651974024
97.9244,0.126538359867837
97.9502,0.264572364088281
97.9535,0.201156804350589
98.003,0.17589590476733
98.0627,-0.362516035510964
98.0823,0.222691210498894
98.0903,0.297489725668129
98.1257,0.300572094726817
98.1424,0.00172916409626112
98.1525,-0.170954953595682
98.17,0.301720244245601
98.19,0.317153715907637
98.2011,0.314540932103228
98.2055,0.225719631597713
98.2333,-0.0965255139537788
98.2938,0.053327958286701
98.3114,-0.205870144377641
98.3557,-0.0159317546732041
98.3591,0.0233195524149608
98.3664,-0.218436905803898
98.3697,-0.423410075301589
98.4032,0.0937840543625441
98.4076,0.318333260961623
98.4081,-0.00831075719393937
98.4251,0.128862112199926
98.4945,-0.438588757733115
98.51,0.279303119738998
98.5238,0.307947390124724
98.5295,0.237689106919134
98.5479,-0.448334503415822
98.5649,0.0881996528181048
98.5745,0.289833344073671
98.6145,-0.448617978777179
98.6515,0.235788759653161
98.6628,0.270413864058014
98.7084,-0.354966040258731
98.7448,-0.229444450439232
98.7648,0.24744149006861
98.7687,-0.4430690018646
98.8262,0.274580766826674
98.833,-0.369016046197785
98.8334,-0.417544766167836
98.8503,-0.220844768978353
98.8967,0.219827651575329
98.9183,0.0592850785814107
98.9433,-0.240378487667144
98.9434,-0.445328124055791
98.967,0.290354612125299
98.9852,-0.0849063180582874
99.014,0.296762240211123
99.0229,0.307785083204905
99.0401,-0.337633738953443
99.0798,0.31779255382807
99.1143,0.093150007180526
99.1421,-0.244524610080788
99.156,-0.0393185497743644
99.1784,0.115220127481919
99.1816,0.196265238810668
99.1991,0.230989328801925
99.2093,-0.379823856528816
99.2648,-0.204178584206389
99.266,-0.423371676948719
99.2998,-0.0674852053434449
99.3399,0.302311459377918
99.3754,0.0240532503091657
99.3909,-0.0890124117089215
99.3913,-0.453907971929667
99.4084,0.152878849371291
99.4124,0.030158417791128
99.4942,0.231278645058069
99.5292,0.280101120872985
99.5301,0.291890541662355
99.5447,-0.103578415980706
99.6275,0.210619087035283
99.646,-0.209758828886521
99.6943,0.0450233679760998
99.6968,0.310328800225079
99.7273,0.238510437863056
99.7439,0.320244364167763
99.7497,-0.389987059776118
99.7509,-0.199244190083547
99.8133,-0.328875987813731
99.8253,-0.399494605905318
99.8324,-0.181693053643073
99.836,-0.454358058724623
99.8957,0.200271421640167
99.9489,0.324642504865693
99.9579,0.238004790839412
99.9709,-0.452247839714374
99.9948,-0.3078396788231
