0.1349,-0.000143309612440495
0.1889,-0.000425925977133201
0.1929,-5.07724333975723e-05
0.2146,-8.79063730082341e-05
0.3496,-0.000557434762879672
0.3652,-0.000357786702025409
0.3867,-4.5772787623688e-05
0.397,-0.000772030248354094
0.4248,-0.000365901710267402
0.4338,-0.000334196249843377
0.467,-0.00111011484720075
0.5111,-0.00141696626366405
0.5121,-0.000979453946781783
0.5261,-0.00124444604882301
0.5341,-0.00111324161915316
0.5548,-0.00116319922668517
0.5642,-0.00155036086936899
0.587,-0.000193008297618369
0.5896,-0.000294831566049703
0.6294,0.000228776601702507
0.6314,-0.000384389109522876
0.6419,-0.00181008596974541
0.6524,-0.000789943372535018
0.6766,-0.00162782057839139
0.7036,-0.00118302809330095
0.7435,-0.00100594435905366
0.7688,-3.51458146011785e-05
0.8042,-0.0022578254878971
0.8079,-0.0022796685765587
0.8269,-0.0018562152801489
0.8305,-0.000724406308169834
0.8477,-0.00021421742428207
0.8616,-0.00220943192183853
0.8664,-0.00210452699275931
0.876,-0.00244068633870054
0.8941,-0.000839228884508048
0.9211,-0.00103240148348882
0.9237,0.000257669271370387
0.9359,-0.00242769111921926
0.9465,-0.00236903689069956
0.9606,-0.00271082750922558
0.9622,0.00031427341594048
0.9902,-0.00134714030715322
0.9908,-0.00139266489441081
0.9971,-0.00144704360751702
0.9972,-0.00218863657835866
1.0331,-0.000212256827506918
1.0379,-0.00147363656347488
1.0408,-0.00269189178037776
1.0537,-0.000700778918904854
1.0573,0.000131473659753079
1.0811,-2.64792590114471e-05
1.0817,-0.00252707900271565
1.1164,2.37468984425337e-05
1.12,-0.0002175607977426
1.127,-1.09459288604175e-05
1.1334,-0.00184006019556504
1.1364,-0.00186734198237559
1.1488,-0.000565850249970801
1.1674,6.73224797238525e-05
1.1773,0.000265250334031464
1.186,-0.00317250759564192
1.191,-0.00306438801219833
1.1935,-0.00251114184045598
1.2097,-0.00328652530525431
1.2163,-0.00323670019622813
1.2202,0.000279072667289437
1.2232,-0.000404785886788606
1.2238,-0.0033828640864968
1.2412,0.000255915888257574
1.2643,0.0003242419347671
1.3006,-0.00239721693569206
1.3165,-0.000811134844210581
1.3241,-0.00240459244027869
1.3596,-0.000878940756696034
1.3676,0.00023122620386129
1.3697,-0.00154521269228347
1.3753,0.000239911905659973
1.3799,-0.00296570050258294
1.4168,-0.000199700014941406
1.4169,0.000368692313028163
1.4186,-0.00181427585507077
1.428,-0.000464885238193657
1.4369,-0.00299787690124931
1.4371,-0.00120030854017528
1.4405,-0.00383237568776051
1.4423,-0.00393635619095534
1.4512,-0.00333508232113577
1.4529,-0.00366098092420097
1.4597,-0.0011189717149378
1.4649,-0.000519668772162918
1.4732,0.000273428414998778
1.4734,0.000326161980586326
1.5025,0.000166869852433749
1.5113,-0.00309451259554416
1.5361,-0.00406295340146046
1.5371,-0.00344695751453772
1.5418,-0.00175780297077588
1.55,-0.0020229814310726
1.5525,-0.0043323817162404
1.5568,-0.000267893013609521
1.5604,-0.00193765560125403
1.5657,0.000365952189580909
1.5851,-0.00129341228825286
1.5922,-0.00361123482177361
1.5966,-0.00392810385690145
1.5986,1.32811508488651e-05
1.5989,0.000473355042640122
1.6058,-0.00254307424654687
1.6105,0.000292447613767788
1.6151,-0.00354974674589537
1.6171,0.000175733335581851
1.6193,0.000417467564404417
1.6211,-0.00392700829934189
1.6273,-0.000643190585647213
1.637,-0.000211412190320726
1.6546,7.69903544617367e-05
1.659,0.000192922225306758
1.6655,-0.000301536118386903
1.6741,-0.00451251482482329
1.6955,-0.00460931543202614
1.7151,-0.00475655330014146
1.7199,-0.00403620632938351
1.7215,-0.00478769288737246
1.7243,-0.00474774475518558
1.7247,0.000398568876892158
1.7324,-0.00056590847141802
1.7362,-0.00127336322960958
1.7366,-0.00437687389386787
1.7386,-0.00185120634911473
1.7483,0.000371068887172532
1.7537,-0.00131903099194886
1.7538,-0.00113783405971879
1.7624,-0.000135340190680067
1.7646,0.000432463477438194
1.7673,-0.00222637956530636
1.7704,-0.00482658478631781
1.7719,0.00042782049894674
1.7813,-0.00482354999914691
1.7971,-0.00480048009865852
1.8003,-0.00133433807137462
1.8014,0.000109968772014524
1.802,-0.00192212605196751
1.8137,-0.000158823294628352
1.8201,0.000522132060075897
1.8239,-0.0011522808149198
1.8241,-0.00398634722741997
1.8262,-0.000907779463437564
1.8266,-0.004804946602188
1.8319,-0.00116524752897651
1.8325,-0.00214804764556265
1.833,-0.000794911369389917
1.8343,-0.00104614525375735
1.8421,-0.00352151017989755
1.8579,0.000260130464903918
1.8604,-0.00507938227610283
1.8659,2.19729763031307e-05
1.8708,-0.00333882454425161
1.8909,-0.000683140719925257
1.8974,0.000338332343463144
1.9013,-0.00514946971516239
1.9016,-0.00365892140641155
1.9082,-0.00481519441321066
1.9291,-0.000260973891003324
1.9296,1.55899842619878e-05
1.9298,-7.13376929131204e-05
1.9302,0.000164733433988484
1.9317,0.000515871671663115
1.9335,-0.00262804456012877
1.9433,-0.00215254045162716
1.9566,-0.00415067312444295
1.9617,0.000577458588548296
1.9619,0.00054669248337369
1.9641,-0.000891842492360073
1.9738,-0.00158450055412218
1.9742,0.000149977948719071
1.9975,-0.00350792964476732
2.0059,-0.00556937553107373
2.0187,-0.00398744062089307
2.0371,-0.00478326941423868
2.0434,-0.00561080761397337
2.0449,-0.0050868294753319
2.046,-0.00172731096347878
2.05,-0.00415296362974971
2.0505,0.000376754674035418
2.053,-0.00525019359545142
2.0559,-0.000986451115919884
2.0566,-0.00572085175582071
2.0602,-0.00566072055575484
2.0658,-0.000395379013067299
2.0767,-0.0057241129651926
2.0773,-0.00577514063824669
2.086,0.00057730255911892
2.0943,-0.00235352683217283
2.0949,-0.00436256415697001
2.0963,0.000372972499679936
2.1044,-0.00201241003180241
2.1057,-0.0022222612379359
2.1064,-0.00573858475857136
2.1067,-0.00235708615748242
2.1169,-8.58219356825174e-06
2.1283,0.000556187595847302
2.1286,-0.00487516296098844
2.1313,-0.00470964595655854
2.1529,-0.00199988977557553
2.1689,-0.00405200999743816
2.1709,-0.00458742917286115
2.1731,-0.00562733214272226
2.1781,-0.0042834168338679
2.1815,-0.00591473851762947
2.183,-0.00595202171803288
2.1898,-0.00393780512219033
2.1906,-0.00191340267365492
2.2035,-0.00600254857620319
2.2073,-0.0060607072665726
2.2204,-0.000355271923240696
2.2229,-0.00331308102587125
2.2268,-0.00144782882298511
2.2325,-0.00126560579913004
2.2387,-0.00078583403034127
2.2455,-0.00626092410013657
2.2498,-0.00169964048499915
2.2615,-0.00621123662613288
2.262,-0.0019921289614051
2.263,-0.000859936519951976
2.275,-3.71478254006519e-05
2.2781,-0.0038086241995714
2.2857,-0.00606282324335616
2.2965,-0.00626401280559774
2.2991,0.00067064075580614
2.301,-1.74501314504916e-05
2.3031,0.000453962590266421
2.3125,-0.00276167167925312
2.3255,-0.00517174078132276
2.3302,-0.00290030097235805
2.3318,-0.00645572861072541
2.333,-0.00286462493645612
2.3401,0.000495348211968061
2.3418,-0.00231501472250795
2.3551,-0.00442071211954653
2.3555,-0.00452379378261547
2.3581,-0.00517342989570535
2.3604,-0.00468013407038192
2.3649,-0.000147162977334858
2.3656,-0.00614267033769744
2.3656,-0.00339655575497089
2.3671,-0.00299349558315676
2.3748,-0.00429958278578502
2.3749,-0.000519275046278356
2.3816,-0.00395130971662949
2.3821,-0.00280573665147754
2.3842,-0.00560456210983906
2.3896,0.000658913094774505
2.396,-0.00640168022668908
2.4181,-0.000455155499900162
2.4218,-0.00593916281753026
2.4293,0.000677142250384399
2.4459,-0.00663723696068574
2.452,0.000225400584734636
2.454,-0.00395097619610052
2.4546,-0.00682812460402671
2.4609,0.000399836088638139
2.4659,-0.000393543917382999
2.4742,0.000648738954396766
2.477,-0.000493303059153405
2.479,-0.00581512323380284
2.4896,-0.00323472096525279
2.4973,-0.00693045760291744
2.5003,0.000436910012719949
2.5343,0.000530125874323772
2.5357,0.000380418672725202
2.5379,-0.00413657083766328
2.5386,-0.00011978432314752
2.5418,-0.00647494576439245
2.5484,-0.00706584287167278
2.5488,-0.00260100563541554
2.5503,-0.00660168648113446
2.5553,0.000612702444863
2.5604,-0.00180377373662521
2.5619,0.000631516579709057
2.5654,-0.00529358816921111
2.5721,-0.00146714461633835
2.5864,-0.00300997992173846
2.5926,-0.00638813684796258
2.5947,-0.00596658749320156
2.5996,0.000270142314504618
2.6017,-0.00313937162288269
2.6025,-0.00596451702141998
2.6034,0.000486053784884977
2.6038,-0.00410020036316583
2.6109,-0.000607395410348488
2.6141,-0.00354985485856085
2.6187,-0.00181965883902713
2.6316,0.000757160122326184
2.6328,-0.00728859703115425
2.6405,-0.00320931559785853
2.6413,-0.00588361186300634
2.6479,-0.00372886050183663
2.6493,-0.00630500731580286
2.6592,-0.00364685453446967
2.6636,-0.0060621580446103
2.6738,-0.00674406964976715
2.68,-0.00132067715711637
2.6889,-0.00539290587367347
2.6937,-0.00634164463849096
2.7109,-4.87249798051259e-05
2.7133,7.56228508844714e-05
2.7145,1.49333575287791e-05
2.716,-0.0067805469921014
2.7194,-0.0072529167523312
2.7195,-0.00239967742185021
2.7203,-0.00506679402949439
2.7248,5.9464521224406e-05
2.7253,-0.00420330001554525
2.7256,-0.00310263794643673
2.7276,-0.00608319079751851
2.7292,0.000543707026278817
2.7368,-0.00247515137250298
2.742,0.0006227158906289
2.7444,-0.0039636920111823
2.7499,-0.00405327097918606
2.776,-0.00757717979432471
2.7766,0.000290207031785172
2.7796,-0.00652679459978778
2.783,-0.00760916070370898
2.8013,-0.00704111061473034
2.8132,0.00067619562691279
2.8254,-0.00558777157654911
2.8287,-0.00658562020262465
2.8339,-0.00763393996003536
2.8357,-0.00527230031362924
2.8389,-0.00378999611742126
2.8559,-0.00370618270201684
2.858,-0.00766128921633902
2.867,-0.00501899980352727
2.8688,-0.00210112172743182
2.8725,-0.00599447425453636
2.8771,-0.00538542980817747
2.8777,-0.00791966739492578
2.8789,-0.0077386056548856
2.8827,0.000582932942792436
2.892,-0.00675295628077999
2.8972,-0.00271198792074268
2.8976,-0.00604948969330898
2.8978,0.00061966284460846
2.8997,-0.00485823799449481
2.8999,-0.0050007523722333
2.9121,-0.00641279969571329
2.9149,-0.00245504691432252
2.9261,-0.0019897517470131
2.933,-0.00213933536949673
2.935,-0.00742298339987624
2.9417,-0.00815394731396335
2.9439,0.000346581260568524
2.9442,-0.00327188929207534
2.9458,-0.00685633422917142
2.9471,-7.28982314202042e-05
2.95,-0.00199342996014806
2.95,-0.00805244063591681
2.9514,-0.00194511140807307
2.9522,-0.00769257098424303
2.9527,-0.00154098517340406
2.9572,0.000157880668000931
2.9631,5.50979500135718e-05
2.9645,-0.00797587446471759
2.9654,0.000620663635216179
2.9657,-0.00689008415359105
2.9659,0.000534041758003312
2.9712,-0.00398359513094482
2.9716,-0.00354096624484557
2.9729,0.000890155074399157
2.9748,-0.0078720528186742
2.975,0.000457388059106112
2.9818,-0.00757428493412249
2.9823,-0.0031436517247041
2.9858,-0.00603373798668283
2.9881,-0.00650514145614434
2.9884,-0.00311418430552557
2.9941,0.000545457929699733
3.001,-0.00805754599737885
3.0158,-0.00799434812008792
3.0236,-0.00769701317053073
3.0246,-0.00110555587227168
3.0492,-0.00211512028825256
3.0518,-0.000588776757527221
3.0559,-0.00570160905672301
3.067,-0.00647455702814836
3.0679,-0.00840946121077302
3.069,-0.00712060517627933
3.073,0.000599491469102542
3.0734,-0.00819934911143694
3.0807,-0.00715851913703602
3.0839,-0.00453075576848372
3.0915,-0.00232083279626805
3.1041,-0.00550465679249745
3.1048,-0.00859311461791945
3.1072,-0.00280874832584566
3.1106,-0.00205468533712905
3.113,-0.0030221687535712
3.1144,-0.000563386979195446
3.1185,-0.00209389735165599
3.126,-0.00860259889935922
3.1319,-0.00809790192313731
3.1323,-0.00488404616735982
3.1332,-0.000724269823975554
3.1359,-0.00785821716920632
3.1453,0.000673109589209631
3.1475,-0.00635047094233254
3.1475,-0.00836776210823853
3.1479,-0.00849670610268261
3.1482,-0.00148160261191599
3.1499,-0.00156713086446159
3.17,-0.00376277787732526
3.1763,-0.00162768749969677
3.1809,0.000808719810777347
3.1816,0.000278154471242686
3.1834,-0.00821982524831766
3.1991,0.000577112351144216
3.2012,-0.000817105475747759
3.2048,0.000903412243320023
3.2079,-0.00894350504408914
3.2112,0.000341434776880867
3.2135,-0.00384559694605846
3.2227,-0.00700447995077269
3.2466,-0.00885936141691079
3.2474,-0.00141353819654633
3.2512,0.000658580362040695
3.2541,-0.00687953181909595
3.2571,-0.00757284128103297
3.2626,0.000434055194059813
3.2717,-0.00574992888347747
3.2742,-0.00380447667594597
3.2838,-0.00861261943540681
3.2845,-0.00400881930462083
3.3055,-0.004205047525629
3.3121,-0.00918506622278237
3.3275,-0.00287081027564451
3.3296,0.000282236847762629
3.3322,-0.00777879240690282
3.3358,-0.00657093051395075
3.3456,-0.00846673022219768
3.3491,0.00075712218012125
3.3493,-0.00552483059987319
3.353,-0.00496857268201012
3.3568,-0.00491396458094462
3.3593,-0.00746165281226752
3.3635,-0.00183567138156882
3.3648,-0.000983238880122084
3.3652,-0.00167768222659959
3.3679,-0.00945465261335388
3.3777,-0.00931565902690856
3.3834,0.000644750648187031
3.3873,-0.00932423554944917
3.3904,-0.00847896235510692
3.3912,-0.00517817386158947
3.3914,-0.000860982289112577
3.3935,-0.00926679942514586
3.4016,-0.00526405342310898
3.4033,-0.00941707538667425
3.4084,-0.000509761504503548
3.4114,0.000526386503736376
3.4139,-0.00623492055890873
3.4264,-0.00863411229753375
3.4286,-0.00661224504566826
3.4291,0.000681146280419931
3.4308,-0.00943719077527128
3.431,-0.000879528871573942
3.4366,0.000313818142086308
3.4447,-0.00392924832799402
3.4479,0.000802171729985535
3.4505,0.000801285429879339
3.4597,-5.79063371484168e-05
3.4601,-0.00283224418278394
3.4612,-0.00922260169179889
3.4635,0.000934868107512532
3.4695,-0.00881466380899587
3.4715,-0.00401704757337118
3.4718,-0.00470011081560484
3.4747,-0.00591359163554817
3.4788,0.000529510956028378
3.4829,-0.00953389902855362
3.5013,-0.00290547159792043
3.5022,-0.000373631854247769
3.5096,0.000877493413965258
3.5107,0.000945071390407559
3.5125,-0.00622828048918045
3.5149,-0.00971309592786218
3.5206,0.000401722151739836
3.5214,-0.00053426202767648
3.5248,-0.00481905105899072
3.5288,-0.00330303168396462
3.531,-0.00977707428149399
3.535,-0.00847982831343419
3.5562,-0.00104319874511027
3.5604,-0.00142763222095565
3.5608,-0.00120132106389681
3.5615,-0.00322067270643922
3.564,-0.00923596807250382
3.5665,-0.00921290138782682
3.5734,0.000532065025640183
3.574,-0.00577335308080462
3.5837,0.000999463816993895
3.5875,-0.00450133384367835
3.5982,-0.0091616530864771
3.5992,-0.00116432700927671
3.6002,-0.00123364839152718
3.6008,-0.00366988432513127
3.6023,-0.00324213936903206
3.6083,-0.00718024435636266
3.6205,-0.00533404740981336
3.6255,-0.00813059169904573
3.6278,-0.0017096646552317
3.6337,-0.00697636783042732
3.6343,-0.00959422465080806
3.6394,-0.00684279143128874
3.6398,-0.000776901611192038
3.6451,-0.0073926180139452
3.6473,-0.00976056428337158
3.6484,-0.00569708037865357
3.6488,-0.00581937286711431
3.6524,-0.00352076989682226
3.6531,-0.00958474215754457
3.6572,-0.00120200242457225
3.6647,-0.00600923374277906
3.665,0.00113749296001231
3.6662,-0.00395685742253615
3.6697,-0.00642967876134515
3.6794,-0.0101984576404521
3.6824,-0.000534859211006822
3.6875,-0.00954115679182665
3.6917,-0.00805058669700243
3.6977,-0.000973859979959357
3.7014,-0.00517136759743408
3.7063,-0.00376733943214314
3.7086,-0.00643863807689327
3.7163,-0.00127463846454567
3.719,-0.00863059173886072
3.72,-0.00247489442875537
3.7222,-0.000473641762436916
3.7238,-0.00095115926231637
3.7304,-0.00755383346240457
3.7374,-0.0102925443859627
3.7377,-0.0100811424190992
3.7414,-0.004830621492943
3.7446,-0.00395831301542993
3.7484,-0.0098667715201235
3.7493,-0.00260676481636768
3.7509,-0.00778129429083219
3.7525,-0.00328205269821691
3.7527,0.000920444117509689
3.761,-0.00865358082602885
3.7612,-0.00861112364254524
3.7625,-0.00978774586996956
3.7631,-0.00771237231730781
3.7673,-0.00120021822761363
3.7725,-0.00648186419236652
3.7735,-0.00902112351337614
3.7772,-0.00666902429994254
3.7773,-0.00109502022675256
3.7776,-0.00622974450807101
3.7824,-0.00942054485757904
3.7899,-0.010413884003599
3.7927,-0.00641297520775153
3.7933,-0.000517904602306718
3.7956,-0.00632952320420666
3.7966,-0.00110059766045723
3.7995,-0.0105167846763408
3.8008,-0.00203687419709109
3.8018,-0.00744136855221011
3.8097,0.000337267833300903
3.8103,-0.00409241544733385
3.8114,-0.000189764171913076
3.8164,0.00119773690603964
3.8169,-0.00545616650194969
3.818,-0.00946242218594895
3.8218,-0.0107827901228514
3.8237,-0.0104211981452762
3.8249,0.00113314411501086
3.8251,-0.00812598977414192
3.8265,-0.00809266087675242
3.8312,-0.00354612059476533
3.8343,-0.00572996789145996
3.8346,-0.00135885764767485
3.8357,-0.00388742708978151
3.8436,-0.00943305828815699
3.8476,0.00035999886873217
3.8479,-0.00515000660245679
3.858,-0.0103927656835134
3.8606,-0.00993009438939163
3.8607,-0.0106487212934816
3.862,-0.0034970216058321
3.862,-0.0003524822368286
3.8648,-0.00702966001384597
3.8672,0.0011529548661291
3.872,-0.00449785812275838
3.8741,-0.0107119660492776
3.8873,-0.00506700058230836
3.8888,-0.00529278109171027
3.8894,0.00113756624406713
3.8975,0.000348195875019108
3.898,-0.00882248842543865
3.9004,-0.000860194202842113
3.9022,-0.0100757856245455
3.9064,-0.0109569353741876
3.9124,-0.0041835885488708
3.913,-0.0101655364752959
3.9135,-0.0105959444163073
3.9139,-0.010806905153304
3.9198,0.00116376947408181
3.9202,-7.2531725167746e-05
3.9251,-0.000260963566990124
3.9267,-0.0084064138013682
3.928,0.00019900134863482
3.9322,0.000823490964362517
3.933,0.0010642992201082
3.9343,-0.00291193869953643
3.9417,-0.00717533389229086
3.9419,-0.00239826682398681
3.9448,-0.00216786445845107
3.949,-0.00619005812551565
3.951,-0.00428239082740367
3.9573,-0.0035429242547016
3.9611,-0.00645728816338043
3.9623,-0.000638563007453907
3.9717,-0.0115660195397607
3.9725,0.000968004207995143
3.9735,-0.0100092275808374
3.9742,-0.00254561924094654
3.9744,-0.00241289792640487
3.9758,-0.00918003606964257
3.9774,-0.0117279753687538
3.9892,0.000703644982199769
3.9996,-0.0107868628625871
4.0051,-0.00156673177339073
4.0074,-0.00143037133977675
4.0102,-0.0110702673679199
4.0106,-0.00741542805543904
4.0119,-0.00931565247328869
4.0121,-0.00257627331955668
4.0139,-0.00630735481483757
4.0294,-0.0110577766531019
4.0405,-0.00259152916448535
4.0415,-0.00143766761054476
4.0416,0.00100254464111593
4.0424,-0.00255927465997274
4.0425,-0.00989702022216754
4.0427,-0.00750131239981844
4.0459,-0.00182024491234678
4.0465,-0.00909151271828268
4.0509,-0.00258231877372417
4.0563,-0.00323523862858721
4.0576,-0.00982451389460337
4.0595,-0.00459022304978696
4.0619,-0.00851722134825295
4.0635,-0.0109030789335174
4.0676,-0.00782943135820258
4.0715,-0.0101147912664139
4.073,-0.00471428130195317
4.0733,-0.00157330446057546
4.0737,0.000902959137419224
4.074,-0.000405420602211493
4.0799,-0.000819862406367555
4.0815,-0.000635272408194609
4.0824,-0.00766994656388764
4.0876,0.000286582277190917
4.0899,-0.00982382512838775
4.0915,-0.000848005420899689
4.0927,-0.00241762745900775
4.0932,-0.00626199696320917
4.0971,-0.00510382018810329
4.098,0.00133172539265303
4.1002,-0.00226475228579304
4.1016,-0.0102550453116725
4.1022,-0.0093543200376045
4.1056,-0.0111420585253956
4.1092,-0.0101979959193574
4.1093,-0.00195097913885967
4.11,-0.00516965309186546
4.1104,-0.0108750455303888
4.1148,0.00132026728026968
4.1169,-0.00194052383254739
4.118,0.00102569235582362
4.1193,-0.000638815339891075
4.1201,-0.0071738050655723
4.1213,-0.0100201667143267
4.1234,-0.00958428207415096
4.1263,-0.00143335368049424
4.1264,-0.0113822162065489
4.1308,-0.00815190424192114
4.1316,-0.00540531689463908
4.1344,0.00109075892730814
4.1346,0.000206929126793653
4.1403,0.000973630970740658
4.1442,-0.00733938690570657
4.1485,0.000911801008642854
4.152,-0.0103975655054107
4.1535,-0.00280977776254954
4.1557,-0.00106788000031433
4.1568,-0.00344342763295824
4.1587,0.00122593956378036
4.1611,-0.0113413841243437
4.1671,-0.00753059932921119
4.1684,-0.00796347175361767
4.1705,-0.00861297019688134
4.1738,-0.0123340626393551
4.1764,-0.0111189030093959
4.1767,0.000300092286491527
4.1773,-0.0126000106974384
4.1792,-0.0079628503226683
4.1793,-0.00309189565940038
4.1808,0.00135700778372616
4.1823,-0.00475054947488207
4.1887,-0.0113303844505497
4.1916,-0.00224050752611227
4.1929,-0.00479517002036722
4.1958,-0.0114281787697283
4.1982,-0.0106305119736554
4.201,-0.0115746053581853
4.2058,-0.00588753537659148
4.2059,-0.0125328526863955
4.214,-0.00982635191550241
4.2164,-0.00979706551216619
4.2224,-0.00754653801685823
4.2228,-0.0043772459606517
4.2232,0.000840726567372663
4.2249,-0.012699082936499
4.2268,-0.00968868185967242
4.227,-0.00742669100731774
4.2332,-0.0118169876394685
4.2345,-0.00478735774173789
4.2354,0.00133930357774315
4.2377,0.00128309640935775
4.2411,-0.00482726468078543
4.2536,-0.00810867230672496
4.2573,-0.012190836335793
4.2594,-0.0122544846719874
4.2631,0.00125731940859897
4.267,-0.0116539995028466
4.2683,-0.00695681480413057
4.2698,-0.006107740502026
4.2704,-0.00100408910063976
4.2705,-0.00923563505808023
4.2747,-0.0104815965974199
4.278,-0.0119238424784669
4.2809,-0.00573543673643417
4.2893,0.000610598120676542
4.2907,-0.00153312178448761
4.2913,0.00126834053609581
4.2927,-0.012645213779642
4.2927,-0.0115446423203256
4.2939,0.00132297978274121
4.2947,-0.00137469058244744
4.2954,-0.011618627200038
4.2964,0.00116116791523169
4.2967,0.000769754038350001
4.2994,-0.00247025255347388
4.3029,-0.0127085196645433
4.305,-0.00301369170332055
4.3051,0.00108064523246476
4.3058,0.00113279232252417
4.3066,-0.00173607828818856
4.3132,-0.0127185336285072
4.3139,-0.00772761015126644
4.3143,-0.00989244104122289
4.3165,-0.00521953296568078
4.317,-0.00425568290559575
4.32,-0.0101317181136071
4.3224,-0.0120989435900434
4.3251,-0.0119531218964957
4.327,-0.0127432853455014
4.3294,-0.00892876918676855
4.3299,-0.00655240516458022
4.3322,-0.00295235475377797
4.3416,-0.00290459794589903
4.344,0.00126872572094161
4.3444,-0.00845080993741743
4.348,0.000609081047504567
4.348,-0.000948085480258598
4.3553,-0.00917766056062241
4.356,0.000644359785263227
4.359,-0.0123976477004675
4.3593,-0.00573151448117937
4.3596,0.00036189800901365
4.3739,0.00010151453778473
4.3758,-0.0118100833256456
4.3762,-0.00936325192518517
4.3808,-0.0114771666304945
4.3881,-0.00686854180146934
4.3891,8.51427633801194e-05
4.3912,-0.00915519886483196
4.3924,0.0012573734920478
4.393,-0.0110677610537246
4.3951,-0.00227254393822029
4.3967,-0.00675069536583717
4.3985,0.00071708981990426
4.3989,-0.0109705222092709
4.3997,0.000719427503307557
4.409,-0.00722825599732868
4.4116,-0.00578030903441462
4.413,-0.0116060194913077
4.4167,-0.0115986397951557
4.4171,0.000456010133999207
4.4209,-0.00188063154594786
4.4216,-0.00283620996208978
4.423,-0.00740470010144278
4.4299,0.00112850945453413
4.43,-0.0016408811322437
4.4431,-0.0103313500470206
4.4476,-0.00083905533692441
4.4517,-0.00998665566526746
4.459,0.00145942706835189
4.4617,-0.00590136500569649
4.4619,-0.00195378313139649
4.4623,-0.00595972633802511
4.4638,0.00100405116522584
4.4657,0.000206924840449929
4.4661,-0.00507362902792252
4.4672,-0.0117006314203847
4.4717,-0.00737377066881884
4.4718,0.000507348307934308
4.4738,-0.000794579785117655
4.4765,-0.00720165030527475
4.4786,-0.00710698990431169
4.4811,-0.0115646393260835
4.4814,0.00123058085027594
4.4825,-0.00954808922350203
4.4843,0.000331535986652476
4.4958,-0.0040886026321596
4.5022,-0.00264435037013833
4.5031,0.0011185443350028
4.5092,-0.0106433538557695
4.5097,-0.00612633815431707
4.5193,-0.0137860718191432
4.527,0.00117609678418695
4.527,-0.00216865349158279
4.5294,-0.0125560801171085
4.5364,-0.01127430554995
4.5391,-0.0120956743326621
4.5451,-0.0121021538653618
4.5486,-0.00349701220900034
4.5552,-0.00948810673820955
4.5563,-0.00679766647742674
4.5565,0.000838582613629235
4.5618,-0.000242152429462905
4.5626,-0.0111113069505686
4.5673,-0.00582997106155148
4.5684,-0.0105368467804201
4.5715,-0.00504499049771301
4.5723,-0.0121766966867209
4.5776,-0.00627683013087843
4.5783,0.0013533889019941
4.5818,-0.00531869677564689
4.5825,-0.0127329210270126
4.5856,-0.0135776893778603
4.589,0.000320867314037798
4.5899,-0.00043532515095368
4.5911,-0.011112552764998
4.5918,-0.003856345188054
4.5974,-0.0112267276723514
4.6003,-0.0106045547612199
4.6068,-0.0100928476079494
4.607,-0.00288199302884617
4.6082,0.00124131493638746
4.6114,0.00141326991787594
4.6174,-0.0123934463122648
4.6184,-0.0109641355923671
4.6208,-0.00153587592865279
4.6216,-0.0141704572069354
4.6347,-0.0110507488586018
4.6393,-0.00725549611879472
4.6405,-0.0115298675415278
4.6439,7.38502819661591e-05
4.646,0.000401744923800074
4.6545,0.000840476797338674
4.6554,-0.00786139141967457
4.6573,-0.00727013139180333
4.6587,-0.00725905853924047
4.659,-0.0119400177351761
4.6688,-0.00703721531236301
4.671,-0.00664880583563043
4.6736,-0.011712410567732
4.6747,0.00149989337415857
4.6794,-0.00355014539349785
4.6795,-0.00871959780960196
4.6807,-0.00624427432204477
4.681,-0.00161510484990579
4.6819,-0.0124189841588551
4.685,-0.0105993427434736
4.6869,-0.00328793628428858
4.69,0.000677286698842039
4.6905,-0.000381883109686676
4.6907,-0.0100806608927009
4.6917,-0.0094825612721845
4.6929,-0.000735322244816317
4.6942,-0.0121669035861354
4.6946,-0.00927974158175182
4.7042,-0.00237744558154951
4.7045,-0.0129394650099899
4.7047,0.000995584418655326
4.7056,-0.00569821705837015
4.7157,-0.0129921199047107
4.721,-0.00265568854841458
4.7246,0.00112158670493212
4.7276,-0.0130124427210987
4.7313,-0.00910701913844392
4.7318,0.00135563468339761
4.7322,-0.00338013827407302
4.7324,-0.00553913594633482
4.7335,-0.0134747009633465
4.7344,-0.0128838872557289
4.739,-0.0028650577314675
4.7397,0.00140703335612713
4.7408,-0.00883436788211522
4.744,0.00145549335276485
4.7475,-0.0138437262676607
4.7502,0.00151372141967698
4.7502,-0.00572913005458986
4.751,-0.00969089471049234
4.757,-0.00451610439008299
4.7608,-0.01006608046018
4.7641,-0.00593194476623982
4.7641,-0.00134781372820747
4.7678,-0.00220611879968757
4.7678,-0.002043143743232
4.7698,-0.0151298753153064
4.7744,-0.00818718641467786
4.776,-0.00720736981565295
4.7765,-0.0073067134180933
4.7859,-0.013277046424486
4.7873,0.00099657978510681
4.7874,-0.000315315890275336
4.794,0.000271787516127553
4.7961,-0.00216716266837036
4.7987,0.00136800571006113
4.8008,-0.0127984629264235
4.8014,-0.00445735140380155
4.8027,0.00148913471387413
4.8054,0.00116541804682324
4.8062,-0.0117039944044839
4.8106,-0.00367955521910446
4.8185,-0.00277905794980082
4.8189,-0.00833029245022043
4.8198,-0.0144557124958302
4.8251,-0.000446539841679972
4.8251,-0.00272285456077359
4.833,0.00117288805392057
4.8351,0.000762960861814044
4.8371,-0.0135553228246721
4.8433,-0.0133956656765069
4.8482,-0.0123236471801462
4.8517,-0.00298297627187516
4.8552,-0.0114260132887996
4.8556,0.000464313693755436
4.8605,-0.00138128512543112
4.8674,-0.00184423656081378
4.8677,0.00158374691349028
4.8704,-0.00506338126898953
4.8707,-0.00133799851973126
4.8712,-0.00836028192391414
4.8726,-0.00658888411432468
4.8741,0.00152805820253565
4.8748,-0.00878824535148404
4.877,-0.0123698413938884
4.8831,-0.0134371941478264
4.8859,-0.00286341590126593
4.891,-0.00226628501949122
4.8922,-0.00944299057703724
4.8997,0.00148505964957746
4.9009,7.01419484325783e-05
4.9013,-0.00436285584204388
4.9028,-0.000624060737025367
4.9069,-0.010922871235179
4.9128,-0.0136494354374426
4.9153,-0.0135006185099291
4.9181,-0.0110729392914823
4.9227,-0.0135563010240185
4.9232,-0.0116289130419389
4.9318,-0.0135930344743835
4.9352,-0.00359719877102727
4.9357,-0.00275031621892818
4.9435,0.000885043179287948
4.944,0.00150512781710344
4.9471,0.00154722712431532
4.9517,-0.0101903010110247
4.9545,0.000993822420435997
4.9563,-0.0145362745603235
4.9565,-0.00207836603919276
4.967,-0.00488939358785956
4.9673,-0.00944304273012619
4.9682,-0.00132041559037344
4.9683,-0.00296932275247386
4.9684,-0.0137771294179236
4.9694,-0.0147335642207551
4.9727,-0.00827161087551787
4.9764,-0.000970349364669332
4.9777,0.00135712855687942
4.9809,-0.0052883102936665
4.9818,0.00154839944215812
4.9844,-0.013024343621578
4.9845,-0.00476773719716661
4.9879,4.73108372487374e-05
4.9923,0.000323540420292368
4.9933,-0.0134695831146123
4.9968,-0.0136841783759332
4.9981,0.000996057264809558
4.9997,0.000664683505199548
5.4531,-0.0150912343679659
6.1622,-0.0173151594349923
6.2588,-0.000808331010937913
6.4743,0.00124017564010526
6.558,-0.00751868184674986
6.6971,-0.0192411018843952
6.8274,-0.00926788714560089
7.3095,-0.0170478743712899
7.6064,-0.0215868024216395
8.2553,-0.000219961304312122
8.6417,0.00263992770602428
8.6743,-0.0115702499176606
9.4253,-0.00162098684741352
9.5181,-0.00191496456365137
9.6509,-0.0250214339877903
9.9769,0.00286866305226852
10.0675,-0.0265914097014495
10.297,0.0033085817740961
11.3692,-0.0186860440121404
11.4327,-0.0339529394162401
11.656,-0.0303098001785287
11.928,-0.0221309715336453
12.0047,0.00357877684881203
12.1758,-0.0155419894297157
12.3735,-0.0282338306407812
12.4298,-0.0244826250563044
12.5729,-0.0221215352102906
12.8342,-0.00422959710884996
12.8991,-0.00277708011476463
13.1346,-0.0380400784299013
13.2717,0.00079182512998166
13.6059,-0.0156448354210426
13.6841,-0.026481511476927
13.8504,-0.00298615617180609
13.9099,-0.0395150419942656
14.2765,-0.0411237488507457
14.5638,-0.00109975532066997
14.6347,-0.0358024328548474
14.8516,-0.00974790057589381
14.978,-0.0220434041701107
15.5564,-0.0433199768443817
15.7521,0.00485307513909383
15.7747,-0.000836155583355591
16.2207,-0.0163641662638661
16.2874,-0.0223318294207751
16.5087,-0.00279414465473238
16.6202,-0.0321203371284682
16.6427,-0.0517925412373152
16.7059,-0.0475709510695168
16.776,-0.046032839242681
16.9404,-0.0275686424742538
17.3531,-0.0327265850680902
17.3759,0.00505574122831121
17.396,-0.0470452040289828
17.6125,-0.0184112429718581
17.7391,-0.0362991726852187
18.0353,0.000932504565959391
18.0689,0.00511800104363047
18.0933,-0.0557667893730596
18.206,-0.0483277253906103
18.335,0.00569846117702966
18.4458,-0.0344243962051607
18.6254,-0.0595704314702807
18.7479,-0.0565548165976857
18.8581,-0.060376990125409
18.9442,-0.0454265994000842
19.1087,0.00179006689473837
19.1367,-0.012442044802615
19.2062,-0.00270925361048668
19.3162,-0.0620730876845137
19.3388,-0.0121827048265928
19.4061,-0.03924073198462
19.5039,-0.00942603368354256
19.8138,-0.0583295538934507
19.9469,0.00579198998489971
19.954,0.00593812119204884
20.0061,0.00443991046687131
20.0427,-0.0513865368545936
20.1266,-0.0550136583178649
20.18,0.000896059447637043
20.213,0.00154779687762741
20.3136,-0.0355632766046163
20.523,-0.0331640737231247
20.5762,0.00647714131897459
20.7748,-0.0595187090366878
20.8584,-0.00716513281621545
20.893,0.00666629436934585
20.8995,-0.00385684150111842
21.0934,-0.0514824882309988
21.1541,-0.00410945509181104
21.426,-0.0513811324128426
21.4885,-0.0494426552841212
21.6839,-0.0538533424051053
21.861,-0.00111900738547277
21.9054,-0.064107023389667
21.9468,0.002992121292543
22.0612,-0.0718643463611386
22.0847,-0.0696983668722204
22.1876,0.00704964963219012
22.3554,-0.0742643496023767
22.5482,-0.0346328209214697
22.5651,0.00685158181495993
22.6773,-0.0181060611195605
22.692,0.00555545247141609
22.7944,0.0032588881652984
22.9889,0.00473088808973543
23.2472,0.00681214693146259
23.401,0.00509432083756423
23.4939,-0.000937936496374192
23.7692,-0.0538921705589672
23.7815,0.00386188351723504
23.9947,0.00196705697845445
24.0125,0.007968024070788
24.0652,0.0019138104904961
24.0889,0.00720922682427272
24.2057,-0.0828334192241833
24.226,0.00712925954965016
24.2644,-0.0815926466658787
24.3283,-0.0341330940559637
24.3957,0.00194827002392373
24.6291,0.008029006595347
24.7203,0.00131782363035171
24.8248,0.00204053412702976
25.0592,0.00871038822552705
25.2557,0.00757249736701482
25.3015,-0.0873309959901079
25.5777,0.00897609109730979
25.8261,0.0077840895341339
25.8606,-0.0710153376149698
25.9626,-0.0882752709609917
26.0127,-0.0221640562723451
26.0965,0.00926412959742962
26.2112,0.00720700529410578
26.263,0.00925519912201622
26.2779,-0.061959747076795
26.3113,-0.0804896873402967
26.3535,0.0078206225800983
26.5194,-0.0714499013142458
26.5246,-0.0934648484249081
26.5319,-0.0895279905485786
26.5846,0.00935427582993498
26.6456,0.00843309237053447
26.7132,-0.0399510585795149
26.7506,0.009749785332275
26.7757,-0.0345288835456863
26.8243,-0.0495786617875105
26.8448,-0.058344239750685
26.9302,0.00935084043077339
27.1315,-0.0341532489238681
27.1363,-0.0967042192391396
27.2728,-0.0969492382481505
27.3041,0.00980027821792362
27.3079,-0.0667506067275205
27.3611,-0.0312841432355881
27.4569,0.00923904183063939
27.4601,-0.0958801524423301
27.5481,-0.029106833439748
27.6905,-0.0135030885675995
27.7471,-0.0797090867825361
28.0384,0.00894833807238271
28.0505,-0.0681867648673524
28.0984,-0.0299411943173027
28.1087,-0.0970483628273477
28.1291,-0.0327566358569236
28.1349,0.00990804069455109
28.5328,0.0103385630472381
28.5695,-0.00114043716527945
28.5925,-0.102974398051849
28.5963,-0.0224462379573787
28.6021,0.0080171105934177
28.6134,-0.0287341217869539
28.6621,-0.0452487587907804
28.7205,0.00467812483664787
28.7999,-0.0981267850611758
28.845,-0.0273558324318373
29.0621,0.00979171294853742
29.2097,0.00364182021828086
29.2726,-0.0868847114463023
29.2747,-0.0205959354299132
29.3148,0.0129380069205958
29.3952,0.00913608394869314
29.4049,-0.0129098139337742
29.4326,0.00824156975165735
29.4771,-0.0903389583631835
29.4867,0.00604391567650708
29.5394,0.0097230140875908
29.7034,-0.0898086289228281
29.7584,-0.107504212779258
29.7664,0.0131125023445904
29.8148,-0.109396558597442
29.8172,-0.0239731074745713
29.8404,0.00636082631361035
29.8425,0.00848763806945385
30.0195,-0.0980217665772791
30.1954,-0.107914285219515
30.2094,-0.0162369650259677
30.2437,-0.0459606372804373
30.3005,-0.0978934819149018
30.4273,-0.000838737599409001
30.4919,-0.00104620023058999
30.5039,0.0115090376462526
30.5985,-0.0482558262631159
30.638,0.0146323615255177
30.7601,-0.0709126389799835
30.772,0.00963242336014503
30.859,-0.0771792126433262
30.9371,0.00950760999576872
31.0849,-0.00538993356768458
31.2644,-0.098780681475052
31.266,0.00916768586733596
31.2824,-0.0688328262826907
31.2832,-0.11417494228256
31.3691,-0.0923739673904436
31.4921,-0.118374203097368
31.5007,-0.0152777005045444
31.529,0.00515306471760368
31.5572,-0.00569551729343942
31.575,-0.0680519526358481
31.5767,0.00964053786225705
31.5774,-0.110543951992465
31.6821,-0.104601997805258
31.7008,0.0128861872913504
31.8015,-0.117163600172812
32.0069,-0.00872566831075261
32.0643,-0.096138582233678
32.1942,-0.0772240986033097
32.1982,0.0129030911512515
32.2132,-0.0347947085990583
32.2863,-0.00739956824908461
32.2964,-0.113302791031124
32.3406,-0.10263067610628
32.3672,0.0114916080864447
32.3681,0.00718488185317767
32.4053,0.0101309283540516
32.468,-0.0286203369497571
32.6123,0.0110501595738697
32.6203,0.0173740527974786
32.6284,0.0103796115027563
32.6764,-0.000764476221057464
32.7181,-0.122901792654105
32.8555,0.0179066266741259
33.0092,-0.0926061122629349
33.0261,-0.0316511507039365
33.0323,-0.0892709040929702
33.0756,-0.072750916144507
33.1005,-0.108992759015301
33.101,-0.114778938054755
33.1221,0.00395631290564324
33.1387,-0.0979977407883439
33.1507,-0.103701912173499
33.1683,0.0104836503686698
33.3657,0.0145893901575604
33.4132,0.0182047667564973
33.4284,-0.0255747181674195
33.4374,0.00142631913780633
33.4718,-0.0967813174871708
33.4911,-0.11025023190949
33.4948,-0.0113778260384549
33.54,-0.0792390184624452
33.6485,-0.0261900836687801
33.7994,0.0193729538406231
33.9139,0.0122010997450417
34.01,-0.00414227009477486
34.1106,-0.0527041028627053
34.1866,-0.111397213418954
34.23,-0.0325033535500765
34.2711,-0.0814856916369564
34.3832,0.0208072221788527
34.4504,-0.101495239121569
34.451,-0.130466994645673
34.4934,-0.0457035678467363
34.5761,-0.134023420393433
34.6912,-0.0354785525535277
34.7008,0.0189331215403143
34.7616,0.00808614630575022
34.9939,-0.032020556340008
35.0221,-0.136495698234292
35.0397,0.016976653303125
35.1039,-0.127995137109139
35.3819,-0.0331251883067551
35.405,0.0209205071109437
35.4348,0.0109777558585975
35.4555,0.0112066138440454
35.552,0.0204449380575866
35.6961,-0.0160057928618258
35.7125,0.0163134404277514
35.7269,0.0201850205730665
35.8477,0.01038448805879
35.8624,0.0150645488394758
35.8728,0.0150884262747653
35.8994,-0.1422024692801
35.9282,0.0218354640484009
35.9777,0.0230090658495428
36.0027,-0.0565748677372255
36.0892,-0.0405365085626812
36.3062,0.0111870291696121
36.356,0.00603568685309597
36.3707,-0.140881981138833
36.4163,0.0123394112125368
36.4282,-0.0369920083744049
36.4627,0.0111787374887058
36.4849,-0.0562841406236032
36.5199,-0.142562755834419
36.5572,-0.0358641485964029
36.5675,0.0122615292027106
36.671,-0.0531927571658528
36.7008,-0.114679474733776
36.8125,-0.0222367473560467
36.8655,-0.0362374884463179
36.8658,-0.0139743262392216
36.8877,-0.0495122699074457
36.9351,-0.144932207363844
36.9688,0.0110724066905021
36.9901,-0.0399996333693622
36.9981,0.0160276430717872
37.0041,-0.147104151720065
37.0433,0.0125353880878052
37.0523,-0.101252310332185
37.2254,-0.049907638912174
37.5717,0.0113248943702047
37.5744,-0.152358863526807
37.768,-0.0489655321641536
37.9665,-0.0274629357472662
38.0465,-0.130793021526905
38.0569,-0.134663102463932
38.0646,0.00057935157708755
38.1329,0.0238286383187258
38.2339,0.0115933858659503
38.2392,0.0117847002452365
38.2573,0.0237821304894439
38.2781,0.0279922306150411
38.3588,-0.155328180940053
38.743,-0.0300216748552344
38.7626,-0.0481383393207224
38.8791,-0.0561647579794311
38.9171,-0.0711097762196786
39.0088,0.0132089746645718
39.065,0.0144238755164565
39.111,-0.0861887960884431
39.2541,-0.0276900822417474
39.3326,-0.00439928562474279
39.3432,0.0281506754831611
39.384,0.0105542114329822
39.4276,-0.163566318123998
39.4897,0.0211167006038977
39.5433,0.0252970249360942
39.5961,-0.000150562876427784
39.778,0.0142969668921893
39.8043,-0.0964312705532748
39.8805,-0.0591040926672477
40.0475,-0.120667429827932
40.1101,-0.00476344691566055
40.1601,0.0151979028545171
40.312,0.0262593414057264
40.3422,0.0103069206367152
40.3861,0.0336555274970252
40.3916,-0.131143513423787
40.45,0.0118882340924671
40.4747,0.0312238630696982
40.5631,0.0125328671346452
40.6512,-0.165630875013129
40.7459,-0.16226060601268
40.7784,-0.170394789506403
40.7893,0.0316065842040842
40.7953,0.02396356951337
40.8484,-0.0127505505392804
40.8544,-0.0100763380613742
40.891,0.0198867492339616
40.964,-0.000529855824474623
41.0274,-0.132920744679772
41.1319,-0.169644450399147
41.1469,-0.0521154322380539
41.2178,0.0230086237224256
41.2581,-0.174476650747856
41.2839,0.0285350664282618
41.3484,0.0339442332754274
41.3607,-0.0369219614995302
41.5213,0.0326723065144918
41.5592,-0.17298172079618
41.5862,-0.0924244640479159
41.6833,-0.176460065396526
41.7326,0.0239264964869648
41.9101,-0.0666123572932946
41.9278,0.0163516033892819
41.9339,-0.10931066042545
41.9475,0.0212804843390728
42.0172,0.00297680058830707
42.0317,-0.0744382548415103
42.0346,0.00853829262691619
42.0364,-0.0607345098961645
42.0841,0.020288955633724
42.0895,-0.0169783570883553
42.0943,-0.0557090769134021
42.3285,-0.0304748543337467
42.436,-0.0511286137811169
42.4667,0.0262761728173757
42.5481,0.00745898802082223
42.5912,-0.145287626810784
42.6205,0.012649413981265
42.6723,0.0211240264449373
42.6765,-0.167498125571655
42.7251,-0.169517153362541
42.7637,-0.0970511203446449
42.7642,-0.126910662622684
42.8146,0.0277947660105369
42.9743,0.0282906098644418
43.0307,0.0276491324170252
43.1042,-0.181879243365564
43.17,-0.0318204931135071
43.2865,-0.163414854360205
43.3116,-0.0766539722309361
43.3913,0.0243616942470908
43.3978,0.0226171466693899
43.4594,-0.0408437067927281
43.4836,-0.0671677981945606
43.5031,0.028323907285845
43.5414,0.0163368403903519
43.565,-0.0542112617833439
43.6193,-0.171684454462778
43.628,-0.127409155078681
43.6487,0.0360837369725218
43.6623,-0.0974169707203671
43.6664,0.0228604489487836
43.68,0.0158638707328933
43.7091,0.0360762587834884
43.7752,0.0242976299491247
43.8173,0.0384058114277863
43.8299,0.015165890172625
43.9033,0.0411163591678587
43.9549,0.0388167898013947
43.958,-0.150375117473665
43.9753,-0.187570760477165
43.9902,-0.0127545688941595
43.992,0.0156723551722706
44.0131,-0.188659520925015
44.2085,0.0296768836549433
44.2372,-0.0756527284544148
44.3585,0.0294294804248025
44.4061,0.0263116098548011
44.4259,-0.0584859524062153
44.5157,0.00811153188235636
44.5551,0.0342544798675277
44.6638,0.0418358753901913
44.8761,-0.0380950711958619
44.8956,0.0189936888844144
45.0073,0.0163405073601268
45.059,-0.199781613821486
45.2632,-0.118638446265528
45.2682,0.0419277747936562
45.2742,0.0151014136188863
45.3153,0.0187041318579091
45.3214,0.044228386812776
45.3857,-0.149002925945751
45.5158,-0.0562120710102363
45.5321,0.0259780496473283
45.5649,-0.168921465735025
45.5722,-0.185364837924666
45.6234,0.0233406072462685
45.6274,0.0150585336203903
45.6364,-0.203917442362631
45.8163,0.00686587528691263
45.9385,-0.20127766904367
45.9541,-0.0350736069715012
45.9876,0.00364005242385446
46.0034,-0.0160881258438508
46.083,-0.205137921272467
46.0945,-0.100961200035186
46.1079,-0.11997566855581
46.1113,0.0290981614137209
46.1335,-0.162664782033374
46.1824,0.0421194982951505
46.2306,-0.0745886670542291
46.2707,0.0382389811271509
46.3591,-0.133528154554241
46.4663,0.0446931296403079
46.4699,-0.0268033067903204
46.5661,0.0303888450381109
46.585,0.0501106988093767
46.589,0.0518746056178117
46.6242,-0.0268425118616094
46.6267,-0.194610634583114
46.7047,-0.205830509765299
46.7548,0.0459090963934656
46.9646,0.0350507525998154
47.0185,-0.0157552758836843
47.0393,0.0432275199709267
47.0412,-0.149213016420426
47.06,-0.0284804511473027
47.1755,-0.21483229117905
47.1942,-0.0793011119539315
47.275,-0.204847996437309
47.2864,-0.153064403259734
47.29,-0.00301861490892463
47.2972,-0.195655849908029
47.3723,-0.193433381194872
47.4081,-0.0560480073378287
47.4244,0.0135688413067285
47.4532,0.0062722295757851
47.5011,0.0150455117072852
47.5099,-0.0141882829611504
47.5406,-0.203059568051444
47.5791,-0.165369467337342
47.7363,-0.150447752643686
47.76,-0.0546007833411508
47.8311,-0.0433532152806819
47.9125,-0.164008074604894
47.9281,0.0516396845889133
47.9909,-0.213995903831744
48.0044,0.0137674146245317
48.0178,0.0433423123906636
48.026,-0.220857185350134
48.0542,-0.130964346602276
48.1354,-0.197026763114309
48.1381,0.0373006926592367
48.2307,0.0218908974946501
48.2321,0.00333997317485313
48.3817,0.0371623194287807
48.389,0.0530496960185403
48.505,0.0552874554955167
48.5746,0.0400518310367488
48.5785,0.0197731401066221
48.5818,-0.0248075546032283
48.6063,-0.199265027537997
48.7218,-0.203966293264259
48.7523,0.0538516148018289
48.7879,0.0576891276741449
48.7935,0.0522572024753245
48.8291,-0.0417155410317562
48.8732,-0.139850544889725
48.8888,0.0451158595745582
48.9536,0.0270906380090281
49.0167,0.0271721939284646
49.045,0.0153260477329198
49.1177,-0.12566739223012
49.1937,-0.178061805955508
49.2163,0.0444877549514544
49.5605,0.0218512458334672
49.6157,-0.089603942008452
49.6316,0.0164808164418133
49.7231,-0.00789485316935412
49.7592,0.0325306569344832
49.7969,-0.0880396495245179
49.8279,-0.2276083243095
49.8377,-0.204686966879088
49.8733,-0.213975394856149
49.9258,0.00717185911017282
49.9307,-0.200774182868315
50.0223,0.0404030839289788
50.0423,-0.195853794271784
50.0755,0.053787329616199
50.0924,0.0415196827651343
50.1985,-0.214796583053996
50.214,0.0552525681269529
50.2607,-0.221012007571531
50.2622,0.0644336841586366
50.2768,-0.102406351594176
50.2947,0.0608393036219681
50.3712,0.0591157513395402
50.4357,0.0602666922749648
50.4731,-0.0498897261436682
50.4899,0.0112669438046282
50.5067,0.0652728383184922
50.5446,0.0271584101840148
50.5601,-0.230794513761694
50.5667,-0.0140408592770811
50.5812,-0.191577485187487
50.6598,-0.138474914718863
50.7451,0.0308853813751213
50.7719,0.0383713346183612
50.8712,-0.161798449036077
50.8779,0.0501578252772887
50.8956,0.0161089727618773
50.8976,-0.00753811694067963
50.9051,0.04312523485995
50.9836,-0.232288117943583
51.2702,0.0331762717290189
51.3689,-0.150685144729458
51.406,-0.138707593284074
51.4125,-0.0403487853610045
51.5004,0.0231336645134377
51.5101,0.0513496279323462
51.555,0.011869141195632
51.5682,0.0447372942139879
51.616,0.018819887160582
51.7354,-0.202406354022102
51.8395,-0.203953814601029
51.8591,0.0698624283437894
51.9508,-0.212950168613638
52.01,0.0120474258534244
52.0146,-0.0487354242687559
52.1262,-0.23028805936368
52.1313,-0.22857756730307
52.1455,-0.0823474773977182
52.2401,-0.248149170741115
52.2919,0.0111933914093285
52.3058,0.0216263054560386
52.4487,-0.113109410304666
52.578,0.0253776487008608
52.5942,0.0707484825295452
52.6,-0.200035418036329
52.6096,-0.242788676767177
52.6247,0.0724379574902159
52.6705,0.0729600452541419
52.6881,-0.232444514026042
52.7305,-0.0121294558486085
52.7371,0.0691870135106356
52.7888,0.0500870943154226
52.8131,-0.105159771699022
52.9166,-0.237974099397015
52.9876,-0.241107766743227
53.0008,-0.251204613688444
53.1211,0.0170175169330165
53.1306,-0.16295201153445
53.1365,0.0596124646945029
53.1563,0.0709386392024243
53.1813,-0.201370039163002
53.2375,-0.0634184868335836
53.2489,0.0414137086526765
53.2711,0.0725149975881791
53.2739,-0.0636695299136179
53.2926,-0.0347276067078042
53.302,-0.259807217334938
53.3274,0.0165688279420024
53.4414,-0.219328673566849
53.4421,-0.184268627994371
53.4462,-0.14370305862731
53.5308,0.038519163906642
53.6994,0.0634673586092021
53.7832,-0.176111699449521
53.7862,0.0171596686632398
53.8239,-0.2624301126543
53.918,0.0284798108392224
53.9651,-0.126375476157087
54.0002,0.074900325843906
54.0205,-0.209233519648059
54.1011,0.0231574016909946
54.1819,0.0387674758840006
54.2478,0.0176135709605774
54.3626,0.0225688599683664
54.4606,-0.0138083795118931
54.4785,0.0294317061215921
54.6151,-0.0662301673288184
54.6304,0.0730334192186106
54.6813,-0.17894393958084
54.6936,0.035697862195633
54.7659,0.0672652660044406
54.7695,0.0173878389258917
54.8973,-0.137819113025955
54.9892,0.0673644451579847
55.0081,0.0827021012455802
55.026,-0.165857227951754
55.0454,-0.179625267181166
55.1024,0.0820643492807989
55.1029,0.0460836058873824
55.1219,0.0436158157303481
55.2638,-0.161953141571203
55.3677,-0.0378467130020823
55.4011,0.0693420790478427
55.4765,-0.00983075946256662
55.5026,-0.183813533841111
55.5885,0.0174855075946994
55.6015,-0.113138484448584
55.607,0.0486085227071698
55.6244,-0.213885074444548
55.6878,-0.0758119182803085
55.691,0.0186991930624032
55.7336,-0.234792498666529
55.7866,-0.0833034656209009
55.7938,0.0212209009065347
55.7942,-0.025309484476864
55.8027,-0.039051578116883
55.8716,0.070029994597526
55.8777,0.0834980475750555
55.8777,-0.112147324620118
55.9459,-0.0198582974982813
55.9806,0.0729394519384599
56.0268,0.0148054871814978
56.0379,-0.0688389561908025
56.1488,-0.0177988995977145
56.1839,0.0556358717269205
56.2217,-0.134437721976454
56.4024,-0.231772311240469
56.4537,-0.0178228872878847
56.5147,0.081771228842193
56.5626,-0.122814208971
56.6019,0.055975051383804
56.6224,-0.155436056930533
56.7069,0.08835616547168
56.7103,-0.251008167416927
56.7874,-0.175797007397314
56.831,-0.136831218933636
56.8398,0.0692600887674502
56.9603,-0.164537149592405
56.9705,-0.0273568956967694
56.9737,0.0634077413165883
57.0043,-0.00617804896020857
57.168,-0.110361763147914
57.1883,0.0354267939720003
57.2032,0.0652558052157346
57.2426,-0.27184356023389
57.2476,0.0811850520423079
57.251,0.0322043948339328
57.2554,0.0444934099925831
57.2811,-0.0142413878164831
57.2839,0.0203999555717331
57.3039,0.0734002549779333
57.3746,0.0270154537775653
57.4751,0.087720517305975
57.7117,0.0657519417658605
57.7266,-0.0316313584462122
57.7771,-0.271843526456884
57.791,-0.0542848958298237
57.9478,-0.115165582230595
57.9695,0.0837250509727099
57.9954,-0.296467389788639
58.0607,-0.296696071108101
58.0905,0.0866277655303165
58.0919,-0.268004706343525
58.159,0.0132775831881276
58.1996,0.0940889091912283
58.2096,0.0619722602177077
58.2112,-0.153354598471822
58.2404,0.0273286109304252
58.2444,-0.158418158062403
58.2665,-0.0142797188401573
58.2992,-0.29725194434382
58.3375,-0.221015649739591
58.3696,-0.299724488624129
58.4356,-0.0691999534922232
58.4953,-0.174760994499259
58.5164,-0.264605001381454
58.5496,-0.058967669329931
58.5734,0.0935377170030307
58.638,-0.0838866809988232
58.6557,-0.301992537549566
58.664,-0.01467569462406
58.6697,-0.0329729890978854
58.709,0.044806101702612
58.741,0.0582846477520604
58.7448,-0.00817235188316801
58.7869,-0.147091898661259
58.8045,-0.0366247294474533
58.8528,0.0689104954885025
58.8618,0.0261160870770141
58.9217,-0.239653369039033
58.9953,-0.228359445335606
59.0369,-0.108838701782282
59.0409,0.0177875932244049
59.0473,0.0926652308926279
59.0486,0.0439373589500036
59.072,0.0302984278714789
59.0833,-0.304591948028246
59.0862,0.0177011636069011
59.1431,-0.149463274601025
59.2202,0.0598371621181002
59.2299,-0.300991042400511
59.2577,0.0480229851058098
59.3061,0.0802188548672333
59.3239,-0.218224162062924
59.4226,0.0869631250214127
59.4665,-0.167763154922525
59.4744,-0.111737905961007
59.5735,0.0242664615326191
59.6683,0.0187639725766289
59.673,0.00749590805570222
59.7617,-0.114071416133889
59.8859,0.0193620259999676
59.9542,0.0175955586230003
59.9726,0.0528892550720528
60.0123,-0.311932935818298
60.017,-0.279883491149249
60.0755,-0.029693727526876
60.0795,-0.0764994459537434
60.0869,0.0916478241051806
60.0887,-0.131550731187211
60.1708,0.00223323306006051
60.2162,-0.288081789035807
60.2425,-0.238827594968448
60.3189,-0.032758265338245
60.3398,-0.308213294719266
60.3459,0.102159007236885
60.3771,0.0236174406778389
60.3811,0.01937239963884
60.3982,-0.118828027297269
60.4091,0.026843080004312
60.4504,-0.101348264578917
60.5391,-0.129352613570347
60.6304,0.100275110997266
60.6375,-0.0617420976044727
60.6521,0.0907130650023618
60.662,0.093957992380524
60.6791,-0.267306506477603
60.6848,0.0603449665897458
60.7942,-0.267216023116596
60.8343,0.0876200089127082
60.9121,-0.249176886303879
60.9724,0.0189809636350589
60.9924,-0.308649935805001
60.9999,0.0948337285038789
61.0076,-0.126147478042881
61.0426,-0.245200675376402
61.0771,-0.0866760511682543
61.0984,0.0855830576162901
61.2178,-0.170752525084694
61.2623,-0.0099682108627448
61.2708,-0.0446779365428966
61.31,-0.00522703613086151
61.358,0.108554297174152
61.4198,0.0190471319306056
61.4857,0.0208923483947245
61.5008,0.0579739787973566
61.5263,0.0438001928563949
61.5607,0.11037064453587
61.572,-0.0683205197641144
61.591,-0.191716594232908
61.6068,0.110707025565638
61.6255,-0.236008283487664
61.6528,-0.272095283935101
61.6679,-0.297100594608224
61.7678,-0.00369354078563333
61.7761,-0.20937317028514
61.7855,-0.326284800777124
61.7994,-0.324247158304196
61.8381,0.109450053071157
61.8722,0.076693254294419
61.8848,0.106798263651008
62.0129,-0.104913457637409
62.0306,-0.235922167490287
62.0326,-0.0505467781702933
62.0411,-0.244931442087385
62.0838,0.0552490948469639
62.1142,0.0795480397169754
62.1149,0.0196738927043612
62.1334,-0.138779579434612
62.2225,-0.155657730418838
62.303,-0.106842972424808
62.3272,0.0848065318392415
62.4207,-0.306182819011454
62.4383,-0.328537787003881
62.4582,0.0728371063517699
62.544,-0.119912631494238
62.5845,0.0719026758640808
62.5999,-0.273702439166556
62.7051,0.00606175610353432
62.7486,-0.269822588000963
62.7957,-0.220342378432498
62.9059,-0.00142151406947022
63.0501,0.0328711284865477
63.0723,-0.230257930433091
63.0772,0.0805731637319838
63.1161,0.0421872931016267
63.2005,-0.0836052241066199
63.2097,-0.0464803760707824
63.2251,-0.0811833433422393
63.2519,-0.326951754446959
63.2564,-0.172060218944019
63.2788,-0.324918907963806
63.3445,-0.188663890661367
63.367,0.107969658604901
63.4069,-0.169726407959914
63.4269,-0.297286194871262
63.4845,0.0936777313230834
63.5136,-0.0262577794359729
63.53,0.0371182949892201
63.5389,0.0921860275075588
63.5805,0.0160997528122806
63.5875,0.0973814569099147
63.5897,-0.344251294817354
63.6908,0.0266024980247224
63.7747,-0.113907943558964
63.8002,-0.285879825706409
63.802,0.0307412065241337
63.8546,-0.327239218944165
63.8564,0.071831371931566
63.8842,-0.278879213918124
63.9121,0.121001939461763
63.9159,-0.0226041052641222
63.9666,-0.270789250662716
63.983,-0.157992049503314
63.9985,0.0332899757922576
64.0159,0.0609397278126735
64.0216,-0.107090521511452
64.1073,-0.332405515537033
64.1747,-0.301495941208969
64.203,0.120585348683761
64.2214,0.0427728356244899
64.2367,0.125005757815387
64.2819,-0.159497921888175
64.2905,-0.298429010089151
64.2923,0.0204704487040743
64.2933,0.0325461358291932
64.3037,-0.299914433979552
64.3946,0.0974850284899844
64.3968,-0.264949420859509
64.4051,-0.195222450640117
64.4402,-0.0569541541038632
64.5021,-0.349169035254576
64.5413,-0.258697238076095
64.5793,-0.0173251170153179
64.6098,-0.255042043620705
64.6415,0.113364982609141
64.6492,0.0784475424254367
64.7059,-0.351035104550931
64.7664,-0.340281648826704
64.8883,-0.318630318139427
64.9623,0.0490925335826518
65.0208,0.023070736757802
65.0841,0.0375185279682313
65.2034,-0.217622235277076
65.3402,0.118396160944229
65.3625,-0.261695215571649
65.384,-0.319523007808968
65.3915,-0.265757513363639
65.403,0.124587207755596
65.4569,0.0338345152549095
65.4751,0.00198741865267493
65.4897,0.114258338919541
65.6098,-0.16329923462952
65.6248,0.105766329915326
65.753,0.0345745641570829
65.7676,-0.109739313381013
65.8739,-0.138893330829376
65.8996,0.0112030150516347
65.9726,0.122331012778787
66.0706,-0.0189827274639924
66.1087,-0.362984556492592
66.1183,0.095204853219613
66.2007,0.088586453200449
66.2611,-0.255905833338204
66.2636,0.123125936927934
66.2996,0.0454455270179039
66.3052,0.132445871958865
66.3724,-0.137060328018705
66.3904,0.102888018236825
66.4144,0.00670098845181144
66.4271,-0.333848642887844
66.4541,-0.165540540728855
66.4791,-0.107063856493653
66.4997,-0.354577483347725
66.662,-0.359220518976088
66.7715,-0.202494300089128
66.7957,0.0148563251789113
66.8353,0.00838456417177724
66.8893,-0.159800343880832
66.896,0.127572957516151
66.8995,-0.0402077086948225
66.9539,0.0926909211494831
66.9684,0.112674773379482
66.9751,0.00550832081306396
66.9797,-0.207149466280256
66.9813,0.0211720597246057
67.0997,0.0226594386627852
67.15,0.111654552649256
67.1583,-0.255431700469387
67.1698,0.0614343175680858
67.1972,0.0213219566493734
67.2017,0.0213729524597852
67.2114,-0.354484342660029
67.2685,-0.022551392295
67.3369,-0.051266114074437
67.3448,-0.00251386555592603
67.4029,-0.260272917697051
67.4129,-0.286954308858242
67.4576,0.141809559564834
67.4587,-0.266675466867639
67.4708,0.128479568072748
67.48,-0.346576211686653
67.4881,-0.0491504768748996
67.5746,-0.147924668960812
67.5846,-0.379469267122261
67.6813,-0.381299603289406
67.7037,0.110856304577183
67.7539,0.136389274893105
67.8347,-0.249489435103229
67.85,0.126937842482164
67.8501,0.142287638941553
67.9095,-0.214465569264235
67.9348,0.0235264139185603
67.9493,-0.383059113995273
68.145,-0.0665796637523499
68.2433,-0.193519417426742
68.3196,0.0345323274796812
68.3628,-0.217132498829358
68.3696,-0.0512067051329268
68.3697,-0.374519140183565
68.426,-0.223229043263103
68.4361,0.146043849668885
68.4666,-0.279495724542016
68.4807,0.0222895646724908
68.51,-0.38758843275069
68.5109,-0.357753121179471
68.5154,-0.0387716643983964
68.5282,0.0217123780886652
68.5986,-0.051894197153274
68.6357,-0.318721559139306
68.6404,0.146239304706086
68.6979,-0.32310592027325
68.8772,-0.0179831179985825
68.8836,0.1074747965407
68.8867,0.108499624893099
68.888,-0.335352036306588
68.8926,-0.39089986782183
68.9751,-0.393086520408175
69.0222,0.0219784790249804
69.0244,-0.0403624012952264
69.0726,0.150908377447436
69.1329,0.125929611989847
69.1329,0.128088070879087
69.1858,-0.0665091321885285
69.1974,0.0190289834939961
69.2234,0.145699486414287
69.2814,-0.195484008205312
69.2879,0.0615705414659544
69.4444,0.0244896735002413
69.515,0.11241532946012
69.5249,-0.000175690440684662
69.5949,0.0243088340373703
69.6028,-0.274460526428214
69.6107,-0.365359024106965
69.6274,-0.0703588481551094
69.7019,-0.274446789519999
69.7197,0.144508412120061
69.7647,-0.376869259582875
69.8415,0.0276488624107145
69.8996,0.130660645479779
69.907,0.0809110740084833
69.9543,-0.366849272707853
69.973,-0.0268147938704431
69.9869,-0.0425778079262358
70.0068,-0.174093509567243
70.007,0.0308483979162872
70.0317,-0.397299751788069
70.0791,0.0786640756730321
70.1878,-0.398958741036466
70.2289,0.0665116093266818
70.2673,-0.116058287228455
70.2717,-0.341115877039229
70.2782,0.0588522501572157
70.329,0.158117068496907
70.3405,0.0973679469240949
70.3968,-0.200556794952419
70.4008,-0.158817519631484
70.4663,0.152310768216083
70.4885,0.104866921779873
70.5275,0.0809203078421348
70.6314,-0.408136085281612
70.6972,0.13338850680887
70.7512,-0.331608209298011
70.7603,0.115874884723112
70.7878,0.161174272599553
70.8095,0.153286112553715
70.8876,0.153937978205732
70.9047,0.0188580565930181
70.9342,-0.130921154208622
70.983,-0.207804638341216
71.0561,-0.0482462273120206
71.1543,0.0806692250400545
71.1984,-0.294666553226762
71.2814,0.142537845857561
71.3422,-0.046267754846113
71.3538,-0.0125382057250931
71.4093,-0.369047341990765
71.4804,-0.293436269318263
71.5372,0.0258021330291029
71.5488,0.0746047044014659
71.6197,-0.18271864685272
71.6223,-0.260118515707433
71.6402,-0.109222763854021
71.6561,0.0675886367979786
71.7075,-0.377773056972188
71.7336,-0.311499147026197
71.7564,-0.398680773484912
71.7916,0.151095692240361
71.8124,0.138925924943095
71.8706,-0.399749219321961
71.8776,-0.00541687275052993
71.8806,0.158143624306604
71.9038,0.0228180367561919
71.9493,0.102737405043783
71.9554,-0.221909894053724
71.9555,-0.313455741081128
71.986,-0.419073665087879
72.0287,0.122625839795376
72.0413,-0.377022914431507
72.1209,0.164448098107314
72.1983,0.155029083524525
72.199,0.0538903199516483
72.2118,0.0974664814895334
72.2557,0.164997200385514
72.2854,-0.0761377747029286
72.3292,-0.410312640106923
72.3793,-0.070434844878605
72.3903,-0.0147033095110629
72.3951,-0.225117496846607
72.485,-0.253805941929713
72.5208,0.160379184295834
72.5344,-0.0425769035035017
72.5359,0.106906325028604
72.5572,-0.298755491857975
72.5663,0.128784158513554
72.6116,0.115245296732226
72.66,0.0273083965356022
72.6653,-0.404561500908457
72.6826,0.172133804005455
72.7367,-0.355115654317018
72.7573,0.0712011227699207
72.7606,-0.429019952188767
72.7864,-0.428329033819637
72.7868,-0.10555761244737
72.7878,0.0929625150410232
72.8072,0.158898636373877
72.8403,0.0485650321663655
72.9009,-0.010023417273203
72.9298,-0.00602417367321095
72.9784,-0.429331620954031
72.9806,-0.105390020345226
72.9828,-0.370573246435427
73.0587,-0.280827501889192
73.0774,0.148580595235941
73.1034,0.076568568785973
73.1289,-0.125294650960356
73.2113,0.00497762700646831
73.2687,0.157659334784341
73.2807,-0.184464013557943
73.2868,0.023591073095858
73.2901,0.10902952125609
73.2918,-0.434897606746489
73.3097,0.163618008594952
73.3154,-0.409919686575833
73.3189,0.0137875407225039
73.3238,0.0325983964767147
73.3997,-0.41731599260531
73.402,0.0305828406199993
73.4488,-0.399558927416876
73.4816,-0.137253398927825
73.4825,-0.432909753581214
73.5076,-0.204359706580362
73.5372,0.0609834089470098
73.5485,0.159895653688011
73.557,0.177255140619565
73.574,0.136375606159461
73.6005,0.147107487726245
73.6119,-0.290442975496717
73.6298,-0.267895819247641
73.6479,0.171859051013129
73.6519,0.0672666681752503
73.6811,0.0915966146250184
73.7075,0.110428301024214
73.7135,-0.396548151918296
73.7188,-0.43943097369359
73.8461,-0.0442308128947673
73.935,-0.00310652251816634
74.0773,0.17563457644124
74.1069,0.0908208353690156
74.1255,0.0325959235653812
74.2706,-0.340982093443245
74.3377,-0.211772644456644
74.4127,0.0578557949754526
74.4215,-0.44483527998969
74.434,0.180805403706088
74.4533,0.182048108042807
74.473,-0.365694440324361
74.4783,-0.0289976346003442
74.481,-0.0633055035032442
74.5427,0.0708968920772008
74.5503,-0.326133447261896
74.5774,0.171886647490624
74.5881,0.0779136844259654
74.6061,-0.367692259863773
74.6182,0.174381856920803
74.6678,-0.368914970584427
74.7326,-0.101840960841884
74.734,-0.0466792715624393
74.7759,0.0256409146087151
74.8891,-0.374951676280077
74.9702,-0.199689286045484
75.0068,0.139156995010836
75.0331,-0.429162986374024
75.0332,-0.0258551155913835
75.0669,-0.0516532003328507
75.0674,0.0320620980937036
75.0848,-0.0585210145769537
75.1011,-0.05045961120274
75.1044,0.181025402249148
75.1208,0.0108084969064777
75.1293,0.18290970043428
75.1429,-0.249783712525399
75.184,-0.312465259905082
75.2229,-0.295212087286629
75.2541,-0.341167792122349
75.265,0.0344434354890524
75.2802,-0.190590894741817
75.3032,-0.121421420653832
75.3273,-0.434340415881849
75.3366,-0.451089818317428
75.3959,0.135912974586702
75.4293,-0.0312680623937922
75.4541,0.0391369120178666
75.4635,-0.0772959696122513
75.4683,0.0668113542256634
75.5559,0.149187199850601
75.6059,0.185845848121048
75.6181,-0.439134049590876
75.6523,-0.420723101085656
75.7362,-0.4136544522745
75.763,-0.209312878598908
75.7633,-0.10387530446765
75.795,-0.296727581934633
75.854,-0.417835822011455
75.8673,0.017132770816616
75.8874,0.0306514249228798
75.9366,-0.401088748107441
75.9799,-0.161512651002624
75.9918,0.0280430667735345
76.0428,-0.146511610275795
76.0857,0.0259432820974865
76.1442,-0.209135549370288
76.1893,0.180006339557281
76.2635,-0.398851427930069
76.309,0.0366878582515398
76.316,0.125298524322972
76.3574,0.180902024330919
76.3691,0.0993263911641122
76.4183,0.107213011595391
76.4256,0.102920485783358
76.4734,-0.147608768775555
76.5004,-0.414317531344224
76.6777,-0.385738986637904
76.685,-0.426864944074993
76.7131,-0.173435185396201
76.7599,0.0198119542712476
76.7664,0.0735544774875905
76.8177,-0.264308528110163
76.8378,-0.140503789297739
76.8401,-0.417448114417141
76.8452,-0.292220031477569
76.849,-0.135102172327194
76.8579,-0.37348313348015
76.8892,-0.418538364069562
76.925,-0.227404206355288
76.9809,-0.470291294902339
76.9871,-0.109216890441601
77.0285,-0.47088428309101
77.0659,-0.364210092088427
77.1231,0.0244460906438633
77.1283,0.113128020364442
77.1663,0.198685068703313
77.1745,0.0521414705516321
77.2036,0.0490416651238093
77.3482,0.0614023780920832
77.3902,0.184677937448569
77.458,0.02580945951361
77.5733,-0.250139538911199
77.5935,0.0246175623739191
77.6037,-0.0148415831675095
77.7296,0.119950613442199
77.7546,-0.480512674242803
77.8014,-0.161103285408345
77.8245,0.201953873481727
77.8247,0.192520493272511
77.9438,0.0858756795661719
77.966,-0.47004228614928
78.0104,0.0933534513029031
78.1289,-0.173115543916836
78.1523,-0.404724529358191
78.1833,-0.347744114016777
78.2262,-0.420996412442619
78.2685,-0.00142438374533072
78.3261,-0.461795875190205
78.3803,-0.482683719425083
78.3804,-0.483242636199378
78.3861,0.102167266631866
78.4379,0.183336770434749
78.4574,-0.214783900214002
78.4664,0.0208337686244704
78.509,-0.384332004526925
78.5112,-0.0772666385499861
78.5154,-0.48049970724179
78.5786,-0.0899829735542568
78.5988,0.0146121666918617
78.6024,0.0186823745345635
78.612,0.00573759063321688
78.6215,0.180946241147154
78.6314,-0.289881114506088
78.6563,0.118531049465219
78.7472,0.207079310198509
78.7924,0.0632097401417866
78.8318,-0.439858913490951
78.8625,0.178475442065377
78.9081,-0.468863296141663
78.9629,0.148851512422738
78.9682,-0.347682029182565
78.983,0.0489195388082635
78.9857,0.179847661581903
79.0907,0.0451649816174466
79.0909,-0.129538720360316
79.1201,-0.203218791552473
79.1259,-0.423491796199073
79.1337,-0.229336067555693
79.1517,0.136447744753028
79.1611,-0.406381400988664
79.2291,0.061408193341407
79.2578,-0.311314347582282
79.3495,0.163107131897334
79.3713,-0.0922204517064671
79.385,-0.00210741838722583
79.4329,-0.489383265632725
79.4615,-0.15175666192367
79.4932,0.175850146059702
79.5408,-0.117385614693475
79.5596,0.10975736694445
79.5747,-0.497452512184751
79.6021,-0.323877686737006
79.6063,-0.258905335443984
79.6103,0.0859387756476337
79.702,-0.336036670271014
79.7377,0.148986819529895
79.743,-0.100721405071297
79.8358,-0.46852739283004
79.8405,-0.451699049268711
79.8882,-0.137840729145495
79.8979,-0.165248318781039
79.921,-0.194262956826933
79.9795,-0.126521270147336
80.0063,-0.49589144990837
80.045,-0.320328366713213
80.0737,0.0288059026819383
80.1077,-0.31369471885408
80.1306,-0.497494890558244
80.1387,0.0330795203694834
80.1452,0.168555842405596
80.1454,0.0365081051979246
80.1549,0.00662124539640274
80.1555,0.139893020172167
80.1617,-0.346059776739139
80.2056,-0.429389246241698
80.275,0.21742159480209
80.3523,-0.394996474447908
80.4026,-0.435816654207798
80.413,-0.312018516793472
80.5539,0.117089095316189
80.5664,-0.355908109103069
80.6391,0.213402706505022
80.8943,-0.332254509417112
80.9009,-0.481015025524925
80.9384,-0.169220211665433
80.978,-0.110532487073016
80.9917,-0.451787221509107
80.9978,0.033615576012707
81.0105,0.16127030708104
81.0493,-0.441632166901655
81.0882,-0.363262346506573
81.0961,-0.4851509093548
81.1539,-0.423003914704651
81.3026,-0.18808694354496
81.348,0.227980900840336
81.3905,-0.270055440353644
81.4,-0.503397930689715
81.4078,0.00284159414941598
81.4352,-0.0833040110830581
81.4791,0.0594309541961735
81.5076,-0.271859834846182
81.5461,-0.51781390553144
81.5733,0.117288094770814
81.7555,-0.0625109307952982
81.7618,0.231247644824379
81.8049,0.222091525923062
81.8824,0.177385364773656
81.8859,-0.343865228831348
81.8871,0.00908014896106124
81.8915,0.0788500537884858
81.8935,-0.109493515058531
81.9079,0.095733344890931
81.9959,-0.0379753772612759
82.0421,0.102350210097512
82.0457,-0.356993451025971
82.1661,-0.160861931333699
82.2084,0.0812791524476637
82.2152,0.154983471496124
82.2216,0.230693529004768
82.2479,0.2183475980504
82.2873,-0.523777469365783
82.3628,-0.50930712711596
82.4444,0.0517997752784254
82.5303,-0.486794715162063
82.5397,0.17042120607347
82.5566,0.12938738298935
82.5723,-0.12019710068985
82.5784,-0.0863139509712454
82.5792,-0.150202322416561
82.5812,-0.0187044329195345
82.5981,-0.066584534397748
82.6483,0.025907083696552
82.6614,-0.4505626233654
82.7101,0.212728782598774
82.7705,-0.36141042670242
82.7852,0.0528645459399542
82.8228,0.226729766506224
82.9163,-0.468082057173504
83.007,0.213509621083674
83.0698,0.139763678120488
83.1114,-0.309423749585108
83.1181,0.229386356357452
83.1705,0.230608751141673
83.1733,-0.0676705019043311
83.197,0.0309647974392107
83.2604,0.226355199167415
83.3355,0.205779999474387
83.3628,-0.0424390048755612
83.398,0.171612223185704
83.4375,0.217377282974297
83.4426,-0.46313839480969
83.4594,-0.430146709111099
83.4949,-0.0561934967838198
83.495,0.00763907229585925
83.5014,-0.476418600745774
83.5142,-0.355580828693263
83.5285,-0.290726096458727
83.5351,0.172067066912248
83.5739,-0.472291437432631
83.5808,-0.0768377511913911
83.6119,-0.376761679789951
83.6712,-0.132619006061574
83.6889,0.0491578233408347
83.6982,-0.0223167224683891
83.7122,0.226973730920164
83.7574,0.235183646834344
83.758,0.147305500612774
83.7815,0.0390579335546164
83.8961,-0.546524204529959
83.9015,0.236494653743193
83.9202,-0.0227684891568884
83.9635,0.235226637006292
83.9708,0.0605544744681765
84.0171,-0.0320817767748593
84.1114,-0.452911994447931
84.1143,-0.167638730352195
84.1576,0.00112331697035017
84.2025,-0.126061828158015
84.2448,-0.517662660436002
84.2564,0.0280680053741236
84.2591,-0.476926586316907
84.2733,-0.541081047724205
84.3171,-0.289169237936861
84.3624,-0.493429150057324
84.4234,0.00116035695256755
84.4977,0.0205522358179309
84.5395,0.230862421056557
84.5523,0.0594542214702045
84.6082,0.0220046605371067
84.6869,0.0277427886693289
84.6969,0.0270419427413628
84.7692,-0.484824583595426
84.7738,-0.390405971673701
84.8987,-0.552291403184043
84.9007,0.082641720839149
84.9436,-0.245587364856362
84.9798,-0.00800617568914674
84.9834,-0.479903594279293
85.0045,-0.00960382531565074
85.0575,-0.500102346306562
85.1022,0.220290170856785
85.1101,-0.48785601306551
85.162,-0.552976229076492
85.1697,-0.553676459108829
85.1712,-0.323653583764454
85.1752,-0.173776305020311
85.1769,0.239622900371145
85.1788,0.0135034527677931
85.21,-0.559350859615662
85.2246,-0.55754900767171
85.2316,0.0436405412986858
85.2354,-0.548770074058282
85.279,-0.263354514205673
85.2931,0.0305916437663427
85.2943,-0.310718167410414
85.3241,0.198363823655427
85.3581,-0.121533290636506
85.4631,0.126409134235814
85.4878,-0.0486634628403237
85.5177,-0.020553176076433
85.5382,-0.0930682758904311
85.573,0.0175957103957813
85.5809,-0.0976584009893031
85.6333,-0.1295675581827
85.6745,0.14623396702261
85.6991,0.118899885049402
85.7088,0.028642388283771
85.7499,0.152360884647038
85.8972,0.229661615902373
85.9152,0.244636617765195
85.9166,-0.395563848148967
85.9318,0.10728181804302
85.9389,-0.516381832648619
85.9426,0.0220791016751321
86.0521,-0.252701624617387
86.0978,0.104244096682962
86.1321,0.0435057763624798
86.1415,0.107070690147907
86.19,-0.167501175018998
86.2782,0.120686146331735
86.2811,0.0346784056342244
86.3316,0.00407030276214471
86.3949,0.249499220406221
86.5671,-0.563352397589981
86.5977,0.028449010840589
86.6643,0.0726109669895862
86.6744,-0.5780479249687
86.6783,-0.110731813541392
86.6808,-0.3328075342733
86.7306,0.234539572628435
86.7367,0.0568574924938332
86.7444,-0.348273797281848
86.7851,-0.316691474571215
86.8417,-0.0421737453886948
86.8464,-0.0279579160021228
86.8498,0.264103251304178
86.9179,-0.130977824974153
86.9266,-0.568324128648115
86.9304,-0.0357295882113675
86.9538,0.0480756825453597
86.9702,0.26506067798789
87.006,-0.216811943741618
87.0285,-0.228077068273549
87.1194,-0.268070971862869
87.1745,0.0532802943285873
87.2097,-0.235141764070562
87.2456,0.268415436249001
87.2475,-0.574436264819937
87.2506,-0.0243498662244548
87.3387,-0.513809745766508
87.3398,0.213768939226
87.3767,-0.534022251133621
87.4261,-0.584124228729991
87.4411,0.272352602559323
87.4732,-0.0494911422911315
87.4825,-0.0962893012046919
87.5472,0.262988367665983
87.6264,-0.588855475706794
87.6516,0.0273363102937623
87.668,-0.213849436014613
87.6845,0.0285740006440847
87.7972,-0.0923681426670697
87.8068,-0.492461872800078
87.8244,0.193129254437039
87.9108,-0.272843491790226
87.9155,-0.0454819295471367
87.9162,0.0277909871587525
87.935,0.170253305248977
87.9501,-0.328673465676331
87.9836,0.273602605085259
87.9984,-0.523483472693272
88.0053,0.0285919646535859
88.0411,-0.590744437520215
88.1906,-0.002574991340623
88.1964,-0.265424925473013
88.2103,0.0835537345246138
88.2493,-0.318986010428787
88.2602,0.267229879552971
88.2726,0.205586122441559
88.2978,0.0455293710543856
88.3219,0.0444382073329734
88.3319,-0.433426327901103
88.335,0.272945292750734
88.356,0.0112464043540115
88.4108,-0.434381519697041
88.4507,-0.141556947901094
88.471,-0.23075370516176
88.4852,-0.469084276255529
88.5385,0.0402722328191487
88.5662,-0.178560837509366
88.5789,0.0825962693670306
88.6,0.0543661789168226
88.6015,-0.0211752321651915
88.6048,0.0188022716073704
88.6313,0.209391469293294
88.6411,0.149216793626124
88.6923,0.260168516123343
88.7258,-0.0685150017354914
88.7369,-0.448669340432716
88.7454,-0.340180722234891
88.8026,-0.132560492819195
88.8167,-0.345633429711171
88.8684,0.044343180044919
88.889,-0.22986924575045
88.9071,0.0206440847405673
88.9106,-0.273664685895412
88.9194,-0.528689358991471
88.935,-0.0150444963920791
88.9717,-0.0498307086490541
88.9918,0.282421591936895
88.9945,0.272966414223021
89.0015,-0.602952644978132
89.0309,-0.362482859778808
89.0437,0.283727424554115
89.0924,-0.530956652555133
89.1951,-0.018635233351219
89.2035,0.270382267864974
89.3114,0.2401152670041
89.3935,0.182330653739029
89.439,0.221859481807257
89.4401,0.263270180348997
89.4757,0.135853437675166
89.4814,-0.20549802637305
89.4865,0.0447843633875209
89.49,-0.575036500870809
89.5311,0.262893926650449
89.5451,-0.524373888362248
89.5682,0.0300001291189744
89.5753,-0.329446101281491
89.5899,-0.0756299759799077
89.5907,-0.558817344899921
89.5934,-0.16267538972491
89.5941,-0.461331021838333
89.5996,-0.60087774419091
89.6084,-0.0401866774108441
89.6565,0.0287648250634049
89.6622,-0.495470692665393
89.6717,0.201728946129364
89.6898,0.13662428292254
89.7237,0.182836002793735
89.7286,-0.0714039631088923
89.8011,-0.140502260040279
89.8078,-0.421477421295862
89.8416,-0.562466732278111
89.8974,0.107962092019747
89.9783,0.28997949190753
89.9948,0.0312710872047575
90.0026,-0.557128514364649
90.0052,-0.0304641561397574
90.0102,0.206465569597299
90.0536,-0.505851386270095
90.0542,-0.582198476358769
90.0546,0.105141346345732
90.0825,0.290848082739657
90.2432,0.225183845532612
90.3387,-0.526919586683789
90.3649,0.0477065151544309
90.4,-0.605728713079216
90.484,0.0252879418663525
90.4899,-0.621318758851473
90.5241,0.0227341629823172
90.5364,0.269618123556953
90.5462,-0.0797219222888117
90.5502,0.28828835162426
90.6238,0.238823261807198
90.6876,-0.624080540954537
90.739,0.0938302177294617
90.7743,-0.623536180330376
90.8654,0.290560022413416
90.9399,-0.0733247169362983
90.9843,-0.0842399434690435
91.0117,-0.381303735229054
91.0304,0.0414728397209529
91.08,-0.35597793949124
91.1357,-0.534941028604663
91.1404,-0.61661280034599
91.1552,0.0735395060832644
91.2125,-0.602075915329834
91.2297,0.263499160634524
91.261,-0.143760114373109
91.2732,-0.597918385774818
91.3781,-0.125728372075628
91.3811,-0.187593382853279
91.4138,-0.327446034912526
91.4998,-0.0090331476276333
91.5152,-0.0568024113692474
91.5484,0.161502383019425
91.5733,-0.515737367367535
91.6571,0.115484981010155
91.7087,-0.148502554213636
91.7341,0.198013945770441
91.7436,0.186116513245167
91.7756,0.0257217332605109
91.8298,0.136568882284493
91.8447,0.0759483793305122
91.8455,0.029403076773562
91.8485,0.304851744899068
91.8562,-0.525812658558863
91.8779,0.301639644260078
91.9002,-0.603108494898493
91.953,0.163628198777658
92.0491,-0.340503687829141
92.0529,-0.352505057329097
92.0721,-0.0399509280241261
92.0923,0.0548781371564644
92.1565,-0.344309056681851
92.1693,0.230199944871359
92.1867,-0.641072776298586
92.2344,0.145141558218839
92.2454,-0.0654448133826122
92.2619,0.0341990797767835
92.2758,-0.457487752909259
92.2855,0.182625945700408
92.3239,0.307630552722259
92.3464,-0.111028052762151
92.3555,0.0287646780532782
92.3954,0.0312222173508587
92.4032,-0.265615389511936
92.4343,-0.0453797592950735
92.4524,0.29193573692578
92.524,0.0293495433903104
92.5269,-0.644814499981791
92.5322,-0.553515385608009
92.5723,0.105220537609796
92.5835,-0.0542512388925047
92.6078,0.201991469375642
92.6156,0.0284149695497149
92.6587,0.275891835599964
92.6908,0.0436190476669367
92.7698,0.250094540768629
92.7847,0.147170504837348
92.8872,-0.409644149446109
92.9103,-0.525079994205925
92.9538,-0.0373637561402234
92.9944,0.313840526860687
93,0.106393640799155
93.0344,-0.628616593372726
93.0389,0.219961712049496
93.0462,0.0231344815064176
93.0744,-0.448605531137318
93.1114,-0.103265011866299
93.1622,0.311118426802111
93.1651,0.213640562828928
93.1943,0.305784728467202
93.2535,0.183890827107049
93.2717,-0.309405575317825
93.2822,0.130973978616453
93.3074,0.0234350934684358
93.3143,0.103351956314341
93.3404,0.233511558054346
93.3708,-0.626473730481536
93.427,-0.06928662604507
93.4272,-0.458140682747754
93.4333,0.0293461750248412
93.5518,0.284324789989299
93.5707,-0.486027834935811
93.5813,0.225334288310648
93.5963,0.256110565190724
93.6146,-0.613019221127985
93.7007,0.317734799434291
93.7155,0.276063779551706
93.7998,0.284175683836466
93.8098,0.0251856570691729
93.8141,0.252045679388672
93.8524,0.32110615240471
93.855,0.29616691411124
93.8599,-0.0568475095855234
93.8757,0.227851707930725
93.9072,-0.65797917535717
93.9139,0.152567100630307
93.9719,0.183474339245763
94.014,-0.0997932029422088
94.0787,-0.339464999372026
94.0878,0.311418786735473
94.1136,-0.396845226342862
94.3443,0.038890610786396
94.3975,0.00312492573189616
94.4502,0.0134726161633267
94.4579,-0.233511215896101
94.4736,-0.669892344865914
94.6665,0.00436278083546426
94.6961,0.0275910306355485
94.6973,0.0864939070661563
94.6994,-0.644029340878191
94.7185,-0.323762779625099
94.7434,0.302366611608605
94.7602,0.0884092512153387
94.7627,-0.291788749861837
94.7879,-0.552535227992507
94.8053,-0.41165052662042
94.8827,0.324691294461289
94.8974,-0.0945115868065614
94.9181,-0.665923098794181
94.9544,0.255032765961886
94.9545,0.195094878516272
94.9656,0.0453192915591245
94.9942,0.270241117107773
95.0725,0.195556615114413
95.0733,-0.512284607371086
95.0739,0.0267671537366141
95.0986,-0.612954552028555
95.1035,0.0614909698102366
95.1131,-0.677023800868724
95.1772,-0.678647149905387
95.2001,-0.41659477078899
95.2179,0.238940635279874
95.2391,0.0967994623906208
95.2515,-0.19337649360557
95.2805,-0.670528045992086
95.3338,0.0354399797035398
95.3594,0.0308923460302566
95.3636,-0.446892159597468
95.4094,-0.0923101187501629
95.4392,0.221935669845067
95.492,0.0976098772855494
95.5089,0.154969399785656
95.5151,-0.392509193554375
95.5211,-0.67267636393845
95.574,0.335425763485048
95.6421,-0.668166288358407
95.7627,0.266931443242058
95.8422,-0.679360847316957
95.8544,0.292431557740784
95.8699,-0.533063495258673
95.8908,-0.221844754734619
95.8914,0.12907534621516
95.8931,-0.647240265175967
95.903,0.0357689584854484
95.9104,-0.523130538998728
95.9132,-0.422875163193382
95.9295,-0.443288397233431
95.9777,0.102763668836431
96.0612,-0.31293937543191
96.0703,-0.0764128553080212
96.0891,-0.0837975399237934
96.1116,0.327933654011645
96.123,0.313672367667266
96.1335,0.31464382887485
96.1355,-0.0842640001214221
96.1575,-0.341226952243801
96.1622,0.104509783351801
96.2224,0.143880768260601
96.2406,-0.692356556573301
96.2512,0.0170709129483555
96.255,-0.313117532068702
96.2859,-0.0858306480076862
96.3251,-0.438638905465552
96.3255,-0.0469911772773628
96.3848,0.138649861673443
96.4128,0.120148214764498
96.4327,0.0701811198266427
96.4455,-0.494733937496562
96.4641,-0.519234382809515
96.5012,-0.331928453250541
96.5282,-0.458061174437134
96.5465,0.192353110655901
96.5558,-0.19218663491894
96.5605,0.329176935915456
96.5903,-0.696041930165194
96.6258,-0.474343643670807
96.6988,0.345033921029682
96.8328,-0.308512740973669
96.838,-0.490835945528318
96.8847,-0.259313442732747
96.8916,-0.0920499903952958
96.8957,-0.215135222261097
96.9154,-0.63784305214503
96.9257,0.178356554863811
96.9615,0.0941047399026331
96.9738,-0.468989655513695
96.9811,0.348593871711017
97.0181,-0.104060860669279
97.0279,-0.175211944779022
97.065,-0.246003890559535
97.1532,-0.0323049977503018
97.1577,-0.681238410335297
97.1858,0.0260308213780576
97.2052,-0.0690417988816705
97.2066,-0.522405055735561
97.285,-0.600326218724675
97.2857,0.0329044272331629
97.2989,-0.533178286673234
97.3534,-0.689993217852688
97.3734,-0.321459747010209
97.405,-0.612539078478491
97.4398,0.285904971620369
97.4499,-0.143008139195317
97.455,0.345618883726203
97.4623,0.325877708909758
97.4743,0.0952536975190696
97.4764,0.13180275871143
97.5082,0.318325222585585
97.5326,0.0515284819159803
97.5409,0.335998524171231
97.5631,0.0311667213645279
97.5788,-0.0910742481791829
97.5913,0.171155422274538
97.6629,0.0185005756888899
97.8302,0.0900047564303463
97.8307,-0.636615683462082
97.8427,0.0256926564468358
97.8598,-0.124013021693585
97.8833,0.125401971656999
97.9093,-0.505083559337905
97.9613,0.18196715227046
97.989,0.315745917959788
97.991,-0.262563505263614
98.0068,-0.506378306333332
98.0388,-0.0207666263268607
98.0452,0.178699517387884
98.0733,-0.709737354666927
98.0878,-0.662466306202589
98.0921,0.0333409425589934
98.1318,0.18272178875992
98.136,-0.000423763739192395
98.1499,-0.446954108406928
98.1972,-0.50332019218105
98.2191,0.0225070638342402
98.226,0.218497239629571
98.2288,0.181993986432957
98.231,0.150072595565987
98.3249,-0.712435969640978
98.3429,0.217438855011579
98.3553,-0.584225785928609
98.372,-0.411323741463761
98.4321,0.33350512820509
98.4714,0.111186994792192
98.4909,0.128583807414515
98.4932,0.0224104532836122
98.5034,0.173374231722875
98.5409,0.203888494950846
98.5648,-0.559703708803937
98.5958,0.102806007247267
98.617,-0.206419808955602
98.6284,-0.717188282260736
98.6368,-0.698863797062444
98.7209,0.000386356487936723
98.736,-0.588731222738389
98.7425,0.13604081783771
98.7751,-0.489063115294385
98.8277,0.0304582983564075
98.847,-0.722898448066033
98.8501,-0.100715708810483
98.8583,0.362993152699175
98.8874,0.128019261060103
98.9111,-0.583099068824694
98.9407,-0.148776325635751
98.9594,-0.684695962923115
98.9635,-0.199048304301314
98.9795,-0.352041364773129
98.9851,-0.643248666845892
98.9953,0.302117230238466
98.9956,-0.702733459845987
99.0062,0.360314804077049
99.01,-0.555757916631549
99.0291,0.0182347780519763
99.0503,0.198811251515792
99.0635,0.040271534548765
99.0671,0.351419799620089
99.0681,-0.72464097319758
99.0867,0.0482542351973763
99.097,0.357678117089137
99.1128,-0.457084011117132
99.1508,-0.132701890547068
99.1643,-0.231445365054824
99.2076,0.353569018655278
99.2178,0.0909557604007318
99.2236,0.233915966528699
99.2622,0.264897034567795
99.2681,0.104384428844966
99.2943,-0.329359898789576
99.3634,0.113937113420747
99.3786,-0.294076977539518
99.3843,0.132276675121304
99.4112,0.282087211683873
99.4136,-0.474683207805569
99.4243,0.15661998410944
99.4617,0.0135709754079443
99.4668,-0.724231204636368
99.4951,-0.732111119559704
99.5408,0.298279894856265
99.5685,0.184726887007869
99.5864,0.285495377532214
99.5938,0.18334733771141
99.6142,0.36989192728187
99.6269,-0.720216847399172
99.6276,-0.4856687254196
99.6381,-0.151428860063731
99.6477,0.219772885927753
99.6786,0.363351939268455
99.6914,0.356824056404164
99.7342,-0.599352031333467
99.7463,-0.368727634089552
99.7502,0.314745998543856
99.7543,-0.335977836369125
99.7837,-0.542032400876394
99.7883,0.153336422173439
99.8284,0.370458701481269
99.8329,-0.452615216576561
99.837,0.29866660653623
99.8535,0.0375625028474786
99.8789,-0.237531334567421
99.91,0.126177307354098
99.9277,0.289235417087355
99.9277,-0.468438987766206
99.9529,-0.151509390927075
99.9604,0.274567863248336
99.9681,0.240720175454655
99.9982,-0.730030769115885
