0.2878,-6.63716844546691e-05
0.2899,-5.06468538590821e-05
0.2997,3.17050976460509e-05
0.317,-0.000510004538750164
0.3407,-0.000117412304417308
0.405,-0.000978116597215306
0.4072,-0.000347932331712597
0.4134,-0.00079440102521372
0.4705,-0.000210095734479721
0.5318,-0.000592853945767913
0.5455,2.86910789546457e-05
0.5607,-0.00133520501370388
0.5648,-0.00151227024457878
0.6273,-0.00152713492083723
0.6467,-0.000709746318125926
0.6471,0.000149226544024605
0.6639,0.000109560169693879
0.6695,6.86182352931386e-05
0.6696,-0.00169053533836094
0.7527,-0.00125117529894592
0.7664,-0.000672628150881649
0.7712,-0.00144107029049168
0.7736,-7.64898924846547e-05
0.7754,-0.000892865649433805
0.8089,-0.00137549643348445
0.8246,-0.000157381133170098
0.8278,6.63729287085912e-05
0.8349,-0.000202525807678544
0.8531,-0.000722640640445582
0.8577,-0.00226438320399303
0.8626,-0.00234272732354412
0.8691,-0.00193945358383818
0.8795,-0.000964786032777942
0.8894,-0.00232256742583481
0.9059,-0.000538505280016754
0.9107,-0.00191454426130888
0.9409,6.16928718109033e-05
0.9485,-0.00219464398222902
0.9646,-0.00295966983031759
0.9661,0.000406755798303515
1.0199,-0.00271505010547002
1.02,0.000394275121642584
1.0229,-0.00102108578404536
1.0303,-0.00262649866238029
1.0364,-0.00189546306338539
1.0483,-0.00258474949332399
1.0814,-0.002783845982544
1.0908,-0.000279456758228935
1.0935,-0.0023133423600703
1.0983,-0.00189519547372474
1.1046,-0.00127361624210276
1.1082,-0.00288867973097107
1.1138,0.0003594514582963
1.1143,-0.0020766002461019
1.1158,-0.00245028810783321
1.1232,-0.00394446910233937
1.1348,-0.00415469776379851
1.1431,-0.0042402894778002
1.1563,-0.00100837483332805
1.159,-0.00312757788380402
1.1857,-0.00320280428757802
1.2099,-0.00223227933616155
1.2234,0.000282832141239142
1.2337,0.000526351821999782
1.2426,-0.00116197241012972
1.2469,-0.0047232850625194
1.2866,-0.00247301868123295
1.2899,-0.00476478830635174
1.2903,-0.00248116061424053
1.306,-0.00194907702380887
1.3143,-0.00224312113569103
1.3413,-0.00422964647535795
1.3472,0.000586973259406598
1.3654,-0.00373982747318391
1.3695,-0.00178960584596077
1.3756,-0.00262358262595153
1.3807,-0.000117115436861326
1.4014,0.000230613227559351
1.407,-0.00533386590071849
1.4145,-0.00274330417516166
1.4231,-0.0013680493350019
1.4327,-0.00620351958400978
1.4533,-0.00313105532230895
1.4581,-0.000903145519865367
1.4627,-0.00293565339417912
1.4643,0.000397070956309475
1.4694,-0.00295378859694151
1.4791,-0.00545238617157739
1.4961,0.000251161877016903
1.5014,0.000383769702085202
1.5101,-0.000391963902252268
1.5122,-0.000145269960329042
1.5222,-0.00274096149479486
1.5229,-0.00734402159933878
1.523,-0.00565800242129622
1.5353,-0.00196056333981964
1.5358,0.000182405802678254
1.5428,-0.00418973822671753
1.5437,-0.00171590262802357
1.5505,-0.000952836734128049
1.5599,-0.000417339587276411
1.5695,0.000237276256717767
1.5784,-0.00712732234055347
1.5964,-0.00431827763824888
1.5994,0.000183713858603163
1.6151,-0.00367054422453617
1.6192,-0.00256633106491977
1.6195,0.000391439332610544
1.6253,-0.00302919532919277
1.638,-0.00391430563365147
1.6472,-0.00686178862897457
1.6586,-0.00353774523518058
1.6591,-0.00839152064366955
1.6606,9.57523185276532e-05
1.672,-0.000980291332049577
1.6741,-0.00349067008454251
1.6815,-0.00423777480654519
1.7006,0.000407675073241354
1.7117,-0.00148123892716967
1.7208,-0.000345014886860229
1.7483,-0.00860009661910688
1.7542,-0.00922005471642628
1.7614,-0.0019472393563984
1.7706,0.000466377585648381
1.7767,-0.00674214767320747
1.7794,-0.00796345907602736
1.7845,-0.00493690434562555
1.7968,-0.00137737635430302
1.8002,-0.00485780008938774
1.8156,-0.000140917201511437
1.8178,-0.00976347827645219
1.8201,-0.0081484482988643
1.8225,-0.00466283972477477
1.8249,-0.00789604875212246
1.8271,-0.00332116726377296
1.8362,0.00053491112819759
1.8546,0.000233142342330961
1.8552,-0.00025876957359916
1.8558,0.000747544873174188
1.8567,-0.0034765631094833
1.8961,-0.00502974716764815
1.898,-0.00839319437694908
1.9025,-0.000580650475535016
1.9158,-0.0055277920557204
1.9264,-0.00378811913102584
1.9304,-0.00515694318070525
1.9356,-0.00318336486147031
1.9459,0.000215829903726039
1.9479,-0.00389798311630063
1.9573,0.000209237075993407
1.9772,-0.00496485977312844
1.9844,-0.0065602917852301
1.987,-0.00530692319069215
1.9975,-0.00396974208670509
2.0007,0.000587145801612454
2.0107,-0.0003740299704309
2.0118,-0.0084153008775214
2.0125,0.000524441651583274
2.0145,-0.00550468324152531
2.0152,-0.00890561813099477
2.0326,-0.00612510367739993
2.0404,-0.00501617253998266
2.0416,-0.00156428771480766
2.05,-0.00584622012184255
2.0511,-0.00202437159710689
2.0542,-0.00596730595011952
2.0598,-0.00891698877331137
2.065,-0.00565596233593357
2.0652,0.000799878850398894
2.0717,-0.00331194397407009
2.0751,0.000827100342664089
2.081,-0.0106421233890988
2.0896,0.00073788245324069
2.0898,-0.0122390731609689
2.0912,-0.00653220437196866
2.0954,-0.00766918411887518
2.0974,-0.00705410040946353
2.1172,-0.000730962466574336
2.1286,-0.00312656394862731
2.1295,-0.00578426080755534
2.1309,-0.00545578270340119
2.1459,-0.000503723341163109
2.1514,-0.00233198606022667
2.1535,-0.00357421236481015
2.1575,-0.00661922111253688
2.1579,-0.000134026844367252
2.1596,-0.00490448644472963
2.162,-0.00678942698261675
2.1629,0.000321662586023841
2.1693,-0.00799174804317904
2.1733,-0.00617687250287924
2.177,-0.00451058597543064
2.1793,-0.00667077845650921
2.1812,-0.00830532248837645
2.1938,-0.00673782813554302
2.1951,0.000472575573625456
2.1976,-0.000559222773710566
2.1989,-0.00290838838454244
2.201,-0.000389115316431266
2.2034,-0.00489742178876318
2.2068,-0.00685434709127941
2.2075,-0.00244279235247724
2.2132,-0.0133329107064983
2.2241,-0.00606720774065028
2.2384,-0.00740733434770613
2.2417,-0.0100244517467298
2.2436,-0.00621354669603935
2.2498,-0.000256407818197246
2.2509,-0.00897342137511981
2.2582,-0.00641289643814691
2.2612,-0.00385669849731585
2.2694,-0.0108115104827324
2.2789,-0.000248142887361524
2.2793,-0.00147618739983324
2.2885,-0.00610203564773748
2.2898,-0.00311784724271691
2.2918,0.000280350974278143
2.2987,-0.00816505467964657
2.304,-0.00308678019457664
2.3063,0.000523816700634061
2.3087,-0.00398200691812134
2.3091,-0.00642758936257692
2.3132,-0.0112758121821539
2.3139,0.00097489045232102
2.315,0.000616478087530847
2.3152,-0.0040389873448623
2.3178,-0.00378692286914184
2.3279,-0.0080400741087403
2.3281,0.000521614392424485
2.3318,-0.00481541226583326
2.3402,-0.00512318072296347
2.3465,-0.00650585912272561
2.3563,-0.00531087048823764
2.3572,-0.00237270353286778
2.3711,-0.000770664984172331
2.3726,-0.00154239622533936
2.3854,-0.008254178863774
2.3891,-0.00611660945907477
2.3923,-0.0137024996712722
2.3993,0.000907961804013535
2.4163,-0.0122186098916566
2.4229,-0.00371811698354252
2.429,-0.00182239845212662
2.4302,-0.000417625374484754
2.4369,-0.000529839790382347
2.4409,-0.0161400926227109
2.4466,-0.0127697960403075
2.447,-0.011152013517457
2.4495,-0.00564440701630131
2.4521,-0.0123016170301522
2.4594,-0.00470762942203384
2.4747,-0.00959227445012356
2.48,-0.0138621185326939
2.4819,-0.00236929052740686
2.4823,-0.00514439104574294
2.4894,-0.00335819542207405
2.4951,-0.0108815563970799
2.5144,-0.00307235130937311
2.5218,-0.00855271345542796
2.5284,-0.0149325071367059
2.5304,-0.00277857020975114
2.537,0.000982686439112257
2.5371,-0.00484359376487786
2.5436,-0.00456667546211742
2.5445,-0.00596017026141604
2.5471,0.000898872883410728
2.5481,-0.0152647841090086
2.5497,-0.00846027528015281
2.55,-0.0116857723702024
2.5502,-0.000134156922126483
2.5503,-0.00372313727005791
2.5526,0.00094876399351973
2.5547,-0.000479820277429432
2.5579,-0.00572082182351741
2.584,-0.00917577729222163
2.5868,-0.00240000462713308
2.5955,-0.00603829923523636
2.5995,0.000429128852573513
2.6092,0.000929964090559565
2.6136,-0.0119234117866913
2.6151,-0.00911220475479135
2.6155,-0.00245636677884775
2.6182,-0.00923024331839839
2.6203,-0.00632515709366066
2.6208,-0.012256535887385
2.6268,-0.0111964337383998
2.6303,-0.00176283085183959
2.6326,-0.000389285899418557
2.635,-0.00297634316989637
2.6372,-0.00917070691558663
2.6376,-0.00232442322761672
2.6383,-0.000346510435544456
2.6498,-0.00255217497806193
2.6533,-0.00700789236261734
2.6556,-0.000151349019482439
2.6634,0.000618821995661101
2.6645,0.000569772589389395
2.6672,0.000795167543065745
2.6686,-0.00917845881893831
2.6716,0.000837781761646728
2.6755,-0.00163062002420356
2.6773,-0.0110617143315501
2.6882,0.00084319512577169
2.6909,-0.00270926686120987
2.6952,-0.00312789193399965
2.7022,-0.0127464190155377
2.7024,-0.00827359888666601
2.7068,-0.00445837705849028
2.7085,-0.00714781291059952
2.713,-0.0161988482371336
2.714,-0.00659508761693317
2.7153,-0.00343535722659682
2.7169,-0.00474445359022679
2.7254,-0.006649157424087
2.7333,-0.00396665203747881
2.7343,0.000431099806326607
2.736,-0.00440053744414648
2.7371,0.000858546551227857
2.7374,0.000982907391211985
2.7375,-0.0125963115927008
2.7406,-0.0173006792182866
2.7446,-0.00655668786230912
2.7452,-0.00836393620041642
2.746,-0.000584339642193399
2.7502,-0.00849061273114149
2.7538,-0.00595684041167521
2.7548,-0.000526965598779849
2.7646,-0.00953130939728286
2.7667,-0.0116374358687259
2.7678,-0.000195515295476234
2.7736,0.000880048569284586
2.7809,0.00086091315185044
2.781,-0.000192849340773016
2.7824,0.00080045762056713
2.7825,-0.00321506823477291
2.7834,0.000273435501928709
2.7862,-0.0036666793454776
2.7884,0.000286032410055981
2.7991,-0.00722627582754143
2.8006,-0.0135027386996436
2.8018,-0.00577875860819432
2.8019,-0.000571913146954817
2.8056,-0.000554810285856799
2.806,-0.0161149993363279
2.8068,-0.0043224794005261
2.8145,-0.00630445547273828
2.8215,-0.00432253138562766
2.8334,-0.00583329199006588
2.8338,4.34324948477283e-05
2.8369,-0.00164128623970194
2.8385,-0.00680435575871963
2.8395,-0.00631959239102908
2.84,0.000596489922815469
2.8447,-0.0025476334665715
2.8453,-0.00212115388457246
2.8496,-0.00955047134293086
2.8559,-0.00976258381802619
2.8587,-0.00815825951370774
2.8597,-0.00391284815916215
2.8599,-0.000346059518305353
2.8658,-2.99369660439197e-06
2.8662,-0.00493662667407069
2.8664,-0.00115301264768464
2.8696,-0.00633775096537992
2.8716,0.00111940736558047
2.8748,-0.00237181152712829
2.8753,-0.00267683042040545
2.8792,-0.00903752682912762
2.8849,-0.00630454798779478
2.8896,-0.0088911604264168
2.8943,-0.00428687101400937
2.896,-0.0133780962495429
2.8987,-0.00897486623425703
2.9044,-0.0089071532656062
2.9073,0.00113750867083429
2.9082,0.000759238927476868
2.9168,-0.00332897949464561
2.9282,0.000482630810605844
2.9321,0.000158172805586609
2.9356,0.000497685203528331
2.9377,-0.000817212936023548
2.9462,-0.00108807401103173
2.9482,-0.011464801848514
2.9489,-0.00561092497832094
2.9615,-0.0104625292301845
2.9641,-0.00810213037170548
2.9659,0.000802569482862392
2.9696,-0.00586564316899096
2.9722,0.0011156945337456
2.9733,-0.00944237315353291
2.9736,-0.0019779843727834
2.9794,-0.0121664373914405
2.9829,-0.00773350576405818
2.9912,-0.00731829764365877
2.9926,-0.0112080376249377
3.0013,-0.00956724362192407
3.002,-0.0107383803292338
3.0073,-0.00152626859213845
3.0092,-0.0104226609770022
3.029,-0.00786454426657679
3.0364,0.000275525322961823
3.0444,-0.00611606834728029
3.0446,-0.00390495666006752
3.0462,0.000703872769499014
3.0525,-0.00961845655984295
3.0547,-0.001616613070754
3.0566,-0.00427748606226697
3.0624,0.0010945755792906
3.0643,-0.00210246488369981
3.0684,0.000790653848428136
3.069,-0.0110553548783088
3.0773,-0.00963991442346401
3.0809,-0.00159470046486465
3.0906,-0.00724749643905875
3.0916,-0.00426934599107032
3.0951,-0.00712699240143522
3.096,-0.0106850909505463
3.1073,-0.000816267109040147
3.1089,-0.00712551391429583
3.1108,-0.00132993003318127
3.1115,-0.00547739054585605
3.1124,-0.00275276562559057
3.1128,0.000341899776650223
3.1252,-0.00523252722565726
3.1318,-0.00313825276482183
3.1455,-0.0117665451681881
3.15,-0.000562079698180451
3.152,-0.00611559453134314
3.1689,-0.00929754770879798
3.1726,0.000637130801366848
3.1861,0.000770530575013417
3.1863,-0.00724017454268333
3.1867,0.00117452059914092
3.1879,0.00111187693850168
3.1892,-0.00236963701630266
3.1925,-0.00446582421765163
3.1967,-0.00115151394021851
3.1982,-0.00140420362644544
3.1999,-0.00273981674744617
3.2059,-0.00572594147431582
3.2076,-0.0121910424204579
3.2143,-0.00606697235298048
3.2169,0.000211417090412613
3.2249,-0.00590376402236847
3.2299,-0.0101061384899044
3.2357,-0.00528660571611717
3.2367,0.000951256689596391
3.2396,0.00105294481742613
3.24,-0.00362165203301945
3.2424,-0.0110192930298489
3.2514,-0.000267463792139377
3.2523,-0.0112620088405406
3.2525,-0.00140015409150029
3.2549,-0.00319949570039579
3.2589,0.000749583880915061
3.2625,-0.00371573829380889
3.2649,0.00133165196211804
3.2662,0.000674874099111378
3.274,-0.00748981324542974
3.2768,-0.0107055576786119
3.2774,-0.00370113287519525
3.2824,0.000704087627950933
3.2962,-0.00171768408513806
3.298,-0.00714120520344519
3.3031,-0.00208004802204087
3.3052,-0.0108379719137424
3.3068,0.000255897112764636
3.3177,-0.00725830344202283
3.325,-0.0050082736316206
3.3276,-0.00448440358767366
3.333,-0.00930015249712746
3.3338,-0.0114593083537398
3.3531,-0.00627205088154348
3.3549,0.000951082256485769
3.3559,0.00124546682005855
3.3613,-0.00115111977261195
3.3634,-0.0115286210779684
3.3706,-0.00467397876673958
3.3719,-0.011497580271882
3.3748,0.00120538615738663
3.3802,-0.0116073526620002
3.3806,-0.0105918304196262
3.3846,0.000342851248066989
3.3869,-0.0107800775269249
3.3885,-0.000242265034571698
3.3922,-0.00166413286892864
3.3965,-0.0108362782157343
3.3994,-0.00426837963461857
3.3999,-0.00753055557304183
3.4043,-0.0110664230012496
3.4134,-0.00639718108447251
3.415,-0.00864622909301582
3.4163,-0.00472603377376535
3.4168,-0.00202302789702236
3.4202,-0.00618808002677129
3.4238,-0.00845234963340546
3.4254,-0.0128248881039439
3.4293,0.00090137755925257
3.4349,-0.00783193819050076
3.4374,-0.00522411197893424
3.4388,-0.0135443044619543
3.4389,-0.00734800978376704
3.4391,-0.00830289995821509
3.44,0.0011849506157362
3.44,-0.000970088555340531
3.4447,-0.00348011301235962
3.4494,-0.0118961073912653
3.4565,0.0011853487023048
3.457,0.000814499717951112
3.4575,-0.00203707264586761
3.4602,0.000775000005183824
3.4652,-0.00394290371190698
3.4656,-0.00851175304030516
3.4674,-0.00834886827041981
3.4709,-0.00839364536275999
3.4742,-0.00995176297771749
3.4759,-0.0117823240317705
3.4767,-0.00451004650653131
3.4769,0.000246534778769458
3.4782,-0.0109858354400303
3.487,-0.000111965188823948
3.4881,-0.00766081483009051
3.4944,0.00137437795766981
3.5016,-0.00801153199031424
3.5122,-0.000606601661936157
3.5213,-0.000640288099107877
3.5225,-0.00559278665877549
3.5231,-0.0102584104151338
3.524,-0.0122692898507166
3.5246,-0.0136374859083452
3.5261,-0.00407324173202728
3.5393,-0.00963452675877763
3.5412,-0.00722171254810755
3.5437,0.00106476603907657
3.5451,0.000788622712646792
3.5594,0.00122110358310534
3.5618,-0.0127161158231388
3.5618,-0.00822420693453418
3.564,0.00105741486010569
3.5715,0.000538979578630805
3.5737,-0.00723411177891764
3.5768,-0.00388265404709642
3.5833,-0.00343031379386272
3.5946,0.00130365972298296
3.5961,-0.0101383618490529
3.6005,0.00113649296581997
3.6011,-0.00920409039924186
3.6013,-0.00401466760779989
3.609,0.00135182173786141
3.6114,-7.46851840323082e-05
3.6126,-0.000891366712232333
3.6126,0.000193032148422034
3.6181,-0.00634437407341215
3.6203,-0.00652390527185132
3.6224,-0.00792944733118306
3.6272,-0.00574493407605381
3.6277,-0.00238376562863385
3.6364,0.00136032522038176
3.6385,0.000999757223771436
3.6438,-0.0065137577674208
3.6465,0.000179768050586393
3.6483,0.000738752196522974
3.6496,-0.011485754137337
3.6499,-0.0115736686831176
3.6504,-0.00886103693694906
3.6513,-0.0115701354947761
3.653,-0.00353950182727258
3.6535,-3.00519238347619e-05
3.6542,-0.0100286243313343
3.6569,9.24965311366321e-05
3.6651,0.00115155874474837
3.6701,-0.00412999093939925
3.6726,-0.0127705356608647
3.6729,0.00101463847100103
3.6834,-0.00201038810310417
3.6881,-0.00901541841622944
3.6888,8.83783094844937e-05
3.6904,-0.00783529371699077
3.6954,-0.0059250903200514
3.6982,0.00136372826338071
3.7113,-0.0120686759264257
3.7133,-0.00720971647694846
3.7154,0.000796319089673592
3.7155,0.00122496661119209
3.7156,-0.000202029695632877
3.7197,0.00113447477907247
3.724,-0.00456631760605175
3.7255,0.0010243336696294
3.7258,-0.00996489129664102
3.7265,-0.0134759194024414
3.7267,-0.00789773310589359
3.73,0.000511398014960918
3.7311,-0.00483537401888023
3.7319,-0.0117441827101321
3.7321,-0.00421578338141604
3.7386,-0.00558532368936548
3.742,-0.00768186985098573
3.7483,-0.00407202105962012
3.754,-0.0114038029292836
3.7563,-0.00529092813805887
3.7584,-0.00641910538576518
3.7633,-0.00462912729900022
3.7724,-0.00317529748077439
3.7729,-0.000331515328161558
3.7748,-0.0116819288484784
3.7771,-0.0101409327488367
3.7781,-0.00381517223091699
3.7797,-0.00640286578660643
3.7807,-0.00203754857759009
3.782,-0.0123413943497912
3.7827,-0.0118664246459286
3.7838,-0.00916743370516215
3.7887,1.45968119338313e-05
3.7914,-0.00366809367442755
3.7934,-0.0110028496364634
3.7936,-0.00290734975920959
3.7961,-0.00325056161267012
3.7983,-0.0122060094696064
3.8025,-0.00460529525564368
3.807,-0.0107000715006089
3.8101,-0.00418521195194455
3.8105,0.000437051100706576
3.8135,-0.00498922604354846
3.8295,0.00153393272850488
3.8328,-0.00957904907593132
3.8328,0.00117589345268154
3.8448,-0.00345275732341754
3.8486,-0.00446528939144342
3.8519,-0.00509586088647218
3.8554,-0.00761805615610323
3.8578,-0.00922710125101034
3.8578,0.000563088094308384
3.8639,-0.00862957080546511
3.8647,-0.00342995030920124
3.8678,-0.00169520625509678
3.875,-0.0106394805520482
3.8787,-0.00822182412820416
3.8872,-0.0133699890296768
3.9028,-0.00681115700953105
3.9057,-0.00319737408811882
3.9104,-0.00109725460638366
3.9366,-0.00930536060191267
3.9372,0.000758596302103065
3.9375,0.00155219208665658
3.9382,-0.0112473864159872
3.9401,-0.0109087378915804
3.957,-0.00960772818161226
3.9648,-0.00919699869211543
3.9686,-0.00943810074774909
3.9699,-0.00406768357263765
3.9714,-0.0118810038983668
3.9735,-0.000128898978489556
3.9739,-0.010118583030537
3.9761,-0.00190674242727873
3.9764,0.00130616737970302
3.9768,-0.00112383936797888
3.9778,-0.00562253365462961
3.9795,-0.0038418390566024
3.9834,-0.000977427570206135
3.9836,-0.0117667040306197
3.9895,-0.00567609464565244
3.9913,-0.0109814124541776
3.9944,-0.00512815399322708
3.997,-0.00606187055182872
3.9975,-0.0121387791778553
3.9991,-0.0122652897282598
4.0012,-0.00925237450939331
4.004,-0.00641868333056017
4.0044,-0.00699076393045228
4.0046,-0.012356551608991
4.0087,-0.00120934947676332
4.0101,-0.00582412565890067
4.0131,-0.0108734838802595
4.0139,0.00153905778917363
4.0199,0.000263542973102382
4.0213,-0.0121809763514076
4.0225,-0.00822725673253633
4.0225,-0.00599418855797129
4.0247,-0.00377797219906384
4.0291,-0.0107993140907769
4.0307,-0.00966974081711403
4.0317,-0.00649114985625854
4.0437,-0.0105772665872008
4.0468,-0.0106551298926307
4.0518,0.00146985834466573
4.0669,0.00146624758931058
4.0784,-0.00567386631965228
4.0832,-8.16090691877491e-05
4.093,-0.00971746666604467
4.0934,-0.00601212032872489
4.0939,0.00124207405165322
4.0992,-0.00846303056109399
4.1052,-0.0123132770247709
4.1117,-0.00362839314523278
4.1136,-0.00478226614152266
4.1161,-0.0103159559650869
4.1199,-0.00970065823309341
4.1212,-0.0103139822594187
4.1251,0.00157805899058516
4.1287,-0.00783646303228203
4.1304,-0.00872802359421421
4.1338,0.00123976206631582
4.1356,0.00154225722493084
4.1367,0.00114801974084244
4.1391,0.00132867920702306
4.141,-0.00689712788079166
4.1455,0.00152168483735426
4.1459,0.0015034780313421
4.1514,-0.0013070664138457
4.1563,-0.0128547731902096
4.16,-0.000201133128603814
4.1664,-0.00701441858912766
4.175,-0.000597901613283547
4.1795,-0.00514868944967883
4.1807,-0.0123738277017988
4.1815,-0.0115606829696988
4.185,-0.0107650840874562
4.1861,-0.00929520775251813
4.1865,-0.00284648627186268
4.1868,0.00140471261418007
4.1905,-0.0029460606055256
4.1954,-0.0124801537540504
4.1972,-0.00318804876588885
4.1973,-0.00958025855442202
4.2037,-0.00792883261574939
4.205,0.00141581633141019
4.2122,-0.00929960394437845
4.2235,-0.0108320602045389
4.2236,-0.00296869912826736
4.2239,-0.000623998264041248
4.2246,-0.0125481762551543
4.2263,-0.00525582090455234
4.2319,-0.000916021162618463
4.2356,-0.0100497659373477
4.2374,0.000195244519631821
4.2501,-0.00634931737749866
4.2561,-0.00942459531561202
4.2599,-0.00851816813836592
4.26,-0.00260872124101397
4.2606,0.00136631770124307
4.2672,-0.0116541092025839
4.2676,0.00156964042409413
4.271,-0.01291106103956
4.2738,-0.00441291366661467
4.2788,-0.00513348679064052
4.2856,0.00134414857394827
4.2872,-0.00305754107789991
4.2876,-0.0109977778959198
4.2936,-0.010549588158776
4.2971,-0.0115496072993695
4.2974,-0.00477764102726752
4.2996,-0.00224811827208526
4.3033,-0.00491080305687142
4.308,-0.00508555409990663
4.3186,-0.000147081476860933
4.3189,0.00140293018425286
4.3208,-0.000405566950367309
4.321,-0.00362014682867695
4.322,-0.0064297786469476
4.3231,-0.00207401874562052
4.3261,0.00145722799720449
4.3293,-0.00388165226867976
4.3314,0.0015008010633446
4.3326,0.00144874815870732
4.3371,-0.00177657713809598
4.348,0.00146606233049784
4.3543,0.000118978264192826
4.3581,-0.00364304317358322
4.3604,-0.00556920083201717
4.3655,-0.00747622181101004
4.3667,-0.00127508337563498
4.3709,-0.000100180026070262
4.3731,0.000314043064810754
4.3774,-0.00179047250896236
4.3802,0.00160321139146813
4.3842,-0.0063752275826845
4.3844,-0.00531504435527719
4.3853,-0.0116503523327847
4.3868,-0.00367687945272266
4.3917,-0.0110115412315528
4.3921,0.000959422436928925
4.3946,-0.0111502929289244
4.3989,-0.00261875278900181
4.4032,-0.012374425998595
4.4035,-0.0125704834663223
4.4053,-0.00543611618694406
4.4107,0.00144833115107534
4.4117,-0.0132927649122472
4.4186,0.00148831455164888
4.4218,-0.00592678857738083
4.4224,-0.012054234443803
4.425,-0.00198042890769567
4.4291,-0.00178284399350659
4.4296,0.000428601487562297
4.4322,-0.00965393254381119
4.4335,-0.00117166623865028
4.4414,-0.011107265311928
4.451,-0.0111248673109738
4.4583,-0.00384517544820984
4.4617,-0.0111212534426652
4.4625,0.00117728105009718
4.4625,-0.0125961775250509
4.4639,-0.00789999371450456
4.4668,-0.0124994741676057
4.4671,0.00163161928296152
4.4759,2.29497563983827e-05
4.4819,-0.0122009437393293
4.4888,-0.0126710112712747
4.4984,-0.00851497509569032
4.4984,-0.0127446735022954
4.5008,-0.00159678227260063
4.5079,0.00181523410175188
4.5091,-0.0133175779463386
4.5097,-0.0113833857221435
4.5107,-0.00710094082698109
4.5115,-0.0112949449102029
4.515,-0.00316755436318594
4.5173,0.00066791027373192
4.5182,-0.000246954143737987
4.5215,-0.00880279872479939
4.5233,-0.00919617571084874
4.5244,0.000517621168377502
4.5245,-0.0104300991519972
4.5268,-0.00757642308696216
4.5275,-0.00862000659298534
4.5324,-0.0115104370643877
4.536,-0.0127382363001027
4.5364,-0.0123395810936202
4.5392,-0.0122466862687114
4.546,-0.0122888161140455
4.5469,-0.00700934166130729
4.556,-0.0134377411072242
4.5564,-0.0121480487855985
4.558,0.00129351885395845
4.5592,-0.00195406438595835
4.5646,-0.000805321854617347
4.5662,-0.00219844057984719
4.5687,-0.00824233829977405
4.5694,-0.00601232625051917
4.5729,0.000574965398832283
4.5809,0.000423613781154408
4.5819,-0.0132371247428553
4.5834,0.0015509587477105
4.5869,-0.0037901031645573
4.5925,-0.00643103609061946
4.5935,-5.0938500419484e-05
4.5965,-0.0101217944678647
4.5974,-0.00609992296180728
4.6003,0.00166431781899767
4.6083,0.000172688670962984
4.6091,0.000623448306400043
4.6106,-0.00437090756162206
4.6114,0.000874125198317088
4.6123,-0.0133832794433264
4.6129,-0.0115824988509621
4.6134,-0.0021522718095941
4.6141,-0.00199291217000752
4.6144,-0.00341325448103369
4.6165,0.00144029114639999
4.6236,-0.013681430748405
4.6273,-0.00811548514662785
4.6298,0.000616549632951546
4.6328,0.00164354130328803
4.6335,-0.0102354056382037
4.6345,0.00084072484637332
4.6375,-0.0130652707697507
4.6387,-0.0101737468542353
4.639,-0.00843382194724285
4.6398,-0.0124920943950917
4.645,-0.000215683923001642
4.6456,-0.00584769456578105
4.6458,-9.99526758072022e-06
4.6517,-0.00831976008065904
4.6518,0.000602873152428351
4.6547,-0.00462982043333771
4.6553,-0.0107150083225118
4.66,-0.0056573068789989
4.6638,-0.0085459068404008
4.6676,-0.00800649481962257
4.6718,-0.000321958462616401
4.6743,-0.0129691483911456
4.6769,-0.00487983714552165
4.6842,-0.00164260325785293
4.6857,-0.00951154627469553
4.6929,-0.00834568711809869
4.6951,-6.10828561873333e-05
4.6969,-0.0103762355646708
4.6976,-0.0131289226817026
4.7031,-0.00359799723873699
4.7052,-0.0137429350081799
4.7054,0.00123644427530412
4.7061,-0.0046447563131542
4.7066,-0.00782047072961412
4.7126,-0.0114623058093812
4.7143,-0.01247394102292
4.7188,-0.0104983477030043
4.7189,-0.0119821022477788
4.7209,-0.0128849316293573
4.7259,-0.00185608992258679
4.7267,-0.0127169185891356
4.7335,-0.0043726214922355
4.7343,-0.0117914513042141
4.7375,-0.0014504303529197
4.7383,-0.00956826633592645
4.7428,-0.00367949933678879
4.7431,-0.0047443369418918
4.7437,-0.00846582199352319
4.7464,-0.000974800332568471
4.7521,-0.00361791774890463
4.7586,-0.0136051939477024
4.7594,-0.0047950808613848
4.7602,-0.0124295765805256
4.7639,-0.000841177001555948
4.7642,-0.0116857948369207
4.7653,-0.00721331812998027
4.7662,-0.0131084286486916
4.7678,-0.0126295530135128
4.7714,-0.0111948640514443
4.7719,-0.0129641929365265
4.7774,-0.0131689363460961
4.7792,-0.00652496253987245
4.7794,-0.00881351395914187
4.7851,-0.0133448679106376
4.7868,-0.0014365794409219
4.7872,-0.00736980036460633
4.7885,-0.0116956658425424
4.7885,-0.00519445896729831
4.789,-0.0105067280581075
4.7914,0.00110913683534797
4.7967,0.000930164927479993
4.7975,-0.00435851265424603
4.7979,-0.00201876802351375
4.7981,-0.0129504479791862
4.8022,0.00191097419323505
4.8047,-0.0032342545285271
4.8092,0.00132945565310649
4.8103,-0.00316974811061232
4.8147,0.00140495323938516
4.8147,-0.013174403379475
4.8166,-0.00944793673481481
4.8207,-0.00231004500599408
4.8209,-0.00879206594603321
4.8213,-0.0104711465018985
4.8214,-0.0130988055630361
4.8225,0.00161166615653396
4.8243,-0.000269192490163661
4.8245,-0.0101141359552477
4.8298,-0.00491377603241272
4.8305,-0.00211672649488648
4.8312,-0.000745823651215005
4.8334,-0.00146780252741685
4.8349,-0.0115621672047279
4.8383,-0.00874810787457037
4.8415,-0.0104624173614081
4.8442,-0.00509792146519761
4.8446,0.000822605913143981
4.8455,-0.0131987582402608
4.8501,-0.00402006412616007
4.8509,-0.00301577132140363
4.8512,-0.0103996890105229
4.8529,-0.0130394618004352
4.8538,-0.010632922874203
4.8547,0.0016043986926837
4.8553,0.00196822895747673
4.8555,-0.013271717272314
4.858,-0.00380014815559981
4.862,-0.0125458460145911
4.8731,-0.00942513249439969
4.8754,0.000591822924030261
4.8895,0.000928949480102581
4.8911,-0.00372770725289229
4.8976,-0.00896216803341598
4.8976,-0.000322734191311014
4.9015,-0.0118108549479832
4.9032,0.000951534229816531
4.9037,-0.000343399614349593
4.9057,-0.00490123764399364
4.9091,-0.00400284809250184
4.9101,0.00118000406351815
4.9199,-0.00103734704039038
4.922,-0.00909575628101678
4.9303,-0.00416851226154957
4.9312,0.000251884082549836
4.9389,0.000342414792896761
4.94,-0.00457648925279663
4.9522,0.00154941432823463
4.953,-0.0124577617932804
4.9579,-0.0132416134890789
4.9623,-0.00904772756805805
4.9627,0.00210768176941833
4.9643,-0.00332052970219543
4.9695,-0.0105037617879802
4.9726,-0.00532011364106744
4.9726,0.00139914482933623
4.9739,-0.0102858970847128
4.9742,-0.0102252386016932
4.9747,0.00199898561450151
4.9775,-0.00133717408935752
4.9786,-0.0104703619478386
4.9818,0.00174574012766548
4.9829,-0.000379278096501068
4.9872,-0.013662354783424
4.9901,0.00174515255326302
5.258,-0.00224272758220234
5.2964,-0.0142755225799265
5.5932,-0.0145176402719827
6.0379,-0.00423470366782297
6.0646,-0.0076749611877478
6.3689,-0.00591660014774043
6.4232,0.000325086309518774
7.7715,-0.0164793386644675
8.9619,-0.0274205782239587
9.4095,-0.0218914741392435
9.5161,-0.00687551017573718
9.9256,-0.0153695056832746
10.0925,0.00251097198766281
10.6574,0.00307640227230088
10.838,-0.0122347974265562
11.0058,-0.0263317757691048
11.0676,-0.0312178159060608
12.2043,-0.027582498470947
12.5875,0.00340899926470861
12.6402,-0.0371453293410688
13.0199,-0.0172354775375396
13.2144,0.00553249255568566
13.261,-0.0216522368677232
13.319,-0.0346732911961372
13.5732,0.00126382345678522
13.9889,0.000204558772518126
13.9894,-0.00896158343944542
14.2099,-0.0214780555491085
14.2173,-0.0399726842284043
14.2307,-0.0426880217209611
14.2883,-0.0121257204473242
14.6904,0.00132947465119493
15.1897,-0.0406696384899252
15.9269,-0.00021450220160979
15.9413,-0.0424206451640412
16.0064,-0.00119432623535332
16.4452,-0.0388300718780705
16.4517,0.00164896795887159
16.4804,0.00540877961753239
16.537,-0.0341170125615946
16.6911,0.00674538934347879
16.9316,-0.0330955175558927
16.9449,-0.011824104926994
17.3861,0.00265166877072431
17.3953,-0.0095400287762466
17.4228,-0.0514242732764245
17.4572,-0.00946783669847306
17.4727,-0.0519848370712275
17.8321,-0.0474288599272157
18.2479,-0.0176394252673902
18.3596,-0.0570463326144015
18.5071,-0.0519840305906101
18.5562,-0.0529024741342141
18.6007,-0.0280093575727456
18.612,0.00773109331252186
18.7533,0.00581787717285565
18.9068,-0.0354033925851951
18.9357,-0.0587053932888644
19.218,0.00772580784434851
19.4038,-0.0115462875282795
19.4243,0.00825899958535814
19.5531,0.00836772837957866
19.8672,-0.0231402469640329
19.8936,-0.0534974392720287
20.0924,-0.00289324996283469
20.1,-0.0266968787447048
20.1384,0.00111713212195852
20.3091,-0.0626795606184061
20.4897,-0.0590056460148425
20.4967,-0.0603186588888001
20.8968,-0.0474656486592657
20.9309,-0.0469448799175609
21.0161,-0.00501432969019788
21.1175,-0.0673455412060093
21.4178,-0.0662097057698858
21.7384,0.0089505054145036
21.8207,0.00679632929523777
21.8279,-0.0448326431064956
21.9029,-0.0665878967739886
22.1122,0.00866379248873628
22.2581,-0.065969613620311
22.4512,0.000752899864281176
22.4852,0.00692293411646361
22.5177,0.00433669380343105
22.537,-0.0271086348071847
22.554,-0.00276913148681857
22.5869,-0.0315833227869113
22.637,-0.00024579807914904
22.7179,0.00818832285155224
22.7844,-0.00955633915015497
22.8494,-0.00437212333708814
23.0135,-0.00861096889746804
23.0814,0.00977802600982258
23.1112,-0.00205497377419661
23.1411,0.00875981946585469
23.3726,-0.0368251669829576
23.544,-0.0663335069236588
23.5771,-0.0699288986987909
23.5907,-0.00189888408452177
23.6677,0.00911536097165211
23.6937,-0.0676724545237342
23.7586,0.00657411440326072
23.7787,-0.0172944478062611
23.8696,-0.0340188792727574
23.9535,0.00409773348879838
24.1029,0.00837331240408901
24.196,-0.0682930529235115
24.2503,-0.0743540150410738
24.4114,-0.0696515520475494
24.4959,0.00642726742663768
24.7461,-0.0531925270175329
24.7937,-0.0382430114096728
25.0704,-0.044584260626408
25.1212,0.00161801059631728
25.1577,0.0110202798198777
25.207,-0.00343097435437301
25.3975,-0.0791500223519002
25.4061,0.0109851512362198
25.4463,-0.0838212614446867
25.7974,-0.043763673418951
25.8653,0.0116234390283481
25.8808,0.00946942628124248
25.9648,-0.00936316882972221
26.0161,-0.0872446505817912
26.2201,-0.014235963367522
26.3679,-0.0119630429360775
26.5127,0.0117800465382203
26.6731,0.00717571623031077
26.8055,-0.0893802603948401
26.8112,-0.0923672526155777
26.8514,-0.0117049329720196
26.9151,-0.0781713933693666
27.1606,0.00273097849357384
27.4825,0.00465401320807146
27.4861,0.0119356349862869
27.4908,-0.0608457895398828
27.5013,-0.0025316958031496
27.5184,-0.0656996800735712
27.5352,-0.0539593956151414
27.5981,-0.0952420081765872
27.658,-0.075777784799488
27.6646,0.0013384163840513
27.8087,-0.0939854270117451
27.8896,-0.0790957479786236
27.9589,0.00842999999092342
28.157,-0.0898128148704558
28.1941,0.013778479967204
28.2829,-0.0850770003445014
28.3883,-0.0691497286437901
28.4104,0.00549072636213666
28.4109,-0.0729401704774624
28.5407,-0.00127254950572109
28.5558,-0.0986954711448043
28.7622,-0.0223874184639499
28.785,-0.0432036379533365
28.792,0.0118074493999458
28.8279,-0.0343906732682804
28.8636,0.0129344997759766
28.8715,-0.0700567537548018
28.8721,-0.0728560044592861
28.8836,5.03021977245055e-05
28.8868,-0.0424652287841951
28.9096,-0.000821720610105103
28.9877,-0.0279739993302499
29.062,0.00134096104506298
29.0927,-0.0855208278217923
29.1319,0.0118197747939099
29.1925,-0.000473157499556009
29.3698,0.0145815693471718
29.4363,-0.10202694324056
29.4951,-0.0939562550449189
29.5068,-0.104931741558065
29.5183,-0.00642970706171297
29.5775,-0.00578199330561446
29.6388,-0.0398811090947646
29.6741,-0.0350179751690476
29.6776,0.00738567198703421
29.6955,0.0109622728241519
29.6992,-0.0902516508412212
29.8785,-0.102413184118927
30.1458,0.014587222129876
30.1619,0.0125346222677578
30.267,-0.00336477928566126
30.3032,0.0105252896473971
30.3365,-0.0325511305353849
30.3892,-0.00163525607288761
30.4461,-0.0567378165143602
30.4771,0.00802371570551585
30.5969,-0.00108035973272536
30.6061,-0.059649523318221
30.6092,-0.104553906661373
30.7039,-0.00756264529432826
30.759,-0.0882607922596748
30.8393,-0.0225135852222422
30.9135,0.00547400171227608
30.9462,0.012416614630304
30.9603,-0.112524085054453
31.092,0.0163119935764229
31.1059,-0.041563541525786
31.113,-0.0289185097988103
31.2742,0.00750828789545466
31.3121,0.0126611475242058
31.5493,0.0125451831181778
31.6219,-0.105384071421199
31.6781,-0.112258504011905
31.7586,-0.0458390553342909
31.7652,-0.0706644394439984
31.7962,-0.0787085871994293
31.8669,-0.116599404017581
31.873,0.0168856565194169
31.8757,-0.110775322484169
31.9257,0.0131341631587212
31.9261,-0.0637712155692078
32.0247,-0.089314923655138
32.027,0.000271008069667289
32.0907,-0.00489354597748815
32.2768,-0.0745490447608645
32.3326,-0.106292542136117
32.4559,-0.116857145177967
32.5904,0.00142738547933163
32.6468,-0.119023250095935
32.6715,-0.00179305000926178
32.6776,0.00217191719652732
32.7589,-0.0300187610668914
32.8512,-0.0646277303853182
33.077,-0.0170113934607627
33.6645,-0.105852188356536
33.6854,0.0126445989330151
33.8136,-0.00192204867520473
33.8409,-0.124589481768801
33.9129,0.0187941701969123
33.9199,0.0147686190373761
33.9556,-0.071181164683523
34.1192,0.0044194345778763
34.128,0.0104389416612847
34.1298,-0.0633634144083572
34.1865,-0.0718790289506757
34.216,0.00105733432673816
34.2494,0.00845013752140034
34.2531,-0.0450313831527112
34.2531,0.0132311121291977
34.2899,0.0111402432006358
34.3588,0.0131021853797151
34.4435,0.0102840256038021
34.4858,-0.0243603647895796
34.4979,-0.0509403515134466
34.6617,0.0071435195263021
34.9043,-0.00139063201410039
35.1183,0.0206692125164238
35.1945,-0.0487340324865713
35.204,-0.0439709285085641
35.4324,-0.133840582258024
35.4794,-0.0651538511750758
35.4945,0.000933126821870189
35.5463,0.00746118781481186
35.5816,0.0225765019282207
35.6125,-0.0749212082419248
35.6595,-0.014076021016713
35.726,-0.0042558637639587
35.763,-0.136705499500408
35.8916,-0.130102682522484
35.8939,-0.0612688124294039
35.9594,-0.0993466508678651
35.9869,-0.0121313589371823
35.9916,0.00964480186156891
36.0893,-0.0962949614143653
36.1101,0.0168409135556828
36.3021,0.00728986297613687
36.5849,0.0039949254801499
36.6007,-0.0519020651154491
36.7632,-0.0794435622562375
36.7932,-0.141574375790938
36.9003,-0.0309903497107769
36.9188,0.0129238257327415
37.0372,-0.143694140191798
37.2884,-0.145190326301645
37.3787,-0.0590749093125496
37.4094,-0.107723077747849
37.4549,-0.107458106276717
37.4634,-0.120643753436106
37.5341,0.0244862219298554
37.6381,-0.04754267709788
37.6663,0.0263293129508639
37.694,0.0141641816087557
37.8992,-0.126725849842607
37.9851,-0.121512637414874
38.0964,-0.0665390886469197
38.113,0.00784257467179827
38.1381,0.0130243193117039
38.182,0.0112635119439588
38.2911,0.0167174714624636
38.3347,0.0146238784579751
38.3449,0.00719247874425122
38.4261,-0.0702609561875107
38.4825,-0.0692939537520374
38.4955,-0.152925842711817
38.5265,0.0234416347332953
38.5344,-0.0393366302768783
38.5358,0.0179572975942364
38.5464,-0.152540287483866
38.5976,-0.13024782332019
38.6709,-0.0473488084204163
38.8835,-0.117777748987933
38.8891,0.0275062752551065
38.9383,0.0262149442820814
38.9725,0.0220120181145234
39.0758,-0.0704402866951668
39.1304,-0.156315470727954
39.1972,0.0266345293060084
39.2179,-0.112161076698968
39.3462,0.0148698957981921
39.3466,0.0103559326011009
39.484,-0.158725948291696
39.4963,0.0150393433965021
39.5083,0.00100233714838538
39.6362,-0.0801124761807159
39.7823,0.00163677990671829
39.9274,-0.149280615681633
40.0087,-0.116932087922365
40.0133,-0.0787423219655352
40.0329,-0.0276174358149888
40.0555,-0.0806887337549611
40.0689,-0.16116805111659
40.0824,-0.103898136184569
40.0856,-0.00278334536511693
40.1038,0.00646814564800735
40.1801,-0.157837507037954
40.1807,0.00318376734411885
40.2313,0.0308900760348934
40.2647,0.0188891731344256
40.3169,0.00394498570830137
40.333,-0.116744239664918
40.3974,-0.112433132749445
40.4551,-0.0319830235595262
40.4835,-0.12709735321841
40.6405,-0.15778264466811
40.9229,-0.100909274926302
40.9837,0.0154253619498803
41.0529,-0.036281029987947
41.0852,0.0369672398099681
41.0868,-0.0842863678052552
41.1933,-0.132671985111664
41.1995,-0.162898869729112
41.2449,0.030988219983719
41.3205,-0.138916661168352
41.4012,-0.0973493501484839
41.5216,0.0229588562936343
41.5323,-0.168976021446056
41.5722,-0.00242099567932996
41.626,0.0263854812711557
41.641,-0.0838802485841086
41.6938,-0.0327760254105911
41.7328,0.0123868167980987
41.7488,-0.169382718962694
41.8675,-0.0908023746701261
41.8882,-0.0780580360668282
41.9019,0.0103770182135534
41.9268,-0.173481634831987
41.9937,0.0240491887514551
42.0687,-0.0499483134038599
42.1165,0.0347506991265192
42.1912,-0.158612263008102
42.2208,0.0172235439484538
42.2599,0.0221607358538165
42.3006,0.0128878908735857
42.407,-0.116664175665655
42.4391,0.00921410682923351
42.4756,0.0144827384089439
42.5618,-0.0315598669065551
42.6025,-0.172812778966509
42.665,0.0376530976895353
42.6815,-0.0044753609407735
42.7947,0.00399127828833912
42.7985,-0.121777104174413
42.8119,-0.0720163379854171
42.8328,0.037265437981425
42.8757,0.0223541417894069
42.8773,0.0285415794978547
42.9724,-0.00167411130477291
42.9856,0.0419962756749968
43.0412,0.00764416496325282
43.0696,-0.0674340689818891
43.1409,0.0160229691667908
43.1849,-0.0965682750327943
43.1893,-0.175853454459208
43.2725,-0.130289393705304
43.3225,-0.159284242702434
43.3325,0.00832409270721257
43.339,-0.11887689425896
43.3794,0.0428324928802368
43.393,-0.112640077816359
43.4153,0.012484178826135
43.4383,-0.0117123489186142
43.4542,0.0126679758330894
43.5389,-0.0359337635865629
43.542,0.0339005587167236
43.5421,0.0190482556189906
43.5603,-0.00106986304074042
43.5805,0.0281810289547124
43.6266,-0.136669054455922
43.6286,0.0196516876915283
43.6942,-0.160021663285271
43.7475,0.013763805524583
43.8203,-0.184566415829138
43.8736,0.013464529113655
43.9981,0.0175196314831538
44.1018,0.0238113819890771
44.1275,-0.0872510984883235
44.1338,-0.115927856761367
44.1428,-0.133867301757242
44.1911,0.0141205464643264
44.3353,-0.000475749930565428
44.3766,0.0175943832291097
44.4309,0.0457128844197143
44.4323,-0.0202749742792392
44.5158,0.0257944269772068
44.704,-0.0654762731053182
44.7481,-0.189005025013245
44.9287,0.0343852595964051
45.0667,-0.0177944040735341
45.2218,-0.154483187825591
45.2621,-0.0820196595861447
45.3649,0.0284504805871322
45.4345,-0.0286159290255199
45.4362,0.0469398725941588
45.5446,0.0462201819310835
45.5912,-0.0583500478103858
45.6217,-0.139673450225075
45.7644,0.0229325138812513
45.7938,-0.0239876076709109
45.8182,-0.0171728252009942
45.8491,0.0495280333222041
45.9056,-0.100160683213723
45.939,0.0280872874583125
46.0486,-0.0165765617083764
46.0807,-0.0384826220338113
46.1096,0.0404848400762887
46.1271,-0.109054675969972
46.1495,0.0155519737928813
46.1779,-0.011143323376352
46.1973,-0.192964483160516
46.1999,-0.195392821182402
46.23,0.0362823890433646
46.2354,0.0410164052525346
46.3138,0.0249242591968226
46.4512,-0.192068365716999
46.5627,-0.108808545144306
46.6409,0.0467737245349298
46.7343,-0.137283193730795
46.7385,-0.197954032686447
46.889,0.0457304557952298
47.0638,0.0543915320574868
47.208,-0.134392104789526
47.2422,0.0329727019433506
47.2961,-0.131744660408678
47.3246,0.0512939383293016
47.3994,0.013659758804792
47.4777,-0.120195261254146
47.7282,-0.0354402502317939
47.7632,-0.192107949273705
47.8711,-0.146573109198499
47.8788,0.0164394030332105
47.9033,0.00384218347451082
47.9513,-0.00381267425706966
47.9802,-0.206891153992729
47.9868,-0.184648458090308
48.0469,0.0121667556008731
48.1068,0.0143437174503305
48.1809,-0.0340615755421894
48.1983,-0.183050314663149
48.2094,-0.213547368333465
48.277,-0.0626838683536235
48.3894,-0.0335564172773886
48.5106,-0.00362176190225227
48.5494,0.019960815649668
48.6279,-0.0772599626192516
48.6666,-0.117228046862671
48.8351,-0.218574658195337
48.893,0.0460266402126592
49.2593,-0.0471787931319483
49.3052,-0.148033367881631
49.3223,0.0555049677987469
49.4559,-0.058848997300899
49.511,0.0228806961373138
49.513,-0.157128004682754
49.5314,-0.107027901497823
49.6244,-0.194928790025834
49.6337,-0.155775644411428
49.7966,0.0590953150856564
49.8729,-0.209248983928717
49.8864,-0.0731118960455106
49.9545,0.0124505082664967
49.9773,-0.184490600243251
50.0537,-0.0635625671728803
50.1185,0.0204681604146302
50.1575,0.0275529912503032
50.1622,0.0160452865600078
50.2457,0.0208448118312177
50.2905,0.0034815269107682
50.3524,-0.179137135306945
50.3609,-0.187953029927684
50.3911,0.00162200427643455
50.4056,-0.201728892023127
50.457,0.0236433762681187
50.4663,-0.0790846154629534
50.5012,0.0635197589250467
50.5478,-0.0593852583179242
50.5966,-0.015974500097883
50.6503,-0.018292092864435
50.6671,-0.00386633351217114
50.6722,-0.226388860394337
50.6768,-0.0934136421837124
50.7895,0.0121761899138804
50.8569,0.044633522955607
50.8938,-0.148379448348884
50.9294,0.0209158232929383
50.9478,-0.129737766312047
51.0571,0.00299543567616212
51.1079,0.0192894496007128
51.1346,-0.0730092130802262
51.2114,0.0581956005212874
51.2795,0.0100954848759116
51.3012,-0.225120038181501
51.3038,-0.234071798183386
51.3107,-0.219760277034453
51.3309,0.0205032903119076
51.3671,0.0429476063141223
51.4554,0.0588578295338635
51.4817,-0.163610036336252
51.5784,0.0147213390745335
51.5892,-0.000782190297876184
51.6252,0.0373447721602673
51.6689,0.0336155553065538
51.8339,0.0238464792345141
52.057,-0.162712093697088
52.1232,0.0589152490213607
52.2259,-0.191886442894599
52.3638,0.0534720333407535
52.3741,0.0423843112405109
52.4075,-0.049023468061641
52.4379,-0.145868933916987
52.4956,0.0214164453919921
52.5768,0.0454487394680427
52.6896,-0.24530241312582
52.8087,-0.181063654032698
52.8291,-0.222476614866814
52.93,0.0672410833989758
52.9523,-0.205182334324363
52.9563,0.0250112307820487
52.9835,-0.0639576444495447
53.0013,-0.0681798848765425
53.0389,0.0730946629035216
53.0513,0.0204948067426827
53.157,-0.0555709309396448
53.1648,-0.249376608236432
53.2465,-0.219096543348186
53.2877,-0.249127247063363
53.5319,0.0431718003774009
53.5879,0.0296417685854564
53.7088,-0.231900829189428
53.7214,0.00183294076907714
53.7236,-0.109447567813035
53.7878,-0.11251682828761
53.7962,-0.0607272419792508
53.8317,0.00495458862094722
53.8533,-0.245658312682373
53.8543,-0.091237836928002
53.8758,0.0505057547801329
53.8762,-0.0686560624167214
53.9141,-0.0492559094918263
53.93,-0.199537411969878
53.9381,0.041895893053713
54.0018,0.0175918281170695
54.0221,0.0115314952304857
54.0292,0.0694901903342213
54.0888,-0.243622812360002
54.1058,-0.168817389182934
54.1681,-0.213464280083343
54.1692,0.0224636617549194
54.1981,-0.0873143050862524
54.2242,-0.0571162834730714
54.3132,0.0360833402465843
54.3798,-0.255455085630004
54.4776,-0.254397542440884
54.5808,-0.00145991776956578
54.5854,0.0815074450207618
54.6155,-0.104208127377717
54.6186,0.0483513719056248
54.6306,0.0714096201427523
54.6516,-0.244888052094353
54.6907,-0.217790609805085
54.6929,-0.0672363111504239
54.7122,-0.236591715759971
54.919,0.0600314459178577
54.9714,-0.143112493044782
54.9997,-0.0222919028341124
55.0187,0.0258589623997452
55.0469,-0.10164849360207
55.0557,-0.0143267141859198
55.0635,0.0202707597959986
55.0852,-0.218002456100557
55.1759,-0.175249375112152
55.2203,0.00850557694425902
55.2694,-0.246738455420733
55.3546,-0.0891449102849862
55.3974,-0.212793117638135
55.409,0.0251314804993399
55.4233,0.0197171162668255
55.5128,-0.058870434397349
55.5148,-0.212565956918297
55.5246,0.0789783550574299
55.6561,0.0123977875364929
55.6847,0.0250020252146115
55.6878,-0.244104730889724
55.7525,0.015689088858835
55.843,0.0414575085515665
55.8613,-0.0568905498244305
56.0083,-0.26430169860528
56.0237,0.0128670056835531
56.0504,-0.249238558927381
56.0516,-0.26123155943867
56.1031,-0.034644172150962
56.1515,-0.262598068835274
56.1738,-0.196697448066118
56.2291,-0.0386863362224048
56.255,-0.254083106435225
56.2621,-0.15096169438339
56.2633,0.0113928002829198
56.2641,0.0114028630961442
56.3025,0.0860948654311144
56.3642,0.0773080937926665
56.4498,-0.224048026837444
56.4725,-0.159881244788679
56.4986,-0.274522683298493
56.6249,0.0683750968059229
56.6375,-0.0122045911103683
56.6973,-0.0194315142504209
56.7906,-0.129677358609285
56.8449,-0.278467812471632
56.8816,0.0177861047006118
56.8972,0.0900232504761931
56.9026,-0.278905340941897
56.9034,-0.142517450956184
56.9623,-0.187494627363073
56.9852,0.0221117471694967
57.0664,-0.131174116255124
57.2984,-0.201111535225571
57.3252,-0.0128077592584788
57.3284,0.0847448935940847
57.4182,0.0484238714943288
57.4484,-0.0274703731322603
57.4873,-0.00252696475926228
57.6921,0.0225283968793377
57.7259,0.0893675406731234
57.7753,0.0932033518099757
57.826,-0.285162740268447
57.8641,0.0281542369015426
57.9192,-0.02634015437404
57.9298,-0.139544746509344
57.932,-0.127664754589468
57.9366,-0.182581601905142
57.9539,0.0946551891442482
58.0007,0.0241545376380117
58.0018,0.0233654783116677
58.0371,-0.206961209276351
58.137,0.0789317059113657
58.1645,-0.170781160973725
58.2495,0.0265030320666071
58.335,0.0513083638202545
58.3583,0.0728375072497727
58.3615,0.0235323578621234
58.3729,0.0354052022251778
58.4101,0.0755611554964162
58.4453,-0.29007913981745
58.5051,0.0965319263730322
58.5059,-0.177030849509983
58.5543,-0.290646730614398
58.5883,0.0756687873991524
58.6455,-0.29267890902517
58.6506,-0.292657347252792
58.7097,0.096687967982426
58.724,0.0238150312124432
58.8261,0.0554640132112993
58.8382,-0.289447483846473
58.916,-0.1952050839731
58.9169,-0.276939720886219
58.9496,-0.192501676329968
58.9851,-0.295464805948328
59.0712,0.0574607269722094
59.1283,-0.291089495881181
59.1386,-0.0502302645314714
59.1624,-0.295794724106862
59.3777,0.0973662199138019
59.436,0.0378073522780014
59.4659,0.00634716984325223
59.4789,0.00863026574771908
59.507,-0.107602705424419
59.5156,-0.28462070301287
59.5448,-0.000535387939727627
59.5767,-0.29843998235102
59.5973,0.0738094936962383
59.5976,0.103299972914172
59.6382,0.0234385270757755
59.648,0.0172793731874492
59.7599,-0.0239841937444822
59.8172,0.0308120103253131
59.8536,0.0511234163275347
59.8854,0.0578503972707338
59.9007,0.0335773860333646
59.9582,0.0591744072121827
60.0794,0.0116420338950434
60.0871,-0.222110172335327
60.13,-0.18444346039395
60.2336,-0.297177168817122
60.3434,0.00615831594345195
60.3849,-0.0811575763528225
60.5526,-0.286014511070029
60.5611,-0.0213777982233267
60.5999,0.0223143056709816
60.6427,-0.299884053129482
60.6447,0.0421671152453698
60.7264,-0.285254697487453
60.7622,-0.30788874804373
60.8247,0.083428434508825
60.8778,0.0840146729906976
60.9281,0.108524053416076
60.9868,0.0284797413402416
61.0202,0.0233928290220504
61.0379,-0.0732205106993504
61.1028,-0.193033818588674
61.1374,-0.0899140796081994
61.1868,0.0319320923144204
61.2404,-0.0389468028081694
61.2455,0.0687330654218243
61.2694,0.111261510271468
61.3612,0.069403133795511
61.4293,0.103868251176863
61.4404,-0.256048303865427
61.4994,0.0657214130404924
61.5206,-0.00635859494235547
61.5499,0.0636020672964079
61.5786,-0.258687314816882
61.6131,0.00797505466744042
61.6261,-0.287294578189822
61.801,-0.12767683815612
61.8666,-0.176978278798529
61.8787,-0.0373790757438073
61.9057,-0.0178880686248775
61.9365,-0.0469885671993211
62.0386,-0.313387379521203
62.1314,-0.304014021360743
62.1325,0.099847373084458
62.1544,0.102912435815881
62.1651,-0.139063609437471
62.1732,0.0299624703540147
62.1861,-0.167779885107279
62.2146,-0.282258121514268
62.352,-0.315355221385587
62.3533,0.0251387019114588
62.3794,0.0951132658252689
62.4023,-0.0726108474415241
62.4134,-0.206010573797833
62.4434,-0.214800615685192
62.4774,-0.133864434131461
62.4885,0.0143813006007463
62.4957,-0.221183758804393
62.7428,-0.301834727012654
62.762,-0.0429999375030903
62.7641,0.0763719808073802
62.8859,-0.0162125574606549
63.0004,0.0112960442521128
63.0187,-0.262007242848078
63.1264,-0.250078420715411
63.1536,0.102620818463116
63.1633,0.0870730950046266
63.2208,0.0518717135864506
63.2633,0.0710436794555349
63.3596,-0.329330051475026
63.3653,-0.321777867250269
63.3938,-0.295753069235367
63.5018,-0.329064941073248
63.5316,0.0458560926475542
63.5613,0.100505282982191
63.6744,-0.0499582346028262
63.6873,0.0164064507357438
63.6915,-0.311225017072765
63.7251,-0.331403241730101
63.7554,0.0519007999731045
63.7612,-0.240523733676696
63.7669,0.0359906005531059
63.8108,0.0891953153087215
63.8155,0.123130245930319
63.8473,-0.208273859514811
63.9465,0.109400007723906
63.9544,0.096933616948192
63.9867,-0.293247635211927
63.9935,-0.0668154516470452
64.0797,0.047069534953593
64.0809,-0.250490090585799
64.0929,0.0897501740696498
64.1069,0.0214030870829305
64.2034,0.026363192374447
64.231,-0.189327298439679
64.2597,0.0664537342064193
64.2754,0.0983473748000563
64.3168,-0.113356890733328
64.3579,-0.32512544211616
64.4896,0.0697458091887171
64.4956,-0.32158151773362
64.5586,-0.167891578367104
64.5855,-0.274878147645751
64.6544,-0.170153441357101
64.6636,-0.0368809633035312
64.6761,-0.167349714906337
64.7025,0.0106171142095661
64.7089,-0.205102534065617
64.7146,0.0269298052210303
64.7233,0.0264025342368228
64.7822,-0.125482512825343
64.7897,0.00790849256307524
64.8618,0.0250860079003985
64.8957,0.027120812270681
64.9016,0.118545022130007
65.0013,0.0884067202164687
65.0133,-0.165267877782028
65.029,0.0997270589334533
65.0524,0.0211699820385718
65.0626,0.0441030698904541
65.087,0.0205524227340135
65.1269,0.0166554646293804
65.1302,0.106260711609337
65.1912,-0.287631603681788
65.1998,-0.0426329173372153
65.2265,0.0303751586119887
65.254,-0.227541096271338
65.2555,-0.294150486990901
65.2982,0.128188748097401
65.2997,-0.303505436774586
65.3097,0.0446084793042161
65.4575,0.124720161182083
65.4817,0.0154623227332849
65.53,-0.170126198024519
65.5612,-0.000836490216812535
65.5981,-0.127578973190381
65.6177,-0.332051213134505
65.6361,0.012748814276847
65.6543,0.0275905883231928
65.6549,-0.22105414195002
65.6909,0.0763797271693107
65.691,0.0301168735406065
65.7148,0.0800605901179097
65.7156,0.129470634495576
65.7917,0.0534652921997179
65.8104,-0.351741457096864
65.8457,-0.320372313430596
65.8606,-0.0210131931370512
65.865,-0.0576359508343387
65.9107,0.124998180037508
65.9177,-0.185665314461318
66.1212,0.102250505327291
66.1349,0.126071807220129
66.1376,-0.0471380429345913
66.159,0.116511979086425
66.177,0.0189985136875777
66.2335,0.0948120513771471
66.2354,-0.198282796150735
66.3336,0.0492359231866004
66.39,0.121905270284159
66.49,0.0779794026587268
66.4952,-0.343131357529799
66.5116,0.105047092982289
66.5122,-0.328142522286115
66.5307,0.0318171107508505
66.6285,0.122180997405778
66.6463,0.129510295055297
66.649,0.118849238923914
66.649,0.118370646214942
66.67,-0.134478339504469
66.6824,-0.14964310927823
66.6956,0.128018128728058
66.7373,-0.277837407138378
66.7657,-0.361272542160108
66.7746,-0.0486579715359738
66.7903,-0.0727416632119713
66.8649,-0.0342416254954969
66.8989,0.0615028031356815
66.9256,-0.358440459319951
66.9371,0.116807573489211
66.9714,-0.27491942553219
66.9729,0.0870601345378219
66.9921,-0.318381478661195
66.9942,0.0902053014154092
67.0255,0.134385168669112
67.0936,-0.0147387422768901
67.1137,-0.324028310947725
67.1234,-0.354784059632209
67.1353,-0.185275095932596
67.1374,0.0568884156100466
67.1476,-0.36372811709316
67.1678,-0.362162503509069
67.1798,0.00444073984319004
67.183,-0.282805392145889
67.2337,0.128822378486817
67.3661,-0.341164743134698
67.416,-0.269882739067583
67.4906,0.0811822098724377
67.6039,0.127107599817293
67.6091,-0.343686162068579
67.615,-0.362131106653493
67.7432,-0.124532239833997
67.7484,-0.369328938289996
67.8088,-0.319083071410617
67.8246,-0.36593776673709
67.8543,0.0210367885685088
67.8954,0.139691708402381
67.8974,-0.205090025752312
67.9444,-0.00861549475166612
68.0024,-0.366966613242454
68.0196,0.0543064633020265
68.0234,0.063020517017506
68.0238,0.074835421888281
68.0292,-0.26878577495647
68.0628,-0.218441146654797
68.1811,-0.148762112066791
68.2486,0.0675622980342467
68.25,-0.368795139725037
68.3202,0.0786201870719623
68.346,-0.175272073232208
68.3498,0.0269937993101195
68.3601,0.0769702486324633
68.3841,0.142158886873574
68.3923,0.142425328556087
68.4191,-0.200685219343072
68.4357,0.00947225367966098
68.4499,-0.28779756911041
68.513,-0.0415702347432614
68.5543,-0.367615269466043
68.6548,-0.37726525684019
68.7196,0.0265787913533302
68.7548,0.0978149065310561
68.8584,0.103350209132614
68.8593,0.0691272787906456
68.8872,0.0276043324551409
68.901,-0.246020666285162
68.9459,-0.0580980779740088
68.9518,0.142981223547665
68.9559,-0.346343842899628
68.9795,-0.326773569713424
68.9833,-0.207031002379793
68.9971,0.00381523993728194
69.0726,0.0385931251199736
69.1041,-0.208356105634721
69.1238,-0.104067971962237
69.1367,0.14912357129414
69.1918,0.141082143116577
69.2033,-0.368021191163407
69.2478,0.132406145206062
69.2647,-0.378978234943062
69.3065,0.148584949722249
69.3094,-0.161128543881205
69.3099,-0.141771529078369
69.3218,-0.0377446381384487
69.3586,-0.190677727188898
69.3643,-0.26004789554635
69.3652,-0.34772385917465
69.4901,-0.381147994315498
69.4928,0.065405741215514
69.5155,0.152976769559075
69.5646,-0.332153605960329
69.5731,0.152178184291287
69.6104,-0.340409567991315
69.7459,-0.266196331050111
69.8261,0.00718192685498309
69.8608,0.147319575004957
69.9122,0.0594739880429955
69.9295,-0.0851897108059063
69.9911,-0.215838338877745
70.0484,-0.390183781407103
70.0746,-0.322353063607295
70.0815,-0.051054415898875
70.1719,-0.0960016285366123
70.1802,-0.0475158180386899
70.1819,0.0960452968367917
70.2667,0.0999324992979638
70.2851,0.0123252351822174
70.3418,0.152640666819067
70.3633,-0.0337368931632653
70.3681,0.140103256704464
70.4489,-0.296679778238158
70.4888,0.102367378335032
70.5331,-0.0194850129005459
70.5339,-0.0114814176476585
70.6087,0.0484656281756202
70.6251,0.0931797621298927
70.6548,0.130022431540027
70.6731,-0.367907560286724
70.7082,-0.00765518082052097
70.7221,0.125538439063106
70.7292,-0.03641100995371
70.7352,0.0232916537845966
70.7408,0.0553232246094808
70.7505,-0.283685420340205
70.8694,-0.380855814694016
70.9541,0.155324892549231
70.9562,-0.373125413778325
70.964,0.0933347684241141
70.977,-0.200554700506402
70.9861,-0.0214128298002834
70.9877,0.0264494538135409
70.9994,-0.258564203273266
71.0349,-0.0309856356012261
71.0456,0.0258769236414338
71.126,-0.397354340642082
71.1286,-6.99794978231694e-05
71.1358,-0.0798167381287556
71.1877,0.0514866803692229
71.1998,0.101024450828135
71.2467,0.0534824920019616
71.2721,0.0584722036604717
71.3315,-0.378899148885807
71.3627,-0.181066883331681
71.4235,-0.335395775407463
71.5224,0.160888010257878
71.6392,0.0746012482481007
71.6532,-0.183408073400443
71.6612,-0.0383598500687441
71.7543,0.0291695777697782
71.7681,-0.3205495394091
71.7681,-0.136299064227401
71.8448,0.0471119913376583
71.8606,0.100976106372642
71.8734,0.141469694992452
71.9649,-0.331228804601224
71.9804,-0.266046883394736
71.9984,0.0344813981053704
72.0311,-0.292045064571468
72.0498,-0.307800013139072
72.0743,0.134486005964902
72.0964,-0.391630592102331
72.1021,-0.0277322551247607
72.1567,-0.407958250255888
72.1837,0.0367391036084967
72.2314,-0.355610922292669
72.2453,0.033866159887026
72.2493,0.165127516659496
72.2521,0.118645097128777
72.3131,0.0734118029788249
72.3908,-0.0734775087082227
72.4661,-0.286549747764028
72.5048,-0.409943378703062
72.5111,-0.403073708699424
72.5436,0.103940379719944
72.5945,-0.292488294450848
72.6699,-0.046910158484593
72.7762,0.139734574007136
72.8685,-0.088848210512495
72.8989,-0.0342526448401657
72.9098,-0.0299642372644513
72.9336,-0.342985469297588
72.9425,0.146407849621738
73.0053,0.0803458411316598
73.0061,0.17025513725433
73.0461,-0.23675586074171
73.0781,0.157006913664816
73.0867,-0.0930353909844683
73.1171,-0.289661402904699
73.1272,-0.227278506876715
73.1488,-0.0336373646870527
73.2679,0.052396337411551
73.2759,-0.357544994308654
73.2785,0.162720014411846
73.2839,0.00388943582956358
73.3448,0.0210859053450321
73.3574,0.126029015124956
73.4478,0.175777380904037
73.4562,-0.284589681509516
73.458,0.075216489792453
73.484,0.0997191745234147
73.5347,-0.370633299256923
73.5392,-0.11920531282837
73.567,-0.397786799737915
73.5965,-0.359702598138611
73.6139,0.156220197220989
73.6313,-0.401910021038759
73.6418,-0.306613770435817
73.6438,0.0675772348109405
73.6913,-0.35140235034153
73.7016,-0.231773121860556
73.7094,-0.250644002716797
73.7391,0.0132458747829958
73.7746,-0.411576661043341
73.8158,-0.10234218322671
73.8896,0.171406917598176
73.9055,-0.416745729106495
73.913,-0.114705381342702
73.9291,0.126650841972904
73.9629,0.0277232575620445
73.9965,-0.420317049718349
74.0466,-0.356767077939637
74.0607,-0.415128872148486
74.0827,-0.415961688450139
74.0973,0.0104634290517822
74.1372,0.0461732186022914
74.1497,-0.0503750802682674
74.174,-0.215276220271107
74.1777,0.166341772439495
74.215,-0.0863163012596857
74.3331,-0.277522876963616
74.4199,0.159648778167153
74.5092,0.0408747721895111
74.5196,-0.0788734216551319
74.6357,-0.00717204894928614
74.7093,0.179457785477211
74.7156,-0.0280223796507073
74.7344,0.0555309639737374
74.7359,0.171445601802688
74.7497,-0.076596393778317
74.7977,0.1191790396024
74.8056,0.145710011829337
74.8502,-0.424011380681904
74.9728,0.136336930245676
75.005,-0.359525481245143
75.0179,-0.429499503335066
75.0231,-0.214136499224637
75.1151,0.16196373684113
75.125,-0.206491610175874
75.1252,-0.339579244968775
75.1294,0.117497108265539
75.1697,-0.424254088120506
75.2253,0.161606684249222
75.2588,-0.301926795637428
75.3009,0.178710262336409
75.3262,0.0595027169331388
75.3475,0.0715374142760794
75.384,0.140645003519936
75.4236,0.0970106311243057
75.4262,-0.227072034726476
75.4986,0.0174484416983063
75.5214,-0.315595398302392
75.5592,0.0891118342666033
75.5695,0.0318248823409846
75.6615,0.158888329466052
75.6616,-0.440051538031582
75.6966,0.040518552664409
75.6988,-0.246573277409283
75.7425,0.0783594301792476
75.7905,0.189844787663304
75.8121,0.106720483453813
75.8327,-0.334374854794092
75.8467,-0.0876309746480786
75.8821,-0.0103747576585107
75.907,-0.42211445951871
75.9122,0.0293658036411983
75.9487,0.177107440726502
75.9492,0.0556518916220625
76.0042,-0.450352727217975
76.0149,0.0277022402183746
76.0433,-0.122168904729449
76.0766,-0.135745892062189
76.1039,0.100686133315463
76.1557,0.0197194105548562
76.1561,0.172521751130091
76.2173,0.185729326130343
76.2197,-0.400676924515409
76.2582,0.191130290868443
76.2632,-0.398807801616655
76.3508,0.11123599986901
76.3514,-0.167171559460343
76.4629,0.0537133804704553
76.4682,0.093077970418932
76.5276,0.1925069533509
76.5308,-0.290417246456599
76.5598,-0.342489301595222
76.5864,-0.396222202079286
76.6016,0.0820299665949733
76.6847,-0.457403796458067
76.6918,0.130703396112011
76.7116,-0.443649783560389
76.7712,-0.154159253918422
76.7774,-0.298206568371597
76.7909,0.135180630163077
76.8634,0.0315450364804661
76.8712,-0.0239054968101726
76.8981,0.0965930530096699
76.9169,-0.0928081303890593
76.9706,-0.312267675710899
76.9721,-0.449285194872274
77.0094,-0.363126678328086
77.0264,0.194227023072344
77.09,0.166816253788923
77.1119,-0.382571386170582
77.1174,0.180352958481265
77.1219,0.141557616796035
77.1699,-0.000518513749369731
77.2393,-0.442916407539826
77.2527,0.0913879838650189
77.2936,0.145933555916542
77.3605,-0.0360573455274675
77.398,0.0678004353882216
77.4006,0.147540736448519
77.423,0.197239648062379
77.4451,-0.071487446939301
77.455,-0.206349214378264
77.4678,0.152878742019382
77.4765,-0.202432213015925
77.4839,-0.0763560557844585
77.4884,-0.0617969474358091
77.5607,-0.294695929614534
77.5746,0.164666750587614
77.6543,0.0478667176179357
77.6573,-0.41389126816172
77.7027,-0.253816413671686
77.7033,-0.463650039569487
77.7233,-0.341642458684689
77.7974,0.0164377443937553
77.8225,-0.0710467947125153
77.8652,-0.457727353126174
77.8713,-0.12007809423325
77.8889,-0.405274478107259
77.9208,-0.462725659591683
77.973,-0.1943348332683
77.9908,-0.306399803727885
78.0925,0.028801087014017
78.1515,0.0773819276996051
78.1607,0.0312722440199167
78.1639,-0.411837015340822
78.1951,-0.0883174576364496
78.2131,0.127674313742816
78.2196,-0.145977957027554
78.2338,-0.0333871627127422
78.2551,0.18055292428491
78.339,0.179880890660158
78.361,0.0351228943145685
78.4391,-0.107951144564936
78.5407,-0.400609133710802
78.588,-0.364784729623608
78.6788,0.194300048750549
78.6917,-0.30097473317845
78.7137,0.0615548146944604
78.7473,0.0703883350889356
78.8107,-0.0189614675244059
78.811,0.0320569253244685
78.8458,-0.424977006133048
78.8547,0.118455312765619
78.875,0.198108695686159
78.8761,0.198655020677919
78.8848,-0.0908713395566139
78.9712,-0.367228316683907
79.038,0.0615969747405387
79.0847,-0.435952650576866
79.1633,0.201587898911711
79.1958,-0.48173773339056
79.1992,-0.0656889835800314
79.2681,-0.106792846855129
79.2726,0.114212574894594
79.4343,-0.0147186835290256
79.4808,-0.272394155480356
79.5196,-0.309922678829921
79.6195,-0.419609157958277
79.6286,0.0741002310666801
79.6329,-0.434091548793234
79.6545,-0.246232252810259
79.6643,-0.347134927033622
79.696,-0.416115201780741
79.7625,0.117329592383683
79.7871,0.151185077942458
79.8748,0.11302978944326
79.9282,-0.486409817936519
79.941,0.141704290201901
79.9789,0.152579591303422
79.9872,-0.445453027671206
80.0009,-0.245662692110727
80.0537,0.199828271920765
80.0679,-0.0186692758788922
80.073,0.0804534716758241
80.0744,0.060206992150583
80.0788,-0.268457090336014
80.1435,-0.0383298129135312
80.1763,0.132855536556107
80.1936,0.169744057900459
80.2213,-0.472044512006377
80.261,0.172327018267666
80.2952,-0.490416999845749
80.3638,0.215357398330084
80.3763,0.158623550191066
80.3803,0.143746523698823
80.3895,-0.355991215360405
80.453,-0.470147656271294
80.4555,0.159128948989178
80.528,-0.466756427663427
80.5295,-0.482082263706374
80.6698,-0.491692887668563
80.6806,0.216250221899315
80.6907,0.0735883375096194
80.8114,-0.364648808628132
80.8388,0.0852208820550828
80.9119,-0.496920065244893
80.9456,-0.480771241813315
81.0227,-0.35375161361344
81.0346,0.207886018774161
81.0413,-0.313374496989852
81.1547,-0.266364639392776
81.1905,0.215711036905617
81.193,0.0332097313448827
81.2117,-0.276525974544583
81.2243,0.126743450562515
81.2265,0.193479853487077
81.2351,-0.445187992564399
81.2355,-0.0838832504323221
81.2643,0.209828091082343
81.2794,-0.40938338446513
81.2908,0.216251481329138
81.3029,-0.0899542215676234
81.3065,0.014462911821397
81.3112,-0.354424848273354
81.356,0.0921456203301574
81.3882,0.0473452926767379
81.3936,-0.0364174232071548
81.4795,0.0340972298366609
81.5153,0.0157234690737482
81.5158,-0.173845474840178
81.5375,-0.467796998620955
81.5567,0.209977222851123
81.5644,-0.150101914580617
81.5936,0.086208543448393
81.6543,0.0429018585380305
81.6573,0.0531947661865786
81.6946,0.155102796087164
81.699,-0.0309476639365869
81.7242,0.144634654527792
81.7898,-0.465369439545199
81.7998,-0.0288114319367025
81.8077,0.217806763362859
81.851,0.103579637563342
81.8665,-0.442890774483686
81.8733,-0.0203128902645631
81.8786,0.227280936827711
81.8801,-0.0617291447500605
81.8826,-0.00597301961521168
81.9337,-0.307462006207274
81.9828,-0.50502341338391
81.9892,0.228244193890887
81.9982,0.0528556334287913
81.9995,-0.478482314711243
82.0177,0.16838447617846
82.0181,0.191899131678824
82.0311,-0.474602897233495
82.0611,0.162020432974018
82.108,0.212141194205756
82.1215,0.207293846542385
82.1535,-0.230622217876245
82.1704,-0.133215968041611
82.1747,0.0553189261367919
82.203,-0.350774213501438
82.2286,-0.0386321770333922
82.2746,-0.156061367308709
82.297,0.0309910818499048
82.3539,-0.485445305483566
82.3635,-0.365687602436182
82.3647,0.221605408489509
82.3735,0.0139336257250022
82.3948,0.0334163390197091
82.3954,-0.352543264525067
82.465,-0.385576623649868
82.4758,-0.442545433278241
82.5411,0.00373781991437738
82.5461,-0.494455700282785
82.6031,0.197616097781435
82.6315,-0.0991230195408122
82.6961,0.0329877226849646
82.7178,-0.35268405589666
82.7323,0.0653351763896666
82.7527,0.109242810470747
82.8471,-0.183987908332725
82.8628,0.00700462474243579
82.8746,0.121733743190788
82.9533,0.207169905006808
83.0109,0.0294364562048912
83.012,-0.29011146120331
83.0271,0.0460948505271688
83.0376,-0.506524588785425
83.0387,-0.519275364648038
83.0509,-0.496349758479099
83.1097,-0.341769913318785
83.1443,-0.351221468621816
83.1487,0.229065701086512
83.249,-0.238002239003805
83.2663,0.16843272705708
83.2732,0.033720549756822
83.3308,-0.47410361752118
83.4714,-0.426940304461965
83.5641,-0.20325447444317
83.6202,-0.497360953826757
83.7848,-0.430997708633186
83.8194,0.186613036908682
83.8384,-0.13846492404123
83.8657,0.229579156066904
83.8816,0.209563835163735
83.9302,0.193334468129834
83.9687,-0.182362314718091
84.0694,-0.52812833669185
84.1135,-0.236895936058716
84.133,0.0415007005022119
84.1792,-0.467766184927683
84.1848,0.176111864132864
84.3294,-0.084504462454305
84.3558,-0.523080231383702
84.3692,-0.533522611725161
84.3754,0.188304317236444
84.4009,-0.332989967029604
84.409,0.242815840075195
84.4626,-0.271540456109761
84.4725,0.0113077565049053
84.4755,-0.519042673833155
84.5165,-0.448094017115167
84.5305,-0.508103853957039
84.628,-0.305699202773212
84.6583,0.246265021623458
84.6836,0.205972439734225
84.6867,0.0473485147353898
84.7321,0.233958737381016
84.8242,0.0727245252286224
84.8517,0.052422268158054
84.8846,0.0512853266546216
84.8933,0.244881741575654
84.9132,0.19795541698717
84.9762,0.0354112236484809
84.9822,-0.147466804765571
84.9866,0.0812700962593595
85.0068,-0.461843766282144
85.0592,-0.495696753686403
85.0896,-0.479665860136564
85.1724,0.0215257733804037
85.1784,-0.509378559033053
85.2466,0.0324441104835955
85.2784,-0.190945097950234
85.3646,-0.299749063984635
85.4088,0.249932210822621
85.4382,-0.546746959532811
85.4756,0.0402781943836459
85.5242,-0.40428504103869
85.5614,-0.0734421613298224
85.5838,0.0365222012133728
85.651,0.0511705924646719
85.6511,0.14472168516447
85.6581,-0.288547360636102
85.6638,0.247738714449596
85.7053,0.0375601387622879
85.7111,-0.298340107653189
85.7133,-0.206659242848062
85.7153,0.0428855988039771
85.7444,-0.46975179664436
85.8576,-0.274212744139604
85.8625,0.0889316889528402
85.8713,0.139500030652073
86.0585,0.0796663546334315
86.0614,-0.238785506003168
86.0718,0.04419967493439
86.0803,-0.3524917898811
86.1052,-0.031834881440119
86.1105,0.0351293562172543
86.2087,0.0789062441948545
86.2184,0.0374518872792322
86.3105,0.256292680816145
86.3122,-0.268577274861272
86.3148,-0.178037046927571
86.369,-0.140850477451551
86.4063,-0.499821292533753
86.4269,-0.0634165986672883
86.4519,-0.384865410894804
86.4579,-0.107152817001577
86.4688,0.219877492247178
86.4826,-0.25057482425899
86.501,-0.554366112645539
86.5394,-0.485573705114774
86.5968,-0.535458139162415
86.6511,-0.28127656220245
86.7337,0.0436113174841921
86.7539,-0.557076648967097
86.7727,-0.000742345815254453
86.8487,-0.562488759432284
86.8524,-0.21995726152997
86.8823,0.252252707345633
86.932,0.0704803055419916
86.955,0.263580212933206
86.9713,-0.474391433047273
86.9887,-0.030280750575244
87.0089,-0.564573288510132
87.0128,-0.486346780231969
87.0278,-0.451515037298066
87.029,-0.560909156202825
87.0387,-0.243932696889402
87.0827,0.0983243071173376
87.0899,0.238807151571663
87.0976,-0.188825096578967
87.1024,0.0548697456565463
87.127,-0.447918625412214
87.1992,0.254412085892241
87.2303,-0.0443719160506646
87.2482,-0.391783597835243
87.2655,0.177567662942849
87.3078,-0.511253942379071
87.3088,-0.180706949371384
87.3515,0.00302036305487263
87.3647,-0.283001760603241
87.4723,0.0485046989348206
87.4917,0.00113545182772157
87.5353,0.0638233803764052
87.571,-0.555493335790132
87.6101,0.069686307450624
87.6513,-0.0298055516463336
87.672,0.268703308938854
87.6812,0.0371869128347555
87.6891,-0.418980367036497
87.7521,-0.524685281562284
87.7642,-0.376623606535532
87.765,-0.01701728260187
87.8052,-0.55378727021133
87.83,0.0289153897514751
87.88,0.253889513449209
87.9363,0.141840823675722
87.9657,-0.411581691320436
88.0031,-0.550188033803067
88.0072,-0.518113076650863
88.0605,0.257881006259709
88.071,0.138993158902849
88.0726,-0.453446695831801
88.0838,0.24860159822606
88.1243,0.0201374719063665
88.1875,-0.466911882318314
88.3446,0.26045084641585
88.3734,-0.0739294603402101
88.3876,0.183467183218951
88.388,-0.102520762861502
88.4375,-0.542697879483029
88.4873,-0.374866506904198
88.5395,0.0544464573182637
88.5691,0.118147066307912
88.5816,0.249594756557016
88.6124,0.0819793675582758
88.626,-0.380354290753516
88.6736,-0.580879938025873
88.6753,0.275538011265425
88.6763,0.0365209868822944
88.6869,0.235167360304189
88.6937,0.238195662118713
88.7103,0.0334555489521478
88.7136,0.113026375178038
88.7174,0.0705507051326464
88.7651,-0.34694906776997
88.7687,-0.0425802006349301
88.7795,0.25420451777822
88.7856,0.0639335081594936
88.835,0.256530080586813
88.9277,0.256132549166807
88.9373,0.170619390006721
88.9789,-0.511167873041103
88.9927,-0.575232608681205
89.0372,0.13513870038075
89.0495,-0.440685452075456
89.1025,0.252052799664995
89.109,0.260145720431012
89.1123,0.0297377236910705
89.1914,-0.219816331742564
89.1955,0.122578959986981
89.2062,0.273743460371051
89.2364,-0.485894784365968
89.3402,0.025163279816141
89.3502,0.212825985729111
89.4069,0.0293690653528245
89.458,0.0389342491855444
89.4681,0.0350304874161509
89.5224,0.263499618594352
89.561,-0.290972813291546
89.6126,0.0378597079510143
89.6138,0.228832518278949
89.6455,-0.47695412726074
89.6495,0.0913389849037856
89.6624,0.243163317104191
89.7625,-0.569225162258988
89.8356,-0.591573337182794
89.8552,-0.276070732508614
89.8877,0.26409721612778
89.8979,-0.0395806186681114
89.8985,0.0357584346959641
89.9475,-0.301541095856692
89.9819,0.085778379065431
89.9996,0.126421171904937
90.0015,-0.573145395835212
90.126,-0.578674794212333
90.2028,-0.237804032113729
90.2068,-0.322981554758101
90.2127,-0.582379426158255
90.2179,-0.595627130423154
90.2498,0.125808364782927
90.262,0.27685967681991
90.2782,0.0133276163547151
90.2956,0.261100398917435
90.3506,-0.330725177067052
90.3523,0.238604789142229
90.3561,0.28238847214925
90.368,0.17364635461567
90.3871,0.00571128915252928
90.4169,0.117401576604664
90.4658,-0.198569722712193
90.4907,-0.290721418543285
90.5452,-0.0803185232190629
90.5514,-0.494812729023622
90.5945,0.190992054676329
90.6901,0.00239179705279469
90.6912,0.0396380718038785
90.7134,-0.012528520355616
90.7435,-0.174682665928401
90.7653,-0.548575195478705
90.834,0.0165907543845236
90.8805,-0.248755546847363
90.8875,0.290725999511906
90.8927,-0.595303316128593
90.905,0.271651996263216
90.9677,0.245286594663469
91.0433,0.0803779252119767
91.0728,-0.0471293287473316
91.081,-0.603855588012109
91.0933,-0.392739679418057
91.1618,-0.00627089648584445
91.1871,0.0451483621970823
91.2049,-0.609740417977548
91.2095,-0.0240771157746167
91.2395,-0.136234491632919
91.2578,0.179098151085938
91.2658,0.281722271622826
91.271,0.269474795627161
91.3339,-0.245845390268769
91.3466,0.27875976615276
91.3531,0.295985019497223
91.3555,0.286470893405166
91.3573,-0.208247688020009
91.3779,0.0381373574048922
91.3891,0.24430338796715
91.3921,-0.19386140282235
91.4052,-0.468805127888317
91.4349,-0.108789055185525
91.4464,-0.295383544136811
91.4568,0.0461377657838966
91.4963,0.218020976298149
91.5034,0.0148736873219093
91.5072,-0.26852030779078
91.517,0.293578553720806
91.5414,0.297345679613059
91.5534,0.292188439374897
91.6442,-0.510973169042785
91.6819,-0.0499128678534078
91.6956,-0.403286095849396
91.6975,0.0384892556495373
91.706,-0.602652830132257
91.723,0.0488286269124956
91.7554,0.281357816627448
91.77,0.285672802486587
91.7778,-0.518370679737288
91.7819,-0.459526289501838
91.8179,-0.615420627017556
91.8239,-0.394172050098334
91.84,0.210782288537388
91.8717,0.273042171981515
91.8776,-0.327785397775457
91.9001,0.300796010405676
91.9194,-0.516472319989475
91.9265,0.295643762843468
91.9545,-0.577104486071732
91.9834,-0.599019574808139
91.9839,-0.154262383833597
91.986,-0.617331972015535
92.0649,0.220107051882209
92.0757,-0.618190012659483
92.0955,0.0587492930312976
92.1418,-0.375205176847146
92.1422,-0.0486900269706751
92.1451,0.264857740089695
92.1625,-0.0277715306763753
92.165,-0.21533363137948
92.168,0.0113312867300834
92.1917,0.013423150187279
92.2203,0.289528952623215
92.2581,-0.606060773114905
92.3011,0.00165675360148043
92.3366,0.151307034514048
92.3595,0.251315941605782
92.3838,0.295167047500328
92.3973,-0.278847920076245
92.4184,0.118362484736707
92.4243,-0.621373518340221
92.4478,-0.375172375659986
92.515,-0.564620400550012
92.5368,0.277869236283394
92.6039,-0.286112401638434
92.6199,0.257292947998437
92.6353,0.298704801817294
92.6518,-0.625602587931411
92.6631,-0.31009054467448
92.6973,-0.585451195433194
92.7993,0.258782167900833
92.8863,-0.490903897855489
92.9091,0.206910794534465
92.9254,-0.204698054009512
92.9667,0.00983361981164421
92.9809,-0.50552212911856
92.9919,0.283633617754546
93.0146,0.212470225108376
93.0615,0.30361798701297
93.0649,0.302190110382028
93.0748,-0.439808410212748
93.0803,0.310809534438434
93.105,-0.296421590474225
93.1765,-0.0299583003213542
93.1875,0.233909796878635
93.1932,-0.539060005542055
93.2202,0.0412728286877524
93.2439,0.278659466162722
93.2476,0.235804537509637
93.2605,-0.505499363247992
93.2697,-0.223971502125934
93.2711,0.300580376130185
93.2938,0.279608036208501
93.315,0.202817849945774
93.3357,-0.0653447986299653
93.3381,0.0347566113715914
93.3785,-0.632300794245367
93.3849,0.188923981227887
93.4189,-0.547618575354278
93.4273,-0.630703834191735
93.4343,0.305394809902381
93.4404,0.0845770057108837
93.4638,0.212071859224054
93.4777,0.239592496577018
93.5135,0.303984592507987
93.553,0.0334383410455388
93.5642,-0.27368373515452
93.6414,-0.0706797317412224
93.6786,-0.640784107426256
93.6792,-0.589694024748596
93.7312,-0.213616726621609
93.7583,-0.548710971348143
93.7592,0.0513969845297311
93.7693,-0.00296913464694626
93.8058,0.274955140630581
93.8245,0.313536631897591
93.8414,-0.0728186124742365
93.8423,-0.04479905146259
93.8972,-0.584269316205763
93.9082,0.0666712122758923
93.9129,-0.523615633622555
93.9165,0.0976284163724017
93.9472,-0.231675099645699
93.9917,-0.368692298967559
94.0196,-0.497736193553507
94.0344,-0.18424969597865
94.0715,-0.239187308252582
94.0996,-0.0276912251282937
94.1013,-0.521438842129442
94.1065,-0.42595612733281
94.1282,-0.0926508317786698
94.1303,0.0182983824195446
94.1399,0.30798872086342
94.1755,0.0665517517771406
94.1964,0.24356595225791
94.3365,-0.352004608299382
94.4169,0.0789464419610368
94.4468,-0.599155035948542
94.4586,-0.615254821693028
94.4732,0.0210632506572637
94.5131,0.264954089386435
94.5308,-0.631907899799018
94.5875,0.178050956681773
94.5926,0.166879207465314
94.5932,-0.094757781877945
94.5943,-0.517235827709968
94.6015,0.267753995851123
94.6485,0.29056629844095
94.6723,-0.252540332751565
94.6794,0.216965525531677
94.6832,0.113992335151465
94.6841,0.0376068832893566
94.742,-0.536354060669964
94.7572,0.207903420956626
94.7742,-0.627629727946712
94.7979,0.101429810354986
94.8215,0.31061148414021
94.8265,-0.631287982005645
94.8408,-0.262669067903715
94.8576,0.0376507890760251
94.8584,0.0551190497921255
94.8666,0.0540345082068114
94.9266,-0.177730559576688
94.9273,0.192798531446925
94.9794,-0.473401756619637
94.9876,0.264928056025383
95.006,0.0435575095850993
95.0215,0.0120433722242694
95.0424,-0.653103394339908
95.0574,0.204558127648014
95.084,-0.073203187011103
95.0966,-0.655873688095426
95.1129,0.325699834911546
95.1207,0.317774580272385
95.1277,-0.281838120768938
95.1298,0.272172432846233
95.1442,0.295710220972381
95.2055,-0.657192503856891
95.2456,-0.650810540455467
95.2459,-0.607122873381797
95.307,-0.65073697010078
95.3375,-0.125050801016272
95.3468,-0.351536719438528
95.3865,-0.257268500932327
95.3955,-0.545879696207962
95.4255,0.110121406797262
95.4697,-0.445783299010643
95.4881,-0.660268962879556
95.4978,0.136758090093167
95.5053,0.114212882736126
95.52,0.146663701711844
95.5217,-0.375705325878329
95.5712,0.0741693126216774
95.5798,0.202084598886373
95.6785,-0.36233275927097
95.7668,-0.550135526875053
95.7699,0.00286387005800748
95.77,-0.652941410562875
95.8123,-0.110450955064593
95.8442,0.0371585856111096
95.8493,0.115519897690348
95.9221,-0.0557204541712935
96.106,-0.292711040122299
96.1105,0.257589971579037
96.1201,0.0792831203334714
96.1484,-0.553816684590728
96.1489,0.205190415856464
96.1513,0.153463638634491
96.1753,-0.325388704699236
96.1999,0.237194418075802
96.2046,-0.0547696906433117
96.2109,0.30238684326261
96.2963,0.0769643789653287
96.3214,0.256180732697928
96.3348,-0.138974727284207
96.3406,-0.640964286551267
96.3682,0.027248478009966
96.3843,0.333250533305957
96.3949,0.178226311392592
96.4144,-0.390999502151203
96.4178,0.0411189181489675
96.4326,0.257757751568064
96.4342,-0.434056944445061
96.4459,0.333508498805088
96.4643,0.101191373895119
96.4999,-0.273441037328254
96.5005,0.160562284930407
96.5061,0.0506801791728577
96.5458,0.220313278710051
96.5546,-0.670024289976922
96.5558,-0.0953830574765249
96.5641,0.0287854829121272
96.5845,0.0304268491885011
96.6587,-0.674815633650738
96.7125,0.230587928673785
96.7629,-0.0425100109598162
96.7696,0.249665656961042
96.8189,-0.100896483931876
96.8359,-0.000594698856872355
96.8608,-0.644173827317289
96.8927,0.00433500186098001
96.9179,-0.0298319456300931
96.9297,-0.274873294871085
96.9621,0.331282799858158
96.9792,0.284336344865864
97.0402,0.044521690385352
97.0489,0.0460398438737712
97.0494,0.337237569829597
97.0585,-0.681153316316667
97.0853,0.275241234682952
97.1577,-0.555624712463029
97.179,0.25422477210266
97.1838,-0.363827564069254
97.2225,-0.532590339235966
97.2387,0.303070576265469
97.2424,-0.663827234756397
97.2504,-0.51783442994082
97.2585,-0.245369375758131
97.3479,-0.540870046897965
97.3734,0.159685360885192
97.4318,0.0759340440653204
97.4865,-0.639512473113186
97.5329,0.147853768758125
97.5481,-0.395704067905143
97.5546,0.229447584921104
97.5732,-0.669799996331761
97.6125,0.0246542811329817
97.6151,-0.162180303071295
97.6733,0.330247385743434
97.6805,-0.677825886487739
97.6882,-0.198329766600494
97.7077,-0.495006253942478
97.722,-0.600839517311073
97.7673,-0.686988689645091
97.8078,-0.681065282422139
97.8191,0.295757971860581
97.8658,0.149778492812317
97.872,0.141397514195631
97.8764,0.261580944409133
97.8853,0.101901366286427
97.8938,0.042363984723977
97.9702,-0.100221187532043
97.9911,0.32722239912286
98.1101,0.0334250419651738
98.1143,0.319167202656416
98.1183,-0.243645403810291
98.1662,-0.689452217005766
98.1678,0.349018169063299
98.1759,0.0979000480534751
98.1773,-0.673856950127814
98.1777,0.154170342619366
98.1857,0.00397896908121709
98.2283,0.129883081051403
98.2887,-0.414207063280642
98.2914,-0.557503577029976
98.3231,0.265981010311577
98.3369,-0.103922233718137
98.3703,-0.50915600939868
98.3911,-0.341890351456982
98.4028,-0.430059197203292
98.4088,0.266475668736248
98.4095,0.0509191532987074
98.4102,0.0617197214747591
98.4185,0.130165770736198
98.4274,0.015658704967322
98.4342,0.191692140864177
98.4781,-0.594186669456761
98.491,-0.441046914403685
98.5041,0.0418540905471758
98.5238,0.0778547353588834
98.5285,-0.0106090666687493
98.5987,0.262705479942056
98.6319,0.0803628981635853
98.6427,0.213263228009666
98.6534,-0.349103020537669
98.6678,-0.231809148475108
98.699,0.313550613130801
98.7342,0.160369757779705
98.758,-0.472187986231276
98.7641,-0.414931673132827
98.7981,0.353342497383096
98.8103,-0.332870998854645
98.817,-0.101278815329948
98.8308,-0.376805494050188
98.8976,0.311854709012138
98.9264,-0.658919404693691
99.0681,-0.523026941363142
99.0965,0.339948160662587
99.1519,0.105752768548172
99.1659,0.356243801317248
99.2079,0.326834468904721
99.2455,-0.393105726878915
99.2538,0.0886254648201401
99.2624,-0.440578632699811
99.2976,-0.422390128838273
99.3101,0.147927273101146
99.3231,0.351290190118803
99.3541,-0.704260886574886
99.3858,-0.699780852745803
99.3943,0.346813569215584
99.4158,-0.311715709115958
99.4486,-0.659340426521311
99.4595,-0.00785840387605674
99.4818,-0.264907736985933
99.5837,0.199459200995861
99.643,0.131410341193245
99.6433,-0.707125179579464
99.6467,-0.50764305672314
99.6607,0.282599877889353
99.665,-0.469949232501122
99.7239,0.321139621439599
99.7308,0.136351290102098
99.7384,0.263069054786399
99.7413,0.120920375141125
99.7589,-0.713245620388932
99.7817,0.0621245399985071
99.7961,-0.347140536316772
99.7985,0.100064080191174
99.8405,-0.256192306993611
99.8751,0.105192717075397
99.8755,0.343535453261723
99.9053,0.245213862072163
99.9111,0.128817602370148
99.9128,-0.0128897490463373
99.931,-0.400429477741824
99.9325,0.360613287177188
99.9822,0.0423022387271885
